track_id,n_obs,first_scene,last_scene,zones,n_distinct_vessels
0,3,S1A_IW_GRDH_1SDV_20220102T154141_20220102T154206_041284_04E832_rtc,S1A_IW_GRDH_1SDV_20220109T153354_20220109T153419_041386_04EBAB_rtc,[1],3
1,2,S1A_IW_GRDH_1SDV_20220102T154141_20220102T154206_041284_04E832_rtc,S1A_IW_GRDH_1SDV_20220103T034316_20220103T034341_041291_04E877_rtc,[1],2
2,1,S1A_IW_GRDH_1SDV_20220102T154141_20220102T154206_041284_04E832_rtc,S1A_IW_GRDH_1SDV_20220102T154141_20220102T154206_041284_04E832_rtc,[2],1
3,1,S1A_IW_GRDH_1SDV_20220102T154141_20220102T154206_041284_04E832_rtc,S1A_IW_GRDH_1SDV_20220102T154141_20220102T154206_041284_04E832_rtc,[1],1
4,1,S1A_IW_GRDH_1SDV_20220102T154141_20220102T154206_041284_04E832_rtc,S1A_IW_GRDH_1SDV_20220102T154141_20220102T154206_041284_04E832_rtc,[1],1
5,7,S1A_IW_GRDH_1SDV_20220102T154141_20220102T154206_041284_04E832_rtc,S1A_IW_GRDH_1SDV_20220114T154141_20220114T154206_041459_04EDF9_rtc,[1],7
6,1,S1A_IW_GRDH_1SDV_20220102T154141_20220102T154206_041284_04E832_rtc,S1A_IW_GRDH_1SDV_20220102T154141_20220102T154206_041284_04E832_rtc,[1],1
7,5,S1A_IW_GRDH_1SDV_20220102T154141_20220102T154206_041284_04E832_rtc,S1A_IW_GRDH_1SDV_20220114T154141_20220114T154206_041459_04EDF9_rtc,[1],5
8,7,S1A_IW_GRDH_1SDV_20220102T154141_20220102T154206_041284_04E832_rtc,S1A_IW_GRDH_1SDV_20220114T154141_20220114T154206_041459_04EDF9_rtc,"[1, 2]",7
9,3,S1A_IW_GRDH_1SDV_20220102T154141_20220102T154206_041284_04E832_rtc,S1A_IW_GRDH_1SDV_20220103T034316_20220103T034341_041291_04E877_rtc,[2],3
10,36,S1A_IW_GRDH_1SDV_20220102T154141_20220102T154206_041284_04E832_rtc,S1A_IW_GRDH_1SDV_20220415T153354_20220415T153419_042786_051B3E_rtc,[2],36
11,12,S1A_IW_GRDH_1SDV_20220102T154141_20220102T154206_041284_04E832_rtc,S1A_IW_GRDH_1SDV_20220121T153354_20220121T153419_041561_04F166_rtc,[2],12
12,1,S1A_IW_GRDH_1SDV_20220102T154141_20220102T154206_041284_04E832_rtc,S1A_IW_GRDH_1SDV_20220102T154141_20220102T154206_041284_04E832_rtc,[2],1
13,106,S1A_IW_GRDH_1SDV_20220102T154141_20220102T154206_041284_04E832_rtc,S1A_IW_GRDH_1SDV_20220521T153356_20220521T153421_043311_052C0C_rtc,[2],106
14,1,S1A_IW_GRDH_1SDV_20220102T154141_20220102T154206_041284_04E832_rtc,S1A_IW_GRDH_1SDV_20220102T154141_20220102T154206_041284_04E832_rtc,[2],1
15,1,S1A_IW_GRDH_1SDV_20220102T154141_20220102T154206_041284_04E832_rtc,S1A_IW_GRDH_1SDV_20220102T154141_20220102T154206_041284_04E832_rtc,[1],1
16,1,S1A_IW_GRDH_1SDV_20220102T154141_20220102T154206_041284_04E832_rtc,S1A_IW_GRDH_1SDV_20220102T154141_20220102T154206_041284_04E832_rtc,[1],1
17,4,S1A_IW_GRDH_1SDV_20220102T154141_20220102T154206_041284_04E832_rtc,S1A_IW_GRDH_1SDV_20220103T034316_20220103T034341_041291_04E877_rtc,[1],4
18,78,S1A_IW_GRDH_1SDV_20220102T154141_20220102T154206_041284_04E832_rtc,S1A_IW_GRDH_1SDV_20220502T154141_20220502T154206_043034_05236C_rtc,[2],78
19,66,S1A_IW_GRDH_1SDV_20220102T154141_20220102T154206_041284_04E832_rtc,S1A_IW_GRDH_1SDV_20220427T153354_20220427T153419_042961_0520FC_rtc,[2],66
20,4,S1A_IW_GRDH_1SDV_20220102T154141_20220102T154206_041284_04E832_rtc,S1A_IW_GRDH_1SDV_20220114T154141_20220114T154206_041459_04EDF9_rtc,[2],4
21,1,S1A_IW_GRDH_1SDV_20220102T154141_20220102T154206_041284_04E832_rtc,S1A_IW_GRDH_1SDV_20220102T154141_20220102T154206_041284_04E832_rtc,[2],1
22,1,S1A_IW_GRDH_1SDV_20220102T154141_20220102T154206_041284_04E832_rtc,S1A_IW_GRDH_1SDV_20220102T154141_20220102T154206_041284_04E832_rtc,[1],1
23,1,S1A_IW_GRDH_1SDV_20220102T154141_20220102T154206_041284_04E832_rtc,S1A_IW_GRDH_1SDV_20220102T154141_20220102T154206_041284_04E832_rtc,[1],1
24,1,S1A_IW_GRDH_1SDV_20220102T154141_20220102T154206_041284_04E832_rtc,S1A_IW_GRDH_1SDV_20220102T154141_20220102T154206_041284_04E832_rtc,[1],1
25,10,S1A_IW_GRDH_1SDV_20220102T154141_20220102T154206_041284_04E832_rtc,S1A_IW_GRDH_1SDV_20220114T154141_20220114T154206_041459_04EDF9_rtc,[1],10
26,2,S1A_IW_GRDH_1SDV_20220103T034316_20220103T034341_041291_04E877_rtc,S1A_IW_GRDH_1SDV_20220109T153354_20220109T153419_041386_04EBAB_rtc,[1],2
27,1,S1A_IW_GRDH_1SDV_20220103T034316_20220103T034341_041291_04E877_rtc,S1A_IW_GRDH_1SDV_20220103T034316_20220103T034341_041291_04E877_rtc,[1],1
28,1,S1A_IW_GRDH_1SDV_20220103T034316_20220103T034341_041291_04E877_rtc,S1A_IW_GRDH_1SDV_20220103T034316_20220103T034341_041291_04E877_rtc,[2],1
29,1,S1A_IW_GRDH_1SDV_20220103T034316_20220103T034341_041291_04E877_rtc,S1A_IW_GRDH_1SDV_20220103T034316_20220103T034341_041291_04E877_rtc,[2],1
30,10,S1A_IW_GRDH_1SDV_20220103T034316_20220103T034341_041291_04E877_rtc,S1A_IW_GRDH_1SDV_20220219T154140_20220219T154205_041984_050008_rtc,[2],10
31,1,S1A_IW_GRDH_1SDV_20220109T153354_20220109T153419_041386_04EBAB_rtc,S1A_IW_GRDH_1SDV_20220109T153354_20220109T153419_041386_04EBAB_rtc,[1],1
32,1,S1A_IW_GRDH_1SDV_20220109T153354_20220109T153419_041386_04EBAB_rtc,S1A_IW_GRDH_1SDV_20220109T153354_20220109T153419_041386_04EBAB_rtc,[1],1
33,1,S1A_IW_GRDH_1SDV_20220109T153354_20220109T153419_041386_04EBAB_rtc,S1A_IW_GRDH_1SDV_20220109T153354_20220109T153419_041386_04EBAB_rtc,[1],1
34,1,S1A_IW_GRDH_1SDV_20220109T153354_20220109T153419_041386_04EBAB_rtc,S1A_IW_GRDH_1SDV_20220109T153354_20220109T153419_041386_04EBAB_rtc,[2],1
35,1,S1A_IW_GRDH_1SDV_20220109T153354_20220109T153419_041386_04EBAB_rtc,S1A_IW_GRDH_1SDV_20220109T153354_20220109T153419_041386_04EBAB_rtc,[2],1
36,1,S1A_IW_GRDH_1SDV_20220109T153354_20220109T153419_041386_04EBAB_rtc,S1A_IW_GRDH_1SDV_20220109T153354_20220109T153419_041386_04EBAB_rtc,[1],1
37,1,S1A_IW_GRDH_1SDV_20220109T153354_20220109T153419_041386_04EBAB_rtc,S1A_IW_GRDH_1SDV_20220109T153354_20220109T153419_041386_04EBAB_rtc,[2],1
38,1,S1A_IW_GRDH_1SDV_20220109T153354_20220109T153419_041386_04EBAB_rtc,S1A_IW_GRDH_1SDV_20220109T153354_20220109T153419_041386_04EBAB_rtc,[2],1
39,6,S1A_IW_GRDH_1SDV_20220126T154140_20220126T154205_041634_04F3F4_rtc,S1A_IW_GRDH_1SDV_20220219T154140_20220219T154205_041984_050008_rtc,[1],6
40,7,S1A_IW_GRDH_1SDV_20220126T154140_20220126T154205_041634_04F3F4_rtc,S1A_IW_GRDH_1SDV_20220219T154140_20220219T154205_041984_050008_rtc,[1],7
41,1,S1A_IW_GRDH_1SDV_20220126T154140_20220126T154205_041634_04F3F4_rtc,S1A_IW_GRDH_1SDV_20220126T154140_20220126T154205_041634_04F3F4_rtc,[1],1
42,1,S1A_IW_GRDH_1SDV_20220126T154140_20220126T154205_041634_04F3F4_rtc,S1A_IW_GRDH_1SDV_20220126T154140_20220126T154205_041634_04F3F4_rtc,[1],1
43,7,S1A_IW_GRDH_1SDV_20220126T154140_20220126T154205_041634_04F3F4_rtc,S1A_IW_GRDH_1SDV_20220219T154140_20220219T154205_041984_050008_rtc,[1],7
44,3,S1A_IW_GRDH_1SDV_20220126T154140_20220126T154205_041634_04F3F4_rtc,S1A_IW_GRDH_1SDV_20220207T154140_20220207T154205_041809_04F9F3_rtc,"[1, 2]",3
45,1,S1A_IW_GRDH_1SDV_20220126T154140_20220126T154205_041634_04F3F4_rtc,S1A_IW_GRDH_1SDV_20220126T154140_20220126T154205_041634_04F3F4_rtc,[1],1
46,11,S1A_IW_GRDH_1SDV_20220126T154140_20220126T154205_041634_04F3F4_rtc,S1A_IW_GRDH_1SDV_20220303T154139_20220303T154204_042159_050601_rtc,[1],11
47,1,S1A_IW_GRDH_1SDV_20220126T154140_20220126T154205_041634_04F3F4_rtc,S1A_IW_GRDH_1SDV_20220126T154140_20220126T154205_041634_04F3F4_rtc,[2],1
48,8,S1A_IW_GRDH_1SDV_20220126T154140_20220126T154205_041634_04F3F4_rtc,S1A_IW_GRDH_1SDV_20220219T154140_20220219T154205_041984_050008_rtc,[1],8
49,10,S1A_IW_GRDH_1SDV_20220126T154140_20220126T154205_041634_04F3F4_rtc,S1A_IW_GRDH_1SDV_20220219T154140_20220219T154205_041984_050008_rtc,[1],10
50,1,S1A_IW_GRDH_1SDV_20220126T154140_20220126T154205_041634_04F3F4_rtc,S1A_IW_GRDH_1SDV_20220126T154140_20220126T154205_041634_04F3F4_rtc,[1],1
51,2,S1A_IW_GRDH_1SDV_20220126T154140_20220126T154205_041634_04F3F4_rtc,S1A_IW_GRDH_1SDV_20220202T153353_20220202T153418_041736_04F764_rtc,[1],2
52,3,S1A_IW_GRDH_1SDV_20220126T154140_20220126T154205_041634_04F3F4_rtc,S1A_IW_GRDH_1SDV_20220202T153353_20220202T153418_041736_04F764_rtc,"[1, 2]",3
53,1,S1A_IW_GRDH_1SDV_20220126T154140_20220126T154205_041634_04F3F4_rtc,S1A_IW_GRDH_1SDV_20220126T154140_20220126T154205_041634_04F3F4_rtc,[1],1
54,1,S1A_IW_GRDH_1SDV_20220202T153353_20220202T153418_041736_04F764_rtc,S1A_IW_GRDH_1SDV_20220202T153353_20220202T153418_041736_04F764_rtc,[2],1
55,1,S1A_IW_GRDH_1SDV_20220202T153353_20220202T153418_041736_04F764_rtc,S1A_IW_GRDH_1SDV_20220202T153353_20220202T153418_041736_04F764_rtc,[2],1
56,1,S1A_IW_GRDH_1SDV_20220202T153353_20220202T153418_041736_04F764_rtc,S1A_IW_GRDH_1SDV_20220202T153353_20220202T153418_041736_04F764_rtc,[2],1
57,1,S1A_IW_GRDH_1SDV_20220202T153353_20220202T153418_041736_04F764_rtc,S1A_IW_GRDH_1SDV_20220202T153353_20220202T153418_041736_04F764_rtc,[2],1
58,4,S1A_IW_GRDH_1SDV_20220202T153353_20220202T153418_041736_04F764_rtc,S1A_IW_GRDH_1SDV_20220214T153353_20220214T153418_041911_04FD80_rtc,[2],4
59,1,S1A_IW_GRDH_1SDV_20220207T154140_20220207T154205_041809_04F9F3_rtc,S1A_IW_GRDH_1SDV_20220207T154140_20220207T154205_041809_04F9F3_rtc,[0],1
60,1,S1A_IW_GRDH_1SDV_20220207T154140_20220207T154205_041809_04F9F3_rtc,S1A_IW_GRDH_1SDV_20220207T154140_20220207T154205_041809_04F9F3_rtc,[0],1
61,1,S1A_IW_GRDH_1SDV_20220207T154140_20220207T154205_041809_04F9F3_rtc,S1A_IW_GRDH_1SDV_20220207T154140_20220207T154205_041809_04F9F3_rtc,[1],1
62,1,S1A_IW_GRDH_1SDV_20220207T154140_20220207T154205_041809_04F9F3_rtc,S1A_IW_GRDH_1SDV_20220207T154140_20220207T154205_041809_04F9F3_rtc,[1],1
63,1,S1A_IW_GRDH_1SDV_20220207T154140_20220207T154205_041809_04F9F3_rtc,S1A_IW_GRDH_1SDV_20220207T154140_20220207T154205_041809_04F9F3_rtc,[1],1
64,2,S1A_IW_GRDH_1SDV_20220214T153353_20220214T153418_041911_04FD80_rtc,S1A_IW_GRDH_1SDV_20220219T154140_20220219T154205_041984_050008_rtc,[2],2
65,1,S1A_IW_GRDH_1SDV_20220226T153353_20220226T153418_042086_050385_rtc,S1A_IW_GRDH_1SDV_20220226T153353_20220226T153418_042086_050385_rtc,[1],1
66,1,S1A_IW_GRDH_1SDV_20220226T153353_20220226T153418_042086_050385_rtc,S1A_IW_GRDH_1SDV_20220226T153353_20220226T153418_042086_050385_rtc,[1],1
67,1,S1A_IW_GRDH_1SDV_20220226T153353_20220226T153418_042086_050385_rtc,S1A_IW_GRDH_1SDV_20220226T153353_20220226T153418_042086_050385_rtc,[2],1
68,2,S1A_IW_GRDH_1SDV_20220303T154139_20220303T154204_042159_050601_rtc,S1A_IW_GRDH_1SDV_20220304T034314_20220304T034339_042166_050642_rtc,[1],2
69,1,S1A_IW_GRDH_1SDV_20220303T154139_20220303T154204_042159_050601_rtc,S1A_IW_GRDH_1SDV_20220303T154139_20220303T154204_042159_050601_rtc,[1],1
70,1,S1A_IW_GRDH_1SDV_20220303T154139_20220303T154204_042159_050601_rtc,S1A_IW_GRDH_1SDV_20220303T154139_20220303T154204_042159_050601_rtc,[1],1
71,1,S1A_IW_GRDH_1SDV_20220303T154139_20220303T154204_042159_050601_rtc,S1A_IW_GRDH_1SDV_20220303T154139_20220303T154204_042159_050601_rtc,[1],1
72,1,S1A_IW_GRDH_1SDV_20220303T154139_20220303T154204_042159_050601_rtc,S1A_IW_GRDH_1SDV_20220303T154139_20220303T154204_042159_050601_rtc,[1],1
73,1,S1A_IW_GRDH_1SDV_20220303T154139_20220303T154204_042159_050601_rtc,S1A_IW_GRDH_1SDV_20220303T154139_20220303T154204_042159_050601_rtc,[1],1
74,3,S1A_IW_GRDH_1SDV_20220303T154139_20220303T154204_042159_050601_rtc,S1A_IW_GRDH_1SDV_20220304T034314_20220304T034339_042166_050642_rtc,[1],3
75,2,S1A_IW_GRDH_1SDV_20220303T154139_20220303T154204_042159_050601_rtc,S1A_IW_GRDH_1SDV_20220304T034314_20220304T034339_042166_050642_rtc,[1],2
76,1,S1A_IW_GRDH_1SDV_20220303T154139_20220303T154204_042159_050601_rtc,S1A_IW_GRDH_1SDV_20220303T154139_20220303T154204_042159_050601_rtc,[2],1
77,3,S1A_IW_GRDH_1SDV_20220303T154139_20220303T154204_042159_050601_rtc,S1A_IW_GRDH_1SDV_20220304T034314_20220304T034339_042166_050642_rtc,"[1, 2]",3
78,2,S1A_IW_GRDH_1SDV_20220303T154139_20220303T154204_042159_050601_rtc,S1A_IW_GRDH_1SDV_20220304T034314_20220304T034339_042166_050642_rtc,[1],2
79,1,S1A_IW_GRDH_1SDV_20220303T154139_20220303T154204_042159_050601_rtc,S1A_IW_GRDH_1SDV_20220303T154139_20220303T154204_042159_050601_rtc,[1],1
80,4,S1A_IW_GRDH_1SDV_20220303T154139_20220303T154204_042159_050601_rtc,S1A_IW_GRDH_1SDV_20220304T034314_20220304T034339_042166_050642_rtc,[1],4
81,1,S1A_IW_GRDH_1SDV_20220303T154139_20220303T154204_042159_050601_rtc,S1A_IW_GRDH_1SDV_20220303T154139_20220303T154204_042159_050601_rtc,[2],1
82,1,S1A_IW_GRDH_1SDV_20220303T154139_20220303T154204_042159_050601_rtc,S1A_IW_GRDH_1SDV_20220303T154139_20220303T154204_042159_050601_rtc,[1],1
83,1,S1A_IW_GRDH_1SDV_20220303T154139_20220303T154204_042159_050601_rtc,S1A_IW_GRDH_1SDV_20220303T154139_20220303T154204_042159_050601_rtc,[2],1
84,1,S1A_IW_GRDH_1SDV_20220303T154139_20220303T154204_042159_050601_rtc,S1A_IW_GRDH_1SDV_20220303T154139_20220303T154204_042159_050601_rtc,[1],1
85,1,S1A_IW_GRDH_1SDV_20220303T154139_20220303T154204_042159_050601_rtc,S1A_IW_GRDH_1SDV_20220303T154139_20220303T154204_042159_050601_rtc,[1],1
86,1,S1A_IW_GRDH_1SDV_20220303T154139_20220303T154204_042159_050601_rtc,S1A_IW_GRDH_1SDV_20220303T154139_20220303T154204_042159_050601_rtc,[1],1
87,1,S1A_IW_GRDH_1SDV_20220303T154139_20220303T154204_042159_050601_rtc,S1A_IW_GRDH_1SDV_20220303T154139_20220303T154204_042159_050601_rtc,[1],1
88,1,S1A_IW_GRDH_1SDV_20220303T154139_20220303T154204_042159_050601_rtc,S1A_IW_GRDH_1SDV_20220303T154139_20220303T154204_042159_050601_rtc,[1],1
89,1,S1A_IW_GRDH_1SDV_20220303T154139_20220303T154204_042159_050601_rtc,S1A_IW_GRDH_1SDV_20220303T154139_20220303T154204_042159_050601_rtc,[2],1
90,1,S1A_IW_GRDH_1SDV_20220303T154139_20220303T154204_042159_050601_rtc,S1A_IW_GRDH_1SDV_20220303T154139_20220303T154204_042159_050601_rtc,[2],1
91,1,S1A_IW_GRDH_1SDV_20220303T154139_20220303T154204_042159_050601_rtc,S1A_IW_GRDH_1SDV_20220303T154139_20220303T154204_042159_050601_rtc,[2],1
92,1,S1A_IW_GRDH_1SDV_20220303T154139_20220303T154204_042159_050601_rtc,S1A_IW_GRDH_1SDV_20220303T154139_20220303T154204_042159_050601_rtc,[2],1
93,1,S1A_IW_GRDH_1SDV_20220303T154139_20220303T154204_042159_050601_rtc,S1A_IW_GRDH_1SDV_20220303T154139_20220303T154204_042159_050601_rtc,[2],1
94,5,S1A_IW_GRDH_1SDV_20220303T154139_20220303T154204_042159_050601_rtc,S1A_IW_GRDH_1SDV_20220304T034314_20220304T034339_042166_050642_rtc,[2],5
95,1,S1A_IW_GRDH_1SDV_20220303T154139_20220303T154204_042159_050601_rtc,S1A_IW_GRDH_1SDV_20220303T154139_20220303T154204_042159_050601_rtc,[2],1
96,1,S1A_IW_GRDH_1SDV_20220303T154139_20220303T154204_042159_050601_rtc,S1A_IW_GRDH_1SDV_20220303T154139_20220303T154204_042159_050601_rtc,[2],1
97,3,S1A_IW_GRDH_1SDV_20220303T154139_20220303T154204_042159_050601_rtc,S1A_IW_GRDH_1SDV_20220304T034314_20220304T034339_042166_050642_rtc,[1],3
98,2,S1A_IW_GRDH_1SDV_20220303T154139_20220303T154204_042159_050601_rtc,S1A_IW_GRDH_1SDV_20220304T034314_20220304T034339_042166_050642_rtc,[1],2
99,1,S1A_IW_GRDH_1SDV_20220303T154139_20220303T154204_042159_050601_rtc,S1A_IW_GRDH_1SDV_20220303T154139_20220303T154204_042159_050601_rtc,[1],1
100,1,S1A_IW_GRDH_1SDV_20220303T154139_20220303T154204_042159_050601_rtc,S1A_IW_GRDH_1SDV_20220303T154139_20220303T154204_042159_050601_rtc,[2],1
101,1,S1A_IW_GRDH_1SDV_20220303T154139_20220303T154204_042159_050601_rtc,S1A_IW_GRDH_1SDV_20220303T154139_20220303T154204_042159_050601_rtc,[2],1
102,2,S1A_IW_GRDH_1SDV_20220303T154139_20220303T154204_042159_050601_rtc,S1A_IW_GRDH_1SDV_20220304T034314_20220304T034339_042166_050642_rtc,[2],2
103,1,S1A_IW_GRDH_1SDV_20220303T154139_20220303T154204_042159_050601_rtc,S1A_IW_GRDH_1SDV_20220303T154139_20220303T154204_042159_050601_rtc,[2],1
104,1,S1A_IW_GRDH_1SDV_20220303T154139_20220303T154204_042159_050601_rtc,S1A_IW_GRDH_1SDV_20220303T154139_20220303T154204_042159_050601_rtc,[2],1
105,3,S1A_IW_GRDH_1SDV_20220303T154139_20220303T154204_042159_050601_rtc,S1A_IW_GRDH_1SDV_20220304T034314_20220304T034339_042166_050642_rtc,[2],3
106,1,S1A_IW_GRDH_1SDV_20220303T154139_20220303T154204_042159_050601_rtc,S1A_IW_GRDH_1SDV_20220303T154139_20220303T154204_042159_050601_rtc,[1],1
107,2,S1A_IW_GRDH_1SDV_20220303T154139_20220303T154204_042159_050601_rtc,S1A_IW_GRDH_1SDV_20220304T034314_20220304T034339_042166_050642_rtc,[1],2
108,2,S1A_IW_GRDH_1SDV_20220303T154139_20220303T154204_042159_050601_rtc,S1A_IW_GRDH_1SDV_20220304T034314_20220304T034339_042166_050642_rtc,[1],2
109,1,S1A_IW_GRDH_1SDV_20220303T154139_20220303T154204_042159_050601_rtc,S1A_IW_GRDH_1SDV_20220303T154139_20220303T154204_042159_050601_rtc,[1],1
110,1,S1A_IW_GRDH_1SDV_20220304T034314_20220304T034339_042166_050642_rtc,S1A_IW_GRDH_1SDV_20220304T034314_20220304T034339_042166_050642_rtc,[2],1
111,1,S1A_IW_GRDH_1SDV_20220304T034314_20220304T034339_042166_050642_rtc,S1A_IW_GRDH_1SDV_20220304T034314_20220304T034339_042166_050642_rtc,[2],1
112,1,S1A_IW_GRDH_1SDV_20220304T034314_20220304T034339_042166_050642_rtc,S1A_IW_GRDH_1SDV_20220304T034314_20220304T034339_042166_050642_rtc,[2],1
113,1,S1A_IW_GRDH_1SDV_20220310T153353_20220310T153418_042261_050971_rtc,S1A_IW_GRDH_1SDV_20220310T153353_20220310T153418_042261_050971_rtc,[2],1
114,1,S1A_IW_GRDH_1SDV_20220310T153353_20220310T153418_042261_050971_rtc,S1A_IW_GRDH_1SDV_20220310T153353_20220310T153418_042261_050971_rtc,[1],1
115,1,S1A_IW_GRDH_1SDV_20220310T153353_20220310T153418_042261_050971_rtc,S1A_IW_GRDH_1SDV_20220310T153353_20220310T153418_042261_050971_rtc,[1],1
116,12,S1A_IW_GRDH_1SDV_20220310T153353_20220310T153418_042261_050971_rtc,S1A_IW_GRDH_1SDV_20220327T154140_20220327T154205_042509_0511E6_rtc,"[1, 2]",12
117,1,S1A_IW_GRDH_1SDV_20220310T153353_20220310T153418_042261_050971_rtc,S1A_IW_GRDH_1SDV_20220310T153353_20220310T153418_042261_050971_rtc,[1],1
118,3,S1A_IW_GRDH_1SDV_20220315T154140_20220315T154205_042334_050BF4_rtc,S1A_IW_GRDH_1SDV_20220327T154140_20220327T154205_042509_0511E6_rtc,[1],3
119,5,S1A_IW_GRDH_1SDV_20220315T154140_20220315T154205_042334_050BF4_rtc,S1A_IW_GRDH_1SDV_20220327T154140_20220327T154205_042509_0511E6_rtc,[1],5
120,2,S1A_IW_GRDH_1SDV_20220315T154140_20220315T154205_042334_050BF4_rtc,S1A_IW_GRDH_1SDV_20220322T153353_20220322T153418_042436_050F68_rtc,[1],2
121,1,S1A_IW_GRDH_1SDV_20220315T154140_20220315T154205_042334_050BF4_rtc,S1A_IW_GRDH_1SDV_20220315T154140_20220315T154205_042334_050BF4_rtc,[1],1
122,1,S1A_IW_GRDH_1SDV_20220315T154140_20220315T154205_042334_050BF4_rtc,S1A_IW_GRDH_1SDV_20220315T154140_20220315T154205_042334_050BF4_rtc,[1],1
123,1,S1A_IW_GRDH_1SDV_20220315T154140_20220315T154205_042334_050BF4_rtc,S1A_IW_GRDH_1SDV_20220315T154140_20220315T154205_042334_050BF4_rtc,[1],1
124,1,S1A_IW_GRDH_1SDV_20220315T154140_20220315T154205_042334_050BF4_rtc,S1A_IW_GRDH_1SDV_20220315T154140_20220315T154205_042334_050BF4_rtc,[1],1
125,1,S1A_IW_GRDH_1SDV_20220315T154140_20220315T154205_042334_050BF4_rtc,S1A_IW_GRDH_1SDV_20220315T154140_20220315T154205_042334_050BF4_rtc,[1],1
126,1,S1A_IW_GRDH_1SDV_20220315T154140_20220315T154205_042334_050BF4_rtc,S1A_IW_GRDH_1SDV_20220315T154140_20220315T154205_042334_050BF4_rtc,[1],1
127,1,S1A_IW_GRDH_1SDV_20220315T154140_20220315T154205_042334_050BF4_rtc,S1A_IW_GRDH_1SDV_20220315T154140_20220315T154205_042334_050BF4_rtc,[1],1
128,1,S1A_IW_GRDH_1SDV_20220315T154140_20220315T154205_042334_050BF4_rtc,S1A_IW_GRDH_1SDV_20220315T154140_20220315T154205_042334_050BF4_rtc,[1],1
129,1,S1A_IW_GRDH_1SDV_20220315T154140_20220315T154205_042334_050BF4_rtc,S1A_IW_GRDH_1SDV_20220315T154140_20220315T154205_042334_050BF4_rtc,[1],1
130,8,S1A_IW_GRDH_1SDV_20220322T153353_20220322T153418_042436_050F68_rtc,S1A_IW_GRDH_1SDV_20220415T153354_20220415T153419_042786_051B3E_rtc,[1],8
131,1,S1A_IW_GRDH_1SDV_20220322T153353_20220322T153418_042436_050F68_rtc,S1A_IW_GRDH_1SDV_20220322T153353_20220322T153418_042436_050F68_rtc,[1],1
132,3,S1A_IW_GRDH_1SDV_20220322T153353_20220322T153418_042436_050F68_rtc,S1A_IW_GRDH_1SDV_20220327T154140_20220327T154205_042509_0511E6_rtc,[2],3
133,1,S1A_IW_GRDH_1SDV_20220327T154140_20220327T154205_042509_0511E6_rtc,S1A_IW_GRDH_1SDV_20220327T154140_20220327T154205_042509_0511E6_rtc,[1],1
134,1,S1A_IW_GRDH_1SDV_20220327T154140_20220327T154205_042509_0511E6_rtc,S1A_IW_GRDH_1SDV_20220327T154140_20220327T154205_042509_0511E6_rtc,[1],1
135,1,S1A_IW_GRDH_1SDV_20220327T154140_20220327T154205_042509_0511E6_rtc,S1A_IW_GRDH_1SDV_20220327T154140_20220327T154205_042509_0511E6_rtc,[1],1
136,1,S1A_IW_GRDH_1SDV_20220403T153353_20220403T153418_042611_051558_rtc,S1A_IW_GRDH_1SDV_20220403T153353_20220403T153418_042611_051558_rtc,[1],1
137,1,S1A_IW_GRDH_1SDV_20220403T153353_20220403T153418_042611_051558_rtc,S1A_IW_GRDH_1SDV_20220403T153353_20220403T153418_042611_051558_rtc,[1],1
138,1,S1A_IW_GRDH_1SDV_20220403T153353_20220403T153418_042611_051558_rtc,S1A_IW_GRDH_1SDV_20220403T153353_20220403T153418_042611_051558_rtc,[1],1
139,4,S1A_IW_GRDH_1SDV_20220403T153353_20220403T153418_042611_051558_rtc,S1A_IW_GRDH_1SDV_20220415T153354_20220415T153419_042786_051B3E_rtc,[2],4
140,1,S1A_IW_GRDH_1SDV_20220403T153353_20220403T153418_042611_051558_rtc,S1A_IW_GRDH_1SDV_20220403T153353_20220403T153418_042611_051558_rtc,[1],1
141,1,S1A_IW_GRDH_1SDV_20220403T153353_20220403T153418_042611_051558_rtc,S1A_IW_GRDH_1SDV_20220403T153353_20220403T153418_042611_051558_rtc,[1],1
142,1,S1A_IW_GRDH_1SDV_20220408T154140_20220408T154205_042684_0517CC_rtc,S1A_IW_GRDH_1SDV_20220408T154140_20220408T154205_042684_0517CC_rtc,[1],1
143,1,S1A_IW_GRDH_1SDV_20220408T154140_20220408T154205_042684_0517CC_rtc,S1A_IW_GRDH_1SDV_20220408T154140_20220408T154205_042684_0517CC_rtc,[1],1
144,1,S1A_IW_GRDH_1SDV_20220408T154140_20220408T154205_042684_0517CC_rtc,S1A_IW_GRDH_1SDV_20220408T154140_20220408T154205_042684_0517CC_rtc,[1],1
145,1,S1A_IW_GRDH_1SDV_20220408T154140_20220408T154205_042684_0517CC_rtc,S1A_IW_GRDH_1SDV_20220408T154140_20220408T154205_042684_0517CC_rtc,[1],1
146,1,S1A_IW_GRDH_1SDV_20220408T154140_20220408T154205_042684_0517CC_rtc,S1A_IW_GRDH_1SDV_20220408T154140_20220408T154205_042684_0517CC_rtc,[1],1
147,1,S1A_IW_GRDH_1SDV_20220408T154140_20220408T154205_042684_0517CC_rtc,S1A_IW_GRDH_1SDV_20220408T154140_20220408T154205_042684_0517CC_rtc,[2],1
148,1,S1A_IW_GRDH_1SDV_20220408T154140_20220408T154205_042684_0517CC_rtc,S1A_IW_GRDH_1SDV_20220408T154140_20220408T154205_042684_0517CC_rtc,[2],1
149,2,S1A_IW_GRDH_1SDV_20220408T154140_20220408T154205_042684_0517CC_rtc,S1A_IW_GRDH_1SDV_20220415T153354_20220415T153419_042786_051B3E_rtc,[1],2
150,12,S1A_IW_GRDH_1SDV_20220408T154140_20220408T154205_042684_0517CC_rtc,S1A_IW_GRDH_1SDV_20220509T153355_20220509T153420_043136_0526D2_rtc,[1],12
151,1,S1A_IW_GRDH_1SDV_20220408T154140_20220408T154205_042684_0517CC_rtc,S1A_IW_GRDH_1SDV_20220408T154140_20220408T154205_042684_0517CC_rtc,[1],1
152,3,S1A_IW_GRDH_1SDV_20220408T154140_20220408T154205_042684_0517CC_rtc,S1A_IW_GRDH_1SDV_20220420T154141_20220420T154206_042859_051DA9_rtc,[2],3
153,8,S1A_IW_GRDH_1SDV_20220408T154140_20220408T154205_042684_0517CC_rtc,S1A_IW_GRDH_1SDV_20220502T154141_20220502T154206_043034_05236C_rtc,[1],8
154,4,S1A_IW_GRDH_1SDV_20220408T154140_20220408T154205_042684_0517CC_rtc,S1A_IW_GRDH_1SDV_20220420T154141_20220420T154206_042859_051DA9_rtc,[1],4
155,1,S1A_IW_GRDH_1SDV_20220408T154140_20220408T154205_042684_0517CC_rtc,S1A_IW_GRDH_1SDV_20220408T154140_20220408T154205_042684_0517CC_rtc,[1],1
156,1,S1A_IW_GRDH_1SDV_20220408T154140_20220408T154205_042684_0517CC_rtc,S1A_IW_GRDH_1SDV_20220408T154140_20220408T154205_042684_0517CC_rtc,[1],1
157,1,S1A_IW_GRDH_1SDV_20220408T154140_20220408T154205_042684_0517CC_rtc,S1A_IW_GRDH_1SDV_20220408T154140_20220408T154205_042684_0517CC_rtc,[1],1
158,1,S1A_IW_GRDH_1SDV_20220408T154140_20220408T154205_042684_0517CC_rtc,S1A_IW_GRDH_1SDV_20220408T154140_20220408T154205_042684_0517CC_rtc,[1],1
159,1,S1A_IW_GRDH_1SDV_20220408T154140_20220408T154205_042684_0517CC_rtc,S1A_IW_GRDH_1SDV_20220408T154140_20220408T154205_042684_0517CC_rtc,[1],1
160,1,S1A_IW_GRDH_1SDV_20220408T154140_20220408T154205_042684_0517CC_rtc,S1A_IW_GRDH_1SDV_20220408T154140_20220408T154205_042684_0517CC_rtc,[1],1
161,1,S1A_IW_GRDH_1SDV_20220420T154141_20220420T154206_042859_051DA9_rtc,S1A_IW_GRDH_1SDV_20220420T154141_20220420T154206_042859_051DA9_rtc,[1],1
162,1,S1A_IW_GRDH_1SDV_20220420T154141_20220420T154206_042859_051DA9_rtc,S1A_IW_GRDH_1SDV_20220420T154141_20220420T154206_042859_051DA9_rtc,[1],1
163,3,S1A_IW_GRDH_1SDV_20220420T154141_20220420T154206_042859_051DA9_rtc,S1A_IW_GRDH_1SDV_20220427T153354_20220427T153419_042961_0520FC_rtc,[1],3
164,1,S1A_IW_GRDH_1SDV_20220420T154141_20220420T154206_042859_051DA9_rtc,S1A_IW_GRDH_1SDV_20220420T154141_20220420T154206_042859_051DA9_rtc,[1],1
165,1,S1A_IW_GRDH_1SDV_20220420T154141_20220420T154206_042859_051DA9_rtc,S1A_IW_GRDH_1SDV_20220420T154141_20220420T154206_042859_051DA9_rtc,[1],1
166,1,S1A_IW_GRDH_1SDV_20220420T154141_20220420T154206_042859_051DA9_rtc,S1A_IW_GRDH_1SDV_20220420T154141_20220420T154206_042859_051DA9_rtc,[1],1
167,1,S1A_IW_GRDH_1SDV_20220502T154141_20220502T154206_043034_05236C_rtc,S1A_IW_GRDH_1SDV_20220502T154141_20220502T154206_043034_05236C_rtc,[2],1
168,9,S1A_IW_GRDH_1SDV_20220502T154141_20220502T154206_043034_05236C_rtc,S1A_IW_GRDH_1SDV_20220521T153356_20220521T153421_043311_052C0C_rtc,[2],9
169,2,S1A_IW_GRDH_1SDV_20220502T154141_20220502T154206_043034_05236C_rtc,S1A_IW_GRDH_1SDV_20220503T034308_20220503T034333_043041_0523B0_rtc,[2],2
170,1,S1A_IW_GRDH_1SDV_20220502T154141_20220502T154206_043034_05236C_rtc,S1A_IW_GRDH_1SDV_20220502T154141_20220502T154206_043034_05236C_rtc,[1],1
171,1,S1A_IW_GRDH_1SDV_20220502T154141_20220502T154206_043034_05236C_rtc,S1A_IW_GRDH_1SDV_20220502T154141_20220502T154206_043034_05236C_rtc,[1],1
172,1,S1A_IW_GRDH_1SDV_20220502T154141_20220502T154206_043034_05236C_rtc,S1A_IW_GRDH_1SDV_20220502T154141_20220502T154206_043034_05236C_rtc,[1],1
173,1,S1A_IW_GRDH_1SDV_20220503T034308_20220503T034333_043041_0523B0_rtc,S1A_IW_GRDH_1SDV_20220503T034308_20220503T034333_043041_0523B0_rtc,[1],1
174,3,S1A_IW_GRDH_1SDV_20220509T153355_20220509T153420_043136_0526D2_rtc,S1A_IW_GRDH_1SDV_20220510T033513_20220510T033538_043143_052712_rtc,[1],3
175,1,S1A_IW_GRDH_1SDV_20220509T153355_20220509T153420_043136_0526D2_rtc,S1A_IW_GRDH_1SDV_20220509T153355_20220509T153420_043136_0526D2_rtc,[1],1
176,1,S1A_IW_GRDH_1SDV_20220509T153355_20220509T153420_043136_0526D2_rtc,S1A_IW_GRDH_1SDV_20220509T153355_20220509T153420_043136_0526D2_rtc,[1],1
177,1,S1A_IW_GRDH_1SDV_20220509T153355_20220509T153420_043136_0526D2_rtc,S1A_IW_GRDH_1SDV_20220509T153355_20220509T153420_043136_0526D2_rtc,[2],1
178,6,S1A_IW_GRDH_1SDV_20220509T153355_20220509T153420_043136_0526D2_rtc,S1A_IW_GRDH_1SDV_20220521T153356_20220521T153421_043311_052C0C_rtc,[2],6
179,1,S1A_IW_GRDH_1SDV_20220510T033513_20220510T033538_043143_052712_rtc,S1A_IW_GRDH_1SDV_20220510T033513_20220510T033538_043143_052712_rtc,[1],1
180,1,S1A_IW_GRDH_1SDV_20220510T033513_20220510T033538_043143_052712_rtc,S1A_IW_GRDH_1SDV_20220510T033513_20220510T033538_043143_052712_rtc,[1],1
181,2,S1A_IW_GRDH_1SDV_20220514T154142_20220514T154207_043209_052912_rtc,S1A_IW_GRDH_1SDV_20220521T153356_20220521T153421_043311_052C0C_rtc,[1],2
182,2,S1A_IW_GRDH_1SDV_20220514T154142_20220514T154207_043209_052912_rtc,S1A_IW_GRDH_1SDV_20220521T153356_20220521T153421_043311_052C0C_rtc,[1],2
183,2,S1A_IW_GRDH_1SDV_20220514T154142_20220514T154207_043209_052912_rtc,S1A_IW_GRDH_1SDV_20220521T153356_20220521T153421_043311_052C0C_rtc,[1],2
184,1,S1A_IW_GRDH_1SDV_20220514T154142_20220514T154207_043209_052912_rtc,S1A_IW_GRDH_1SDV_20220514T154142_20220514T154207_043209_052912_rtc,[1],1
185,1,S1A_IW_GRDH_1SDV_20220514T154142_20220514T154207_043209_052912_rtc,S1A_IW_GRDH_1SDV_20220514T154142_20220514T154207_043209_052912_rtc,[1],1
186,1,S1A_IW_GRDH_1SDV_20220514T154142_20220514T154207_043209_052912_rtc,S1A_IW_GRDH_1SDV_20220514T154142_20220514T154207_043209_052912_rtc,[1],1
187,1,S1A_IW_GRDH_1SDV_20220514T154142_20220514T154207_043209_052912_rtc,S1A_IW_GRDH_1SDV_20220514T154142_20220514T154207_043209_052912_rtc,[1],1
188,1,S1A_IW_GRDH_1SDV_20220521T153356_20220521T153421_043311_052C0C_rtc,S1A_IW_GRDH_1SDV_20220521T153356_20220521T153421_043311_052C0C_rtc,[1],1
189,1,S1A_IW_GRDH_1SDV_20220521T153356_20220521T153421_043311_052C0C_rtc,S1A_IW_GRDH_1SDV_20220521T153356_20220521T153421_043311_052C0C_rtc,[2],1
190,2,S1A_IW_GRDH_1SDV_20220602T153357_20220602T153422_043486_053133_rtc,S1A_IW_GRDH_1SDV_20220607T154144_20220607T154209_043559_053374_rtc,[1],2
191,2,S1A_IW_GRDH_1SDV_20220602T153357_20220602T153422_043486_053133_rtc,S1A_IW_GRDH_1SDV_20220607T154144_20220607T154209_043559_053374_rtc,[1],2
192,1,S1A_IW_GRDH_1SDV_20220602T153357_20220602T153422_043486_053133_rtc,S1A_IW_GRDH_1SDV_20220602T153357_20220602T153422_043486_053133_rtc,[1],1
193,2,S1A_IW_GRDH_1SDV_20220602T153357_20220602T153422_043486_053133_rtc,S1A_IW_GRDH_1SDV_20220607T154144_20220607T154209_043559_053374_rtc,[1],2
194,2,S1A_IW_GRDH_1SDV_20220602T153357_20220602T153422_043486_053133_rtc,S1A_IW_GRDH_1SDV_20220607T154144_20220607T154209_043559_053374_rtc,[2],2
195,1,S1A_IW_GRDH_1SDV_20220602T153357_20220602T153422_043486_053133_rtc,S1A_IW_GRDH_1SDV_20220602T153357_20220602T153422_043486_053133_rtc,[2],1
196,15,S1A_IW_GRDH_1SDV_20220602T153357_20220602T153422_043486_053133_rtc,S1A_IW_GRDH_1SDV_20220720T153400_20220720T153425_044186_054621_rtc,[2],15
197,1,S1A_IW_GRDH_1SDV_20220602T153357_20220602T153422_043486_053133_rtc,S1A_IW_GRDH_1SDV_20220602T153357_20220602T153422_043486_053133_rtc,[1],1
198,5,S1A_IW_GRDH_1SDV_20220602T153357_20220602T153422_043486_053133_rtc,S1A_IW_GRDH_1SDV_20220619T154145_20220619T154210_043734_0538A7_rtc,[1],5
199,60,S1A_IW_GRDH_1SDV_20220602T153357_20220602T153422_043486_053133_rtc,S1A_IW_GRDH_1SDV_20220825T153402_20220825T153427_044711_05568D_rtc,[2],60
200,9,S1A_IW_GRDH_1SDV_20220602T153357_20220602T153422_043486_053133_rtc,S1A_IW_GRDH_1SDV_20220701T154145_20220701T154210_043909_053DE2_rtc,[2],9
201,1,S1A_IW_GRDH_1SDV_20220602T153357_20220602T153422_043486_053133_rtc,S1A_IW_GRDH_1SDV_20220602T153357_20220602T153422_043486_053133_rtc,[2],1
202,2,S1A_IW_GRDH_1SDV_20220602T153357_20220602T153422_043486_053133_rtc,S1A_IW_GRDH_1SDV_20220607T154144_20220607T154209_043559_053374_rtc,[2],2
203,21,S1A_IW_GRDH_1SDV_20220602T153357_20220602T153422_043486_053133_rtc,S1A_IW_GRDH_1SDV_20220725T154147_20220725T154212_044259_05484F_rtc,[2],21
204,1,S1A_IW_GRDH_1SDV_20220602T153357_20220602T153422_043486_053133_rtc,S1A_IW_GRDH_1SDV_20220602T153357_20220602T153422_043486_053133_rtc,[2],1
205,13,S1A_IW_GRDH_1SDV_20220607T154144_20220607T154209_043559_053374_rtc,S1A_IW_GRDH_1SDV_20220714T034313_20220714T034338_044091_054350_rtc,[2],13
206,1,S1A_IW_GRDH_1SDV_20220607T154144_20220607T154209_043559_053374_rtc,S1A_IW_GRDH_1SDV_20220607T154144_20220607T154209_043559_053374_rtc,[1],1
207,1,S1A_IW_GRDH_1SDV_20220607T154144_20220607T154209_043559_053374_rtc,S1A_IW_GRDH_1SDV_20220607T154144_20220607T154209_043559_053374_rtc,[1],1
208,31,S1A_IW_GRDH_1SDV_20220614T153357_20220614T153422_043661_05366C_rtc,S1A_IW_GRDH_1SDV_20220813T153401_20220813T153426_044536_0550A8_rtc,[2],31
209,1,S1A_IW_GRDH_1SDV_20220614T153357_20220614T153422_043661_05366C_rtc,S1A_IW_GRDH_1SDV_20220614T153357_20220614T153422_043661_05366C_rtc,[2],1
210,1,S1A_IW_GRDH_1SDV_20220619T154145_20220619T154210_043734_0538A7_rtc,S1A_IW_GRDH_1SDV_20220619T154145_20220619T154210_043734_0538A7_rtc,[1],1
211,1,S1A_IW_GRDH_1SDV_20220619T154145_20220619T154210_043734_0538A7_rtc,S1A_IW_GRDH_1SDV_20220619T154145_20220619T154210_043734_0538A7_rtc,[1],1
212,1,S1A_IW_GRDH_1SDV_20220619T154145_20220619T154210_043734_0538A7_rtc,S1A_IW_GRDH_1SDV_20220619T154145_20220619T154210_043734_0538A7_rtc,[1],1
213,1,S1A_IW_GRDH_1SDV_20220619T154145_20220619T154210_043734_0538A7_rtc,S1A_IW_GRDH_1SDV_20220619T154145_20220619T154210_043734_0538A7_rtc,[2],1
214,1,S1A_IW_GRDH_1SDV_20220619T154145_20220619T154210_043734_0538A7_rtc,S1A_IW_GRDH_1SDV_20220619T154145_20220619T154210_043734_0538A7_rtc,[1],1
215,1,S1A_IW_GRDH_1SDV_20220619T154145_20220619T154210_043734_0538A7_rtc,S1A_IW_GRDH_1SDV_20220619T154145_20220619T154210_043734_0538A7_rtc,[1],1
216,1,S1A_IW_GRDH_1SDV_20220619T154145_20220619T154210_043734_0538A7_rtc,S1A_IW_GRDH_1SDV_20220619T154145_20220619T154210_043734_0538A7_rtc,[1],1
217,1,S1A_IW_GRDH_1SDV_20220619T154145_20220619T154210_043734_0538A7_rtc,S1A_IW_GRDH_1SDV_20220619T154145_20220619T154210_043734_0538A7_rtc,[1],1
218,1,S1A_IW_GRDH_1SDV_20220626T153358_20220626T153423_043836_053BAE_rtc,S1A_IW_GRDH_1SDV_20220626T153358_20220626T153423_043836_053BAE_rtc,[1],1
219,1,S1A_IW_GRDH_1SDV_20220626T153358_20220626T153423_043836_053BAE_rtc,S1A_IW_GRDH_1SDV_20220626T153358_20220626T153423_043836_053BAE_rtc,[2],1
220,1,S1A_IW_GRDH_1SDV_20220626T153358_20220626T153423_043836_053BAE_rtc,S1A_IW_GRDH_1SDV_20220626T153358_20220626T153423_043836_053BAE_rtc,[1],1
221,3,S1A_IW_GRDH_1SDV_20220626T153358_20220626T153423_043836_053BAE_rtc,S1A_IW_GRDH_1SDV_20220701T154145_20220701T154210_043909_053DE2_rtc,[1],3
222,1,S1A_IW_GRDH_1SDV_20220701T154145_20220701T154210_043909_053DE2_rtc,S1A_IW_GRDH_1SDV_20220701T154145_20220701T154210_043909_053DE2_rtc,[1],1
223,2,S1A_IW_GRDH_1SDV_20220701T154145_20220701T154210_043909_053DE2_rtc,S1A_IW_GRDH_1SDV_20220702T034312_20220702T034337_043916_053E1F_rtc,[1],2
224,2,S1A_IW_GRDH_1SDV_20220701T154145_20220701T154210_043909_053DE2_rtc,S1A_IW_GRDH_1SDV_20220702T034312_20220702T034337_043916_053E1F_rtc,[1],2
225,2,S1A_IW_GRDH_1SDV_20220701T154145_20220701T154210_043909_053DE2_rtc,S1A_IW_GRDH_1SDV_20220702T034312_20220702T034337_043916_053E1F_rtc,[1],2
226,1,S1A_IW_GRDH_1SDV_20220701T154145_20220701T154210_043909_053DE2_rtc,S1A_IW_GRDH_1SDV_20220701T154145_20220701T154210_043909_053DE2_rtc,[2],1
227,1,S1A_IW_GRDH_1SDV_20220701T154145_20220701T154210_043909_053DE2_rtc,S1A_IW_GRDH_1SDV_20220701T154145_20220701T154210_043909_053DE2_rtc,[1],1
228,1,S1A_IW_GRDH_1SDV_20220701T154145_20220701T154210_043909_053DE2_rtc,S1A_IW_GRDH_1SDV_20220701T154145_20220701T154210_043909_053DE2_rtc,[1],1
229,1,S1A_IW_GRDH_1SDV_20220701T154145_20220701T154210_043909_053DE2_rtc,S1A_IW_GRDH_1SDV_20220701T154145_20220701T154210_043909_053DE2_rtc,[1],1
230,1,S1A_IW_GRDH_1SDV_20220701T154145_20220701T154210_043909_053DE2_rtc,S1A_IW_GRDH_1SDV_20220701T154145_20220701T154210_043909_053DE2_rtc,[1],1
231,4,S1A_IW_GRDH_1SDV_20220709T033517_20220709T033542_044018_054118_rtc,S1A_IW_GRDH_1SDV_20220714T034313_20220714T034338_044091_054350_rtc,[1],4
232,2,S1A_IW_GRDH_1SDV_20220713T154146_20220713T154211_044084_05431A_rtc,S1A_IW_GRDH_1SDV_20220714T034313_20220714T034338_044091_054350_rtc,[1],2
233,2,S1A_IW_GRDH_1SDV_20220713T154146_20220713T154211_044084_05431A_rtc,S1A_IW_GRDH_1SDV_20220714T034313_20220714T034338_044091_054350_rtc,[1],2
234,2,S1A_IW_GRDH_1SDV_20220713T154146_20220713T154211_044084_05431A_rtc,S1A_IW_GRDH_1SDV_20220714T034313_20220714T034338_044091_054350_rtc,[1],2
235,1,S1A_IW_GRDH_1SDV_20220713T154146_20220713T154211_044084_05431A_rtc,S1A_IW_GRDH_1SDV_20220713T154146_20220713T154211_044084_05431A_rtc,[2],1
236,1,S1A_IW_GRDH_1SDV_20220713T154146_20220713T154211_044084_05431A_rtc,S1A_IW_GRDH_1SDV_20220713T154146_20220713T154211_044084_05431A_rtc,[2],1
237,1,S1A_IW_GRDH_1SDV_20220713T154146_20220713T154211_044084_05431A_rtc,S1A_IW_GRDH_1SDV_20220713T154146_20220713T154211_044084_05431A_rtc,[1],1
238,2,S1A_IW_GRDH_1SDV_20220713T154146_20220713T154211_044084_05431A_rtc,S1A_IW_GRDH_1SDV_20220714T034313_20220714T034338_044091_054350_rtc,[1],2
239,1,S1A_IW_GRDH_1SDV_20220713T154146_20220713T154211_044084_05431A_rtc,S1A_IW_GRDH_1SDV_20220713T154146_20220713T154211_044084_05431A_rtc,[1],1
240,1,S1A_IW_GRDH_1SDV_20220713T154146_20220713T154211_044084_05431A_rtc,S1A_IW_GRDH_1SDV_20220713T154146_20220713T154211_044084_05431A_rtc,[1],1
241,1,S1A_IW_GRDH_1SDV_20220713T154146_20220713T154211_044084_05431A_rtc,S1A_IW_GRDH_1SDV_20220713T154146_20220713T154211_044084_05431A_rtc,[1],1
242,1,S1A_IW_GRDH_1SDV_20220714T034313_20220714T034338_044091_054350_rtc,S1A_IW_GRDH_1SDV_20220714T034313_20220714T034338_044091_054350_rtc,[1],1
243,3,S1A_IW_GRDH_1SDV_20220720T153400_20220720T153425_044186_054621_rtc,S1A_IW_GRDH_1SDV_20220725T154147_20220725T154212_044259_05484F_rtc,[1],3
244,1,S1A_IW_GRDH_1SDV_20220725T154147_20220725T154212_044259_05484F_rtc,S1A_IW_GRDH_1SDV_20220725T154147_20220725T154212_044259_05484F_rtc,[1],1
245,1,S1A_IW_GRDH_1SDV_20220725T154147_20220725T154212_044259_05484F_rtc,S1A_IW_GRDH_1SDV_20220725T154147_20220725T154212_044259_05484F_rtc,[1],1
246,1,S1A_IW_GRDH_1SDV_20220725T154147_20220725T154212_044259_05484F_rtc,S1A_IW_GRDH_1SDV_20220725T154147_20220725T154212_044259_05484F_rtc,[1],1
247,1,S1A_IW_GRDH_1SDV_20220725T154147_20220725T154212_044259_05484F_rtc,S1A_IW_GRDH_1SDV_20220725T154147_20220725T154212_044259_05484F_rtc,[1],1
248,1,S1A_IW_GRDH_1SDV_20220725T154147_20220725T154212_044259_05484F_rtc,S1A_IW_GRDH_1SDV_20220725T154147_20220725T154212_044259_05484F_rtc,[1],1
249,1,S1A_IW_GRDH_1SDV_20220725T154147_20220725T154212_044259_05484F_rtc,S1A_IW_GRDH_1SDV_20220725T154147_20220725T154212_044259_05484F_rtc,[1],1
250,1,S1A_IW_GRDH_1SDV_20220725T154147_20220725T154212_044259_05484F_rtc,S1A_IW_GRDH_1SDV_20220725T154147_20220725T154212_044259_05484F_rtc,[1],1
251,1,S1A_IW_GRDH_1SDV_20220725T154147_20220725T154212_044259_05484F_rtc,S1A_IW_GRDH_1SDV_20220725T154147_20220725T154212_044259_05484F_rtc,[1],1
252,1,S1A_IW_GRDH_1SDV_20220725T154147_20220725T154212_044259_05484F_rtc,S1A_IW_GRDH_1SDV_20220725T154147_20220725T154212_044259_05484F_rtc,[1],1
253,1,S1A_IW_GRDH_1SDV_20220725T154147_20220725T154212_044259_05484F_rtc,S1A_IW_GRDH_1SDV_20220725T154147_20220725T154212_044259_05484F_rtc,[1],1
254,1,S1A_IW_GRDH_1SDV_20220725T154147_20220725T154212_044259_05484F_rtc,S1A_IW_GRDH_1SDV_20220725T154147_20220725T154212_044259_05484F_rtc,[2],1
255,1,S1A_IW_GRDH_1SDV_20220801T153400_20220801T153425_044361_054B45_rtc,S1A_IW_GRDH_1SDV_20220801T153400_20220801T153425_044361_054B45_rtc,[1],1
256,1,S1A_IW_GRDH_1SDV_20220801T153400_20220801T153425_044361_054B45_rtc,S1A_IW_GRDH_1SDV_20220801T153400_20220801T153425_044361_054B45_rtc,[1],1
257,1,S1A_IW_GRDH_1SDV_20220801T153400_20220801T153425_044361_054B45_rtc,S1A_IW_GRDH_1SDV_20220801T153400_20220801T153425_044361_054B45_rtc,[1],1
258,4,S1A_IW_GRDH_1SDV_20220806T154148_20220806T154213_044434_054D6D_rtc,S1A_IW_GRDH_1SDV_20220825T153402_20220825T153427_044711_05568D_rtc,[1],4
259,6,S1A_IW_GRDH_1SDV_20220806T154148_20220806T154213_044434_054D6D_rtc,S1A_IW_GRDH_1SDV_20220825T153402_20220825T153427_044711_05568D_rtc,[1],6
260,1,S1A_IW_GRDH_1SDV_20220806T154148_20220806T154213_044434_054D6D_rtc,S1A_IW_GRDH_1SDV_20220806T154148_20220806T154213_044434_054D6D_rtc,[1],1
261,4,S1A_IW_GRDH_1SDV_20220806T154148_20220806T154213_044434_054D6D_rtc,S1A_IW_GRDH_1SDV_20220825T153402_20220825T153427_044711_05568D_rtc,[1],4
262,1,S1A_IW_GRDH_1SDV_20220806T154148_20220806T154213_044434_054D6D_rtc,S1A_IW_GRDH_1SDV_20220806T154148_20220806T154213_044434_054D6D_rtc,[1],1
263,5,S1A_IW_GRDH_1SDV_20220806T154148_20220806T154213_044434_054D6D_rtc,S1A_IW_GRDH_1SDV_20220818T154148_20220818T154213_044609_055324_rtc,[2],5
264,1,S1A_IW_GRDH_1SDV_20220806T154148_20220806T154213_044434_054D6D_rtc,S1A_IW_GRDH_1SDV_20220806T154148_20220806T154213_044434_054D6D_rtc,[1],1
265,10,S1A_IW_GRDH_1SDV_20220806T154148_20220806T154213_044434_054D6D_rtc,S1A_IW_GRDH_1SDV_20220825T153402_20220825T153427_044711_05568D_rtc,[2],10
266,1,S1A_IW_GRDH_1SDV_20220806T154148_20220806T154213_044434_054D6D_rtc,S1A_IW_GRDH_1SDV_20220806T154148_20220806T154213_044434_054D6D_rtc,[1],1
267,2,S1A_IW_GRDH_1SDV_20220813T153401_20220813T153426_044536_0550A8_rtc,S1A_IW_GRDH_1SDV_20220818T154148_20220818T154213_044609_055324_rtc,[1],2
268,1,S1A_IW_GRDH_1SDV_20220818T154148_20220818T154213_044609_055324_rtc,S1A_IW_GRDH_1SDV_20220818T154148_20220818T154213_044609_055324_rtc,[1],1
269,2,S1A_IW_GRDH_1SDV_20220818T154148_20220818T154213_044609_055324_rtc,S1A_IW_GRDH_1SDV_20220825T153402_20220825T153427_044711_05568D_rtc,[1],2
270,1,S1A_IW_GRDH_1SDV_20220818T154148_20220818T154213_044609_055324_rtc,S1A_IW_GRDH_1SDV_20220818T154148_20220818T154213_044609_055324_rtc,[1],1
271,1,S1A_IW_GRDH_1SDV_20220818T154148_20220818T154213_044609_055324_rtc,S1A_IW_GRDH_1SDV_20220818T154148_20220818T154213_044609_055324_rtc,[1],1
272,1,S1A_IW_GRDH_1SDV_20220825T153402_20220825T153427_044711_05568D_rtc,S1A_IW_GRDH_1SDV_20220825T153402_20220825T153427_044711_05568D_rtc,[2],1
273,1,S1A_IW_GRDH_1SDV_20220825T153402_20220825T153427_044711_05568D_rtc,S1A_IW_GRDH_1SDV_20220825T153402_20220825T153427_044711_05568D_rtc,[1],1
274,1,S1A_IW_GRDH_1SDV_20220825T153402_20220825T153427_044711_05568D_rtc,S1A_IW_GRDH_1SDV_20220825T153402_20220825T153427_044711_05568D_rtc,[2],1
275,1,S1A_IW_GRDH_1SDV_20220825T153402_20220825T153427_044711_05568D_rtc,S1A_IW_GRDH_1SDV_20220825T153402_20220825T153427_044711_05568D_rtc,[2],1
276,4,S1A_IW_GRDH_1SDV_20220906T153403_20220906T153428_044886_055C7E_rtc,S1A_IW_GRDH_1SDV_20220923T154149_20220923T154214_045134_0564D3_rtc,[1],4
277,4,S1A_IW_GRDH_1SDV_20220906T153403_20220906T153428_044886_055C7E_rtc,S1A_IW_GRDH_1SDV_20220923T154149_20220923T154214_045134_0564D3_rtc,[1],4
278,4,S1A_IW_GRDH_1SDV_20220906T153403_20220906T153428_044886_055C7E_rtc,S1A_IW_GRDH_1SDV_20220923T154149_20220923T154214_045134_0564D3_rtc,[1],4
279,6,S1A_IW_GRDH_1SDV_20220906T153403_20220906T153428_044886_055C7E_rtc,S1A_IW_GRDH_1SDV_20220923T154149_20220923T154214_045134_0564D3_rtc,[1],6
280,6,S1A_IW_GRDH_1SDV_20220906T153403_20220906T153428_044886_055C7E_rtc,S1A_IW_GRDH_1SDV_20220923T154149_20220923T154214_045134_0564D3_rtc,[2],6
281,3,S1A_IW_GRDH_1SDV_20220906T153403_20220906T153428_044886_055C7E_rtc,S1A_IW_GRDH_1SDV_20220911T154150_20220911T154215_044959_055EEF_rtc,[2],3
282,7,S1A_IW_GRDH_1SDV_20220906T153403_20220906T153428_044886_055C7E_rtc,S1A_IW_GRDH_1SDV_20220930T153403_20220930T153428_045236_056836_rtc,[2],7
283,3,S1A_IW_GRDH_1SDV_20220906T153403_20220906T153428_044886_055C7E_rtc,S1A_IW_GRDH_1SDV_20220918T153402_20220918T153427_045061_05625A_rtc,[1],3
284,1,S1A_IW_GRDH_1SDV_20220906T153403_20220906T153428_044886_055C7E_rtc,S1A_IW_GRDH_1SDV_20220906T153403_20220906T153428_044886_055C7E_rtc,[2],1
285,1,S1A_IW_GRDH_1SDV_20220906T153403_20220906T153428_044886_055C7E_rtc,S1A_IW_GRDH_1SDV_20220906T153403_20220906T153428_044886_055C7E_rtc,[2],1
286,8,S1A_IW_GRDH_1SDV_20220906T153403_20220906T153428_044886_055C7E_rtc,S1A_IW_GRDH_1SDV_20220930T153403_20220930T153428_045236_056836_rtc,[2],8
287,6,S1A_IW_GRDH_1SDV_20220906T153403_20220906T153428_044886_055C7E_rtc,S1A_IW_GRDH_1SDV_20220930T153403_20220930T153428_045236_056836_rtc,[2],6
288,3,S1A_IW_GRDH_1SDV_20220906T153403_20220906T153428_044886_055C7E_rtc,S1A_IW_GRDH_1SDV_20220918T153402_20220918T153427_045061_05625A_rtc,[2],3
289,1,S1A_IW_GRDH_1SDV_20220906T153403_20220906T153428_044886_055C7E_rtc,S1A_IW_GRDH_1SDV_20220906T153403_20220906T153428_044886_055C7E_rtc,[2],1
290,1,S1A_IW_GRDH_1SDV_20220906T153403_20220906T153428_044886_055C7E_rtc,S1A_IW_GRDH_1SDV_20220906T153403_20220906T153428_044886_055C7E_rtc,[2],1
291,259,S1A_IW_GRDH_1SDV_20220906T153403_20220906T153428_044886_055C7E_rtc,S1A_IW_GRDH_1SDV_20230323T034312_20230323T034337_047766_05BD00_rtc,"[1, 2]",259
292,1,S1A_IW_GRDH_1SDV_20220911T154150_20220911T154215_044959_055EEF_rtc,S1A_IW_GRDH_1SDV_20220911T154150_20220911T154215_044959_055EEF_rtc,[2],1
293,1,S1A_IW_GRDH_1SDV_20220911T154150_20220911T154215_044959_055EEF_rtc,S1A_IW_GRDH_1SDV_20220911T154150_20220911T154215_044959_055EEF_rtc,[2],1
294,1,S1A_IW_GRDH_1SDV_20220911T154150_20220911T154215_044959_055EEF_rtc,S1A_IW_GRDH_1SDV_20220911T154150_20220911T154215_044959_055EEF_rtc,[2],1
295,5,S1A_IW_GRDH_1SDV_20220911T154150_20220911T154215_044959_055EEF_rtc,S1A_IW_GRDH_1SDV_20220923T154149_20220923T154214_045134_0564D3_rtc,[2],5
296,1,S1A_IW_GRDH_1SDV_20220911T154150_20220911T154215_044959_055EEF_rtc,S1A_IW_GRDH_1SDV_20220911T154150_20220911T154215_044959_055EEF_rtc,[1],1
297,1,S1A_IW_GRDH_1SDV_20220911T154150_20220911T154215_044959_055EEF_rtc,S1A_IW_GRDH_1SDV_20220911T154150_20220911T154215_044959_055EEF_rtc,[1],1
298,1,S1A_IW_GRDH_1SDV_20220918T153402_20220918T153427_045061_05625A_rtc,S1A_IW_GRDH_1SDV_20220918T153402_20220918T153427_045061_05625A_rtc,[1],1
299,2,S1A_IW_GRDH_1SDV_20220918T153402_20220918T153427_045061_05625A_rtc,S1A_IW_GRDH_1SDV_20220923T154149_20220923T154214_045134_0564D3_rtc,[1],2
300,1,S1A_IW_GRDH_1SDV_20220923T154149_20220923T154214_045134_0564D3_rtc,S1A_IW_GRDH_1SDV_20220923T154149_20220923T154214_045134_0564D3_rtc,[1],1
301,1,S1A_IW_GRDH_1SDV_20220923T154149_20220923T154214_045134_0564D3_rtc,S1A_IW_GRDH_1SDV_20220923T154149_20220923T154214_045134_0564D3_rtc,[2],1
302,1,S1A_IW_GRDH_1SDV_20220923T154149_20220923T154214_045134_0564D3_rtc,S1A_IW_GRDH_1SDV_20220923T154149_20220923T154214_045134_0564D3_rtc,[1],1
303,1,S1A_IW_GRDH_1SDV_20220923T154149_20220923T154214_045134_0564D3_rtc,S1A_IW_GRDH_1SDV_20220923T154149_20220923T154214_045134_0564D3_rtc,[1],1
304,2,S1A_IW_GRDH_1SDV_20220930T153403_20220930T153428_045236_056836_rtc,S1A_IW_GRDH_1SDV_20221001T033521_20221001T033546_045243_05687F_rtc,[1],2
305,1,S1A_IW_GRDH_1SDV_20220930T153403_20220930T153428_045236_056836_rtc,S1A_IW_GRDH_1SDV_20220930T153403_20220930T153428_045236_056836_rtc,[1],1
306,1,S1A_IW_GRDH_1SDV_20220930T153403_20220930T153428_045236_056836_rtc,S1A_IW_GRDH_1SDV_20220930T153403_20220930T153428_045236_056836_rtc,[2],1
307,19,S1A_IW_GRDH_1SDV_20221005T154150_20221005T154215_045309_056AB6_rtc,S1A_IW_GRDH_1SDV_20221223T153401_20221223T153426_046461_0590FB_rtc,[1],19
308,12,S1A_IW_GRDH_1SDV_20221005T154150_20221005T154215_045309_056AB6_rtc,S1A_IW_GRDH_1SDV_20221205T034315_20221205T034340_046191_0587CF_rtc,[1],12
309,2,S1A_IW_GRDH_1SDV_20221005T154150_20221005T154215_045309_056AB6_rtc,S1A_IW_GRDH_1SDV_20221012T153403_20221012T153428_045411_056E1E_rtc,"[1, 2]",2
310,22,S1A_IW_GRDH_1SDV_20221005T154150_20221005T154215_045309_056AB6_rtc,S1A_IW_GRDH_1SDV_20221129T153402_20221129T153427_046111_058509_rtc,"[1, 2]",22
311,18,S1A_IW_GRDH_1SDV_20221005T154150_20221005T154215_045309_056AB6_rtc,S1A_IW_GRDH_1SDV_20221223T153401_20221223T153426_046461_0590FB_rtc,[2],18
312,1,S1A_IW_GRDH_1SDV_20221005T154150_20221005T154215_045309_056AB6_rtc,S1A_IW_GRDH_1SDV_20221005T154150_20221005T154215_045309_056AB6_rtc,[1],1
313,1,S1A_IW_GRDH_1SDV_20221005T154150_20221005T154215_045309_056AB6_rtc,S1A_IW_GRDH_1SDV_20221005T154150_20221005T154215_045309_056AB6_rtc,[2],1
314,15,S1A_IW_GRDH_1SDV_20221005T154150_20221005T154215_045309_056AB6_rtc,S1A_IW_GRDH_1SDV_20221122T154150_20221122T154215_046009_058198_rtc,[2],15
315,27,S1A_IW_GRDH_1SDV_20221005T154150_20221005T154215_045309_056AB6_rtc,S1A_IW_GRDH_1SDV_20221205T034315_20221205T034340_046191_0587CF_rtc,[2],27
316,5,S1A_IW_GRDH_1SDV_20221005T154150_20221005T154215_045309_056AB6_rtc,S1A_IW_GRDH_1SDV_20221017T154150_20221017T154215_045484_05704D_rtc,[2],5
317,1,S1A_IW_GRDH_1SDV_20221005T154150_20221005T154215_045309_056AB6_rtc,S1A_IW_GRDH_1SDV_20221005T154150_20221005T154215_045309_056AB6_rtc,[2],1
318,1,S1A_IW_GRDH_1SDV_20221005T154150_20221005T154215_045309_056AB6_rtc,S1A_IW_GRDH_1SDV_20221005T154150_20221005T154215_045309_056AB6_rtc,[1],1
319,1,S1A_IW_GRDH_1SDV_20221005T154150_20221005T154215_045309_056AB6_rtc,S1A_IW_GRDH_1SDV_20221005T154150_20221005T154215_045309_056AB6_rtc,[1],1
320,1,S1A_IW_GRDH_1SDV_20221005T154150_20221005T154215_045309_056AB6_rtc,S1A_IW_GRDH_1SDV_20221005T154150_20221005T154215_045309_056AB6_rtc,[1],1
321,1,S1A_IW_GRDH_1SDV_20221017T154150_20221017T154215_045484_05704D_rtc,S1A_IW_GRDH_1SDV_20221017T154150_20221017T154215_045484_05704D_rtc,[2],1
322,1,S1A_IW_GRDH_1SDV_20221017T154150_20221017T154215_045484_05704D_rtc,S1A_IW_GRDH_1SDV_20221017T154150_20221017T154215_045484_05704D_rtc,[1],1
323,1,S1A_IW_GRDH_1SDV_20221017T154150_20221017T154215_045484_05704D_rtc,S1A_IW_GRDH_1SDV_20221017T154150_20221017T154215_045484_05704D_rtc,[1],1
324,1,S1A_IW_GRDH_1SDV_20221017T154150_20221017T154215_045484_05704D_rtc,S1A_IW_GRDH_1SDV_20221017T154150_20221017T154215_045484_05704D_rtc,[1],1
325,1,S1A_IW_GRDH_1SDV_20221017T154150_20221017T154215_045484_05704D_rtc,S1A_IW_GRDH_1SDV_20221017T154150_20221017T154215_045484_05704D_rtc,[1],1
326,2,S1A_IW_GRDH_1SDV_20221024T153403_20221024T153428_045586_05734A_rtc,S1A_IW_GRDH_1SDV_20221029T154150_20221029T154215_045659_0575C5_rtc,"[1, 2]",2
327,1,S1A_IW_GRDH_1SDV_20221029T154150_20221029T154215_045659_0575C5_rtc,S1A_IW_GRDH_1SDV_20221029T154150_20221029T154215_045659_0575C5_rtc,[1],1
328,1,S1A_IW_GRDH_1SDV_20221029T154150_20221029T154215_045659_0575C5_rtc,S1A_IW_GRDH_1SDV_20221029T154150_20221029T154215_045659_0575C5_rtc,[1],1
329,1,S1A_IW_GRDH_1SDV_20221029T154150_20221029T154215_045659_0575C5_rtc,S1A_IW_GRDH_1SDV_20221029T154150_20221029T154215_045659_0575C5_rtc,[1],1
330,1,S1A_IW_GRDH_1SDV_20221110T154149_20221110T154214_045834_057BAB_rtc,S1A_IW_GRDH_1SDV_20221110T154149_20221110T154214_045834_057BAB_rtc,[1],1
331,1,S1A_IW_GRDH_1SDV_20221110T154149_20221110T154214_045834_057BAB_rtc,S1A_IW_GRDH_1SDV_20221110T154149_20221110T154214_045834_057BAB_rtc,[1],1
332,1,S1A_IW_GRDH_1SDV_20221110T154149_20221110T154214_045834_057BAB_rtc,S1A_IW_GRDH_1SDV_20221110T154149_20221110T154214_045834_057BAB_rtc,[1],1
333,1,S1A_IW_GRDH_1SDV_20221110T154149_20221110T154214_045834_057BAB_rtc,S1A_IW_GRDH_1SDV_20221110T154149_20221110T154214_045834_057BAB_rtc,[1],1
334,2,S1A_IW_GRDH_1SDV_20221122T154150_20221122T154215_046009_058198_rtc,S1A_IW_GRDH_1SDV_20221129T153402_20221129T153427_046111_058509_rtc,[1],2
335,4,S1A_IW_GRDH_1SDV_20221122T154150_20221122T154215_046009_058198_rtc,S1A_IW_GRDH_1SDV_20221204T154149_20221204T154214_046184_05878D_rtc,[1],4
336,1,S1A_IW_GRDH_1SDV_20221122T154150_20221122T154215_046009_058198_rtc,S1A_IW_GRDH_1SDV_20221122T154150_20221122T154215_046009_058198_rtc,[1],1
337,14,S1A_IW_GRDH_1SDV_20221122T154150_20221122T154215_046009_058198_rtc,S1A_IW_GRDH_1SDV_20221228T154147_20221228T154212_046534_05937C_rtc,[1],14
338,1,S1A_IW_GRDH_1SDV_20221122T154150_20221122T154215_046009_058198_rtc,S1A_IW_GRDH_1SDV_20221122T154150_20221122T154215_046009_058198_rtc,[1],1
339,1,S1A_IW_GRDH_1SDV_20221129T153402_20221129T153427_046111_058509_rtc,S1A_IW_GRDH_1SDV_20221129T153402_20221129T153427_046111_058509_rtc,[1],1
340,1,S1A_IW_GRDH_1SDV_20221129T153402_20221129T153427_046111_058509_rtc,S1A_IW_GRDH_1SDV_20221129T153402_20221129T153427_046111_058509_rtc,[1],1
341,1,S1A_IW_GRDH_1SDV_20221129T153402_20221129T153427_046111_058509_rtc,S1A_IW_GRDH_1SDV_20221129T153402_20221129T153427_046111_058509_rtc,[1],1
342,1,S1A_IW_GRDH_1SDV_20221129T153402_20221129T153427_046111_058509_rtc,S1A_IW_GRDH_1SDV_20221129T153402_20221129T153427_046111_058509_rtc,[1],1
343,1,S1A_IW_GRDH_1SDV_20221129T153402_20221129T153427_046111_058509_rtc,S1A_IW_GRDH_1SDV_20221129T153402_20221129T153427_046111_058509_rtc,[1],1
344,1,S1A_IW_GRDH_1SDV_20221129T153402_20221129T153427_046111_058509_rtc,S1A_IW_GRDH_1SDV_20221129T153402_20221129T153427_046111_058509_rtc,[1],1
345,1,S1A_IW_GRDH_1SDV_20221129T153402_20221129T153427_046111_058509_rtc,S1A_IW_GRDH_1SDV_20221129T153402_20221129T153427_046111_058509_rtc,[1],1
346,1,S1A_IW_GRDH_1SDV_20221129T153402_20221129T153427_046111_058509_rtc,S1A_IW_GRDH_1SDV_20221129T153402_20221129T153427_046111_058509_rtc,[1],1
347,1,S1A_IW_GRDH_1SDV_20221129T153402_20221129T153427_046111_058509_rtc,S1A_IW_GRDH_1SDV_20221129T153402_20221129T153427_046111_058509_rtc,[2],1
348,1,S1A_IW_GRDH_1SDV_20221129T153402_20221129T153427_046111_058509_rtc,S1A_IW_GRDH_1SDV_20221129T153402_20221129T153427_046111_058509_rtc,[2],1
349,1,S1A_IW_GRDH_1SDV_20221129T153402_20221129T153427_046111_058509_rtc,S1A_IW_GRDH_1SDV_20221129T153402_20221129T153427_046111_058509_rtc,[2],1
350,1,S1A_IW_GRDH_1SDV_20221129T153402_20221129T153427_046111_058509_rtc,S1A_IW_GRDH_1SDV_20221129T153402_20221129T153427_046111_058509_rtc,[2],1
351,1,S1A_IW_GRDH_1SDV_20221129T153402_20221129T153427_046111_058509_rtc,S1A_IW_GRDH_1SDV_20221129T153402_20221129T153427_046111_058509_rtc,[2],1
352,1,S1A_IW_GRDH_1SDV_20221129T153402_20221129T153427_046111_058509_rtc,S1A_IW_GRDH_1SDV_20221129T153402_20221129T153427_046111_058509_rtc,[1],1
353,1,S1A_IW_GRDH_1SDV_20221129T153402_20221129T153427_046111_058509_rtc,S1A_IW_GRDH_1SDV_20221129T153402_20221129T153427_046111_058509_rtc,[2],1
354,1,S1A_IW_GRDH_1SDV_20221129T153402_20221129T153427_046111_058509_rtc,S1A_IW_GRDH_1SDV_20221129T153402_20221129T153427_046111_058509_rtc,[2],1
355,1,S1A_IW_GRDH_1SDV_20221129T153402_20221129T153427_046111_058509_rtc,S1A_IW_GRDH_1SDV_20221129T153402_20221129T153427_046111_058509_rtc,[2],1
356,1,S1A_IW_GRDH_1SDV_20221129T153402_20221129T153427_046111_058509_rtc,S1A_IW_GRDH_1SDV_20221129T153402_20221129T153427_046111_058509_rtc,[2],1
357,1,S1A_IW_GRDH_1SDV_20221129T153402_20221129T153427_046111_058509_rtc,S1A_IW_GRDH_1SDV_20221129T153402_20221129T153427_046111_058509_rtc,[2],1
358,1,S1A_IW_GRDH_1SDV_20221129T153402_20221129T153427_046111_058509_rtc,S1A_IW_GRDH_1SDV_20221129T153402_20221129T153427_046111_058509_rtc,[2],1
359,2,S1A_IW_GRDH_1SDV_20221204T154149_20221204T154214_046184_05878D_rtc,S1A_IW_GRDH_1SDV_20221205T034315_20221205T034340_046191_0587CF_rtc,[2],2
360,1,S1A_IW_GRDH_1SDV_20221205T034315_20221205T034340_046191_0587CF_rtc,S1A_IW_GRDH_1SDV_20221205T034315_20221205T034340_046191_0587CF_rtc,[2],1
361,1,S1A_IW_GRDH_1SDV_20221205T034315_20221205T034340_046191_0587CF_rtc,S1A_IW_GRDH_1SDV_20221205T034315_20221205T034340_046191_0587CF_rtc,[2],1
362,1,S1A_IW_GRDH_1SDV_20221211T153402_20221211T153427_046286_058B02_rtc,S1A_IW_GRDH_1SDV_20221211T153402_20221211T153427_046286_058B02_rtc,[1],1
363,1,S1A_IW_GRDH_1SDV_20221211T153402_20221211T153427_046286_058B02_rtc,S1A_IW_GRDH_1SDV_20221211T153402_20221211T153427_046286_058B02_rtc,[1],1
364,1,S1A_IW_GRDH_1SDV_20221211T153402_20221211T153427_046286_058B02_rtc,S1A_IW_GRDH_1SDV_20221211T153402_20221211T153427_046286_058B02_rtc,[1],1
365,1,S1A_IW_GRDH_1SDV_20221211T153402_20221211T153427_046286_058B02_rtc,S1A_IW_GRDH_1SDV_20221211T153402_20221211T153427_046286_058B02_rtc,[1],1
366,1,S1A_IW_GRDH_1SDV_20221211T153402_20221211T153427_046286_058B02_rtc,S1A_IW_GRDH_1SDV_20221211T153402_20221211T153427_046286_058B02_rtc,[2],1
367,1,S1A_IW_GRDH_1SDV_20221211T153402_20221211T153427_046286_058B02_rtc,S1A_IW_GRDH_1SDV_20221211T153402_20221211T153427_046286_058B02_rtc,[1],1
368,1,S1A_IW_GRDH_1SDV_20221211T153402_20221211T153427_046286_058B02_rtc,S1A_IW_GRDH_1SDV_20221211T153402_20221211T153427_046286_058B02_rtc,[1],1
369,1,S1A_IW_GRDH_1SDV_20221211T153402_20221211T153427_046286_058B02_rtc,S1A_IW_GRDH_1SDV_20221211T153402_20221211T153427_046286_058B02_rtc,[2],1
370,1,S1A_IW_GRDH_1SDV_20221211T153402_20221211T153427_046286_058B02_rtc,S1A_IW_GRDH_1SDV_20221211T153402_20221211T153427_046286_058B02_rtc,[2],1
371,1,S1A_IW_GRDH_1SDV_20221211T153402_20221211T153427_046286_058B02_rtc,S1A_IW_GRDH_1SDV_20221211T153402_20221211T153427_046286_058B02_rtc,[2],1
372,1,S1A_IW_GRDH_1SDV_20221211T153402_20221211T153427_046286_058B02_rtc,S1A_IW_GRDH_1SDV_20221211T153402_20221211T153427_046286_058B02_rtc,[2],1
373,10,S1A_IW_GRDH_1SDV_20221211T153402_20221211T153427_046286_058B02_rtc,S1A_IW_GRDH_1SDV_20221223T153401_20221223T153426_046461_0590FB_rtc,"[1, 2]",10
374,1,S1A_IW_GRDH_1SDV_20221216T154148_20221216T154213_046359_058D81_rtc,S1A_IW_GRDH_1SDV_20221216T154148_20221216T154213_046359_058D81_rtc,[2],1
375,14,S1A_IW_GRDH_1SDV_20221216T154148_20221216T154213_046359_058D81_rtc,S1A_IW_GRDH_1SDV_20230121T154146_20230121T154211_046884_059F43_rtc,[2],14
376,2,S1A_IW_GRDH_1SDV_20221216T154148_20221216T154213_046359_058D81_rtc,S1A_IW_GRDH_1SDV_20221223T153401_20221223T153426_046461_0590FB_rtc,[2],2
377,1,S1A_IW_GRDH_1SDV_20221223T153401_20221223T153426_046461_0590FB_rtc,S1A_IW_GRDH_1SDV_20221223T153401_20221223T153426_046461_0590FB_rtc,[1],1
378,1,S1A_IW_GRDH_1SDV_20221223T153401_20221223T153426_046461_0590FB_rtc,S1A_IW_GRDH_1SDV_20221223T153401_20221223T153426_046461_0590FB_rtc,[1],1
379,1,S1A_IW_GRDH_1SDV_20221223T153401_20221223T153426_046461_0590FB_rtc,S1A_IW_GRDH_1SDV_20221223T153401_20221223T153426_046461_0590FB_rtc,[1],1
380,1,S1A_IW_GRDH_1SDV_20221223T153401_20221223T153426_046461_0590FB_rtc,S1A_IW_GRDH_1SDV_20221223T153401_20221223T153426_046461_0590FB_rtc,[1],1
381,1,S1A_IW_GRDH_1SDV_20221223T153401_20221223T153426_046461_0590FB_rtc,S1A_IW_GRDH_1SDV_20221223T153401_20221223T153426_046461_0590FB_rtc,[1],1
382,1,S1A_IW_GRDH_1SDV_20221223T153401_20221223T153426_046461_0590FB_rtc,S1A_IW_GRDH_1SDV_20221223T153401_20221223T153426_046461_0590FB_rtc,[2],1
383,1,S1A_IW_GRDH_1SDV_20221223T153401_20221223T153426_046461_0590FB_rtc,S1A_IW_GRDH_1SDV_20221223T153401_20221223T153426_046461_0590FB_rtc,[2],1
384,1,S1A_IW_GRDH_1SDV_20221223T153401_20221223T153426_046461_0590FB_rtc,S1A_IW_GRDH_1SDV_20221223T153401_20221223T153426_046461_0590FB_rtc,[1],1
385,1,S1A_IW_GRDH_1SDV_20221223T153401_20221223T153426_046461_0590FB_rtc,S1A_IW_GRDH_1SDV_20221223T153401_20221223T153426_046461_0590FB_rtc,[2],1
386,16,S1A_IW_GRDH_1SDV_20221228T154147_20221228T154212_046534_05937C_rtc,S1A_IW_GRDH_1SDV_20230203T034313_20230203T034338_047066_05A559_rtc,[2],16
387,1,S1A_IW_GRDH_1SDV_20230104T153400_20230104T153425_046636_0596ED_rtc,S1A_IW_GRDH_1SDV_20230104T153400_20230104T153425_046636_0596ED_rtc,[1],1
388,30,S1A_IW_GRDH_1SDV_20230104T153400_20230104T153425_046636_0596ED_rtc,S1A_IW_GRDH_1SDV_20230323T034312_20230323T034337_047766_05BD00_rtc,[1],30
389,16,S1A_IW_GRDH_1SDV_20230104T153400_20230104T153425_046636_0596ED_rtc,S1A_IW_GRDH_1SDV_20230221T153358_20230221T153423_047336_05AE7F_rtc,"[1, 2]",16
390,2,S1A_IW_GRDH_1SDV_20230104T153400_20230104T153425_046636_0596ED_rtc,S1A_IW_GRDH_1SDV_20230109T154147_20230109T154212_046709_05995B_rtc,"[1, 2]",2
391,1,S1A_IW_GRDH_1SDV_20230104T153400_20230104T153425_046636_0596ED_rtc,S1A_IW_GRDH_1SDV_20230104T153400_20230104T153425_046636_0596ED_rtc,[2],1
392,10,S1A_IW_GRDH_1SDV_20230104T153400_20230104T153425_046636_0596ED_rtc,S1A_IW_GRDH_1SDV_20230203T034313_20230203T034338_047066_05A559_rtc,"[1, 2]",10
393,1,S1A_IW_GRDH_1SDV_20230104T153400_20230104T153425_046636_0596ED_rtc,S1A_IW_GRDH_1SDV_20230104T153400_20230104T153425_046636_0596ED_rtc,[2],1
394,3,S1A_IW_GRDH_1SDV_20230109T154147_20230109T154212_046709_05995B_rtc,S1A_IW_GRDH_1SDV_20230121T154146_20230121T154211_046884_059F43_rtc,[2],3
395,12,S1A_IW_GRDH_1SDV_20230109T154147_20230109T154212_046709_05995B_rtc,S1A_IW_GRDH_1SDV_20230203T034313_20230203T034338_047066_05A559_rtc,[1],12
396,10,S1A_IW_GRDH_1SDV_20230109T154147_20230109T154212_046709_05995B_rtc,S1A_IW_GRDH_1SDV_20230202T154146_20230202T154211_047059_05A518_rtc,[1],10
397,1,S1A_IW_GRDH_1SDV_20230116T153359_20230116T153424_046811_059CCE_rtc,S1A_IW_GRDH_1SDV_20230116T153359_20230116T153424_046811_059CCE_rtc,[1],1
398,1,S1A_IW_GRDH_1SDV_20230116T153359_20230116T153424_046811_059CCE_rtc,S1A_IW_GRDH_1SDV_20230116T153359_20230116T153424_046811_059CCE_rtc,[1],1
399,1,S1A_IW_GRDH_1SDV_20230116T153359_20230116T153424_046811_059CCE_rtc,S1A_IW_GRDH_1SDV_20230116T153359_20230116T153424_046811_059CCE_rtc,[1],1
400,1,S1A_IW_GRDH_1SDV_20230116T153359_20230116T153424_046811_059CCE_rtc,S1A_IW_GRDH_1SDV_20230116T153359_20230116T153424_046811_059CCE_rtc,[1],1
401,1,S1A_IW_GRDH_1SDV_20230116T153359_20230116T153424_046811_059CCE_rtc,S1A_IW_GRDH_1SDV_20230116T153359_20230116T153424_046811_059CCE_rtc,[1],1
402,1,S1A_IW_GRDH_1SDV_20230116T153359_20230116T153424_046811_059CCE_rtc,S1A_IW_GRDH_1SDV_20230116T153359_20230116T153424_046811_059CCE_rtc,[1],1
403,1,S1A_IW_GRDH_1SDV_20230116T153359_20230116T153424_046811_059CCE_rtc,S1A_IW_GRDH_1SDV_20230116T153359_20230116T153424_046811_059CCE_rtc,[1],1
404,1,S1A_IW_GRDH_1SDV_20230116T153359_20230116T153424_046811_059CCE_rtc,S1A_IW_GRDH_1SDV_20230116T153359_20230116T153424_046811_059CCE_rtc,[1],1
405,1,S1A_IW_GRDH_1SDV_20230116T153359_20230116T153424_046811_059CCE_rtc,S1A_IW_GRDH_1SDV_20230116T153359_20230116T153424_046811_059CCE_rtc,[1],1
406,1,S1A_IW_GRDH_1SDV_20230116T153359_20230116T153424_046811_059CCE_rtc,S1A_IW_GRDH_1SDV_20230116T153359_20230116T153424_046811_059CCE_rtc,[1],1
407,1,S1A_IW_GRDH_1SDV_20230116T153359_20230116T153424_046811_059CCE_rtc,S1A_IW_GRDH_1SDV_20230116T153359_20230116T153424_046811_059CCE_rtc,[1],1
408,1,S1A_IW_GRDH_1SDV_20230116T153359_20230116T153424_046811_059CCE_rtc,S1A_IW_GRDH_1SDV_20230116T153359_20230116T153424_046811_059CCE_rtc,[2],1
409,1,S1A_IW_GRDH_1SDV_20230116T153359_20230116T153424_046811_059CCE_rtc,S1A_IW_GRDH_1SDV_20230116T153359_20230116T153424_046811_059CCE_rtc,[2],1
410,1,S1A_IW_GRDH_1SDV_20230116T153359_20230116T153424_046811_059CCE_rtc,S1A_IW_GRDH_1SDV_20230116T153359_20230116T153424_046811_059CCE_rtc,[2],1
411,1,S1A_IW_GRDH_1SDV_20230116T153359_20230116T153424_046811_059CCE_rtc,S1A_IW_GRDH_1SDV_20230116T153359_20230116T153424_046811_059CCE_rtc,[2],1
412,1,S1A_IW_GRDH_1SDV_20230116T153359_20230116T153424_046811_059CCE_rtc,S1A_IW_GRDH_1SDV_20230116T153359_20230116T153424_046811_059CCE_rtc,[2],1
413,1,S1A_IW_GRDH_1SDV_20230116T153359_20230116T153424_046811_059CCE_rtc,S1A_IW_GRDH_1SDV_20230116T153359_20230116T153424_046811_059CCE_rtc,[1],1
414,1,S1A_IW_GRDH_1SDV_20230116T153359_20230116T153424_046811_059CCE_rtc,S1A_IW_GRDH_1SDV_20230116T153359_20230116T153424_046811_059CCE_rtc,[1],1
415,1,S1A_IW_GRDH_1SDV_20230128T153359_20230128T153424_046986_05A2B6_rtc,S1A_IW_GRDH_1SDV_20230128T153359_20230128T153424_046986_05A2B6_rtc,[1],1
416,1,S1A_IW_GRDH_1SDV_20230128T153359_20230128T153424_046986_05A2B6_rtc,S1A_IW_GRDH_1SDV_20230128T153359_20230128T153424_046986_05A2B6_rtc,[2],1
417,1,S1A_IW_GRDH_1SDV_20230128T153359_20230128T153424_046986_05A2B6_rtc,S1A_IW_GRDH_1SDV_20230128T153359_20230128T153424_046986_05A2B6_rtc,[1],1
418,1,S1A_IW_GRDH_1SDV_20230128T153359_20230128T153424_046986_05A2B6_rtc,S1A_IW_GRDH_1SDV_20230128T153359_20230128T153424_046986_05A2B6_rtc,[1],1
419,1,S1A_IW_GRDH_1SDV_20230128T153359_20230128T153424_046986_05A2B6_rtc,S1A_IW_GRDH_1SDV_20230128T153359_20230128T153424_046986_05A2B6_rtc,[2],1
420,1,S1A_IW_GRDH_1SDV_20230128T153359_20230128T153424_046986_05A2B6_rtc,S1A_IW_GRDH_1SDV_20230128T153359_20230128T153424_046986_05A2B6_rtc,[2],1
421,1,S1A_IW_GRDH_1SDV_20230128T153359_20230128T153424_046986_05A2B6_rtc,S1A_IW_GRDH_1SDV_20230128T153359_20230128T153424_046986_05A2B6_rtc,[1],1
422,1,S1A_IW_GRDH_1SDV_20230128T153359_20230128T153424_046986_05A2B6_rtc,S1A_IW_GRDH_1SDV_20230128T153359_20230128T153424_046986_05A2B6_rtc,[1],1
423,1,S1A_IW_GRDH_1SDV_20230128T153359_20230128T153424_046986_05A2B6_rtc,S1A_IW_GRDH_1SDV_20230128T153359_20230128T153424_046986_05A2B6_rtc,[2],1
424,1,S1A_IW_GRDH_1SDV_20230128T153359_20230128T153424_046986_05A2B6_rtc,S1A_IW_GRDH_1SDV_20230128T153359_20230128T153424_046986_05A2B6_rtc,[2],1
425,1,S1A_IW_GRDH_1SDV_20230128T153359_20230128T153424_046986_05A2B6_rtc,S1A_IW_GRDH_1SDV_20230128T153359_20230128T153424_046986_05A2B6_rtc,[2],1
426,1,S1A_IW_GRDH_1SDV_20230128T153359_20230128T153424_046986_05A2B6_rtc,S1A_IW_GRDH_1SDV_20230128T153359_20230128T153424_046986_05A2B6_rtc,[2],1
427,1,S1A_IW_GRDH_1SDV_20230128T153359_20230128T153424_046986_05A2B6_rtc,S1A_IW_GRDH_1SDV_20230128T153359_20230128T153424_046986_05A2B6_rtc,[1],1
428,1,S1A_IW_GRDH_1SDV_20230203T034313_20230203T034338_047066_05A559_rtc,S1A_IW_GRDH_1SDV_20230203T034313_20230203T034338_047066_05A559_rtc,[2],1
429,2,S1A_IW_GRDH_1SDV_20230203T034313_20230203T034338_047066_05A559_rtc,S1A_IW_GRDH_1SDV_20230209T153358_20230209T153423_047161_05A88A_rtc,[2],2
430,10,S1A_IW_GRDH_1SDV_20230214T154145_20230214T154210_047234_05AAF2_rtc,S1A_IW_GRDH_1SDV_20230306T033517_20230306T033542_047518_05B4B0_rtc,[2],10
431,27,S1A_IW_GRDH_1SDV_20230214T154145_20230214T154210_047234_05AAF2_rtc,S1A_IW_GRDH_1SDV_20230311T034312_20230311T034337_047591_05B71B_rtc,[2],27
432,1,S1A_IW_GRDH_1SDV_20230214T154145_20230214T154210_047234_05AAF2_rtc,S1A_IW_GRDH_1SDV_20230214T154145_20230214T154210_047234_05AAF2_rtc,[1],1
433,1,S1A_IW_GRDH_1SDV_20230214T154145_20230214T154210_047234_05AAF2_rtc,S1A_IW_GRDH_1SDV_20230214T154145_20230214T154210_047234_05AAF2_rtc,[1],1
434,11,S1A_IW_GRDH_1SDV_20230221T153358_20230221T153423_047336_05AE7F_rtc,S1A_IW_GRDH_1SDV_20230311T034312_20230311T034337_047591_05B71B_rtc,[2],11
435,1,S1A_IW_GRDH_1SDV_20230226T154146_20230226T154211_047409_05B0F1_rtc,S1A_IW_GRDH_1SDV_20230226T154146_20230226T154211_047409_05B0F1_rtc,[2],1
436,1,S1A_IW_GRDH_1SDV_20230226T154146_20230226T154211_047409_05B0F1_rtc,S1A_IW_GRDH_1SDV_20230226T154146_20230226T154211_047409_05B0F1_rtc,[1],1
437,1,S1A_IW_GRDH_1SDV_20230226T154146_20230226T154211_047409_05B0F1_rtc,S1A_IW_GRDH_1SDV_20230226T154146_20230226T154211_047409_05B0F1_rtc,[1],1
438,1,S1A_IW_GRDH_1SDV_20230305T153359_20230305T153424_047511_05B469_rtc,S1A_IW_GRDH_1SDV_20230305T153359_20230305T153424_047511_05B469_rtc,[1],1
439,3,S1A_IW_GRDH_1SDV_20230305T153359_20230305T153424_047511_05B469_rtc,S1A_IW_GRDH_1SDV_20230306T033517_20230306T033542_047518_05B4B0_rtc,[1],3
440,1,S1A_IW_GRDH_1SDV_20230306T033517_20230306T033542_047518_05B4B0_rtc,S1A_IW_GRDH_1SDV_20230306T033517_20230306T033542_047518_05B4B0_rtc,[1],1
441,1,S1A_IW_GRDH_1SDV_20230306T033517_20230306T033542_047518_05B4B0_rtc,S1A_IW_GRDH_1SDV_20230306T033517_20230306T033542_047518_05B4B0_rtc,[1],1
442,1,S1A_IW_GRDH_1SDV_20230306T033517_20230306T033542_047518_05B4B0_rtc,S1A_IW_GRDH_1SDV_20230306T033517_20230306T033542_047518_05B4B0_rtc,[2],1
443,1,S1A_IW_GRDH_1SDV_20230306T033517_20230306T033542_047518_05B4B0_rtc,S1A_IW_GRDH_1SDV_20230306T033517_20230306T033542_047518_05B4B0_rtc,[2],1
444,1,S1A_IW_GRDH_1SDV_20230306T033517_20230306T033542_047518_05B4B0_rtc,S1A_IW_GRDH_1SDV_20230306T033517_20230306T033542_047518_05B4B0_rtc,[2],1
445,1,S1A_IW_GRDH_1SDV_20230306T033517_20230306T033542_047518_05B4B0_rtc,S1A_IW_GRDH_1SDV_20230306T033517_20230306T033542_047518_05B4B0_rtc,[2],1
446,1,S1A_IW_GRDH_1SDV_20230306T033517_20230306T033542_047518_05B4B0_rtc,S1A_IW_GRDH_1SDV_20230306T033517_20230306T033542_047518_05B4B0_rtc,[2],1
447,1,S1A_IW_GRDH_1SDV_20230306T033517_20230306T033542_047518_05B4B0_rtc,S1A_IW_GRDH_1SDV_20230306T033517_20230306T033542_047518_05B4B0_rtc,[2],1
448,1,S1A_IW_GRDH_1SDV_20230306T033517_20230306T033542_047518_05B4B0_rtc,S1A_IW_GRDH_1SDV_20230306T033517_20230306T033542_047518_05B4B0_rtc,[1],1
449,4,S1A_IW_GRDH_1SDV_20230306T033517_20230306T033542_047518_05B4B0_rtc,S1A_IW_GRDH_1SDV_20230311T034312_20230311T034337_047591_05B71B_rtc,[1],4
450,2,S1A_IW_GRDH_1SDV_20230306T033517_20230306T033542_047518_05B4B0_rtc,S1A_IW_GRDH_1SDV_20230310T154145_20230310T154210_047584_05B6DB_rtc,[1],2
451,1,S1A_IW_GRDH_1SDV_20230306T033517_20230306T033542_047518_05B4B0_rtc,S1A_IW_GRDH_1SDV_20230306T033517_20230306T033542_047518_05B4B0_rtc,[1],1
452,1,S1A_IW_GRDH_1SDV_20230311T034312_20230311T034337_047591_05B71B_rtc,S1A_IW_GRDH_1SDV_20230311T034312_20230311T034337_047591_05B71B_rtc,[2],1
453,3,S1A_IW_GRDH_1SDV_20230322T154145_20230322T154210_047759_05BCC9_rtc,S1A_IW_GRDH_1SDV_20230323T034312_20230323T034337_047766_05BD00_rtc,[2],3
454,4,S1A_IW_GRDH_1SDV_20230322T154145_20230322T154210_047759_05BCC9_rtc,S1A_IW_GRDH_1SDV_20230323T034312_20230323T034337_047766_05BD00_rtc,[2],4
455,2,S1A_IW_GRDH_1SDV_20230322T154145_20230322T154210_047759_05BCC9_rtc,S1A_IW_GRDH_1SDV_20230323T034312_20230323T034337_047766_05BD00_rtc,[2],2
456,3,S1A_IW_GRDH_1SDV_20230322T154145_20230322T154210_047759_05BCC9_rtc,S1A_IW_GRDH_1SDV_20230323T034312_20230323T034337_047766_05BD00_rtc,[2],3
457,2,S1A_IW_GRDH_1SDV_20230322T154145_20230322T154210_047759_05BCC9_rtc,S1A_IW_GRDH_1SDV_20230323T034312_20230323T034337_047766_05BD00_rtc,[1],2
458,2,S1A_IW_GRDH_1SDV_20230322T154145_20230322T154210_047759_05BCC9_rtc,S1A_IW_GRDH_1SDV_20230323T034312_20230323T034337_047766_05BD00_rtc,[1],2
459,1,S1A_IW_GRDH_1SDV_20230322T154145_20230322T154210_047759_05BCC9_rtc,S1A_IW_GRDH_1SDV_20230322T154145_20230322T154210_047759_05BCC9_rtc,[2],1
460,26,S1A_IW_GRDH_1SDV_20230403T154146_20230403T154211_047934_05C2A9_rtc,S1A_IW_GRDH_1SDV_20230614T154149_20230614T154214_048984_05E3FD_rtc,[1],26
461,1,S1A_IW_GRDH_1SDV_20230403T154146_20230403T154211_047934_05C2A9_rtc,S1A_IW_GRDH_1SDV_20230403T154146_20230403T154211_047934_05C2A9_rtc,[1],1
462,18,S1A_IW_GRDH_1SDV_20230403T154146_20230403T154211_047934_05C2A9_rtc,S1A_IW_GRDH_1SDV_20230614T154149_20230614T154214_048984_05E3FD_rtc,"[1, 2]",18
463,1,S1A_IW_GRDH_1SDV_20230403T154146_20230403T154211_047934_05C2A9_rtc,S1A_IW_GRDH_1SDV_20230403T154146_20230403T154211_047934_05C2A9_rtc,[2],1
464,2,S1A_IW_GRDH_1SDV_20230403T154146_20230403T154211_047934_05C2A9_rtc,S1A_IW_GRDH_1SDV_20230404T034313_20230404T034338_047941_05C2E9_rtc,[2],2
465,1,S1A_IW_GRDH_1SDV_20230403T154146_20230403T154211_047934_05C2A9_rtc,S1A_IW_GRDH_1SDV_20230403T154146_20230403T154211_047934_05C2A9_rtc,[1],1
466,2,S1A_IW_GRDH_1SDV_20230403T154146_20230403T154211_047934_05C2A9_rtc,S1A_IW_GRDH_1SDV_20230404T034313_20230404T034338_047941_05C2E9_rtc,[2],2
467,14,S1A_IW_GRDH_1SDV_20230403T154146_20230403T154211_047934_05C2A9_rtc,S1A_IW_GRDH_1SDV_20230509T154147_20230509T154212_048459_05D442_rtc,[2],14
468,6,S1A_IW_GRDH_1SDV_20230403T154146_20230403T154211_047934_05C2A9_rtc,S1A_IW_GRDH_1SDV_20230415T154146_20230415T154211_048109_05C895_rtc,[2],6
469,2,S1A_IW_GRDH_1SDV_20230403T154146_20230403T154211_047934_05C2A9_rtc,S1A_IW_GRDH_1SDV_20230404T034313_20230404T034338_047941_05C2E9_rtc,[2],2
470,196,S1A_IW_GRDH_1SDV_20230403T154146_20230403T154211_047934_05C2A9_rtc,S1A_IW_GRDH_1SDV_20230907T034321_20230907T034346_050216_060B4C_rtc,"[1, 2]",196
471,13,S1A_IW_GRDH_1SDV_20230403T154146_20230403T154211_047934_05C2A9_rtc,S1A_IW_GRDH_1SDV_20230427T154147_20230427T154212_048284_05CE71_rtc,[2],13
472,1,S1A_IW_GRDH_1SDV_20230403T154146_20230403T154211_047934_05C2A9_rtc,S1A_IW_GRDH_1SDV_20230403T154146_20230403T154211_047934_05C2A9_rtc,[2],1
473,5,S1A_IW_GRDH_1SDV_20230403T154146_20230403T154211_047934_05C2A9_rtc,S1A_IW_GRDH_1SDV_20230415T154146_20230415T154211_048109_05C895_rtc,[2],5
474,1,S1A_IW_GRDH_1SDV_20230403T154146_20230403T154211_047934_05C2A9_rtc,S1A_IW_GRDH_1SDV_20230403T154146_20230403T154211_047934_05C2A9_rtc,[2],1
475,6,S1A_IW_GRDH_1SDV_20230403T154146_20230403T154211_047934_05C2A9_rtc,S1A_IW_GRDH_1SDV_20230404T034313_20230404T034338_047941_05C2E9_rtc,[2],6
476,4,S1A_IW_GRDH_1SDV_20230403T154146_20230403T154211_047934_05C2A9_rtc,S1A_IW_GRDH_1SDV_20230404T034313_20230404T034338_047941_05C2E9_rtc,[2],4
477,3,S1A_IW_GRDH_1SDV_20230403T154146_20230403T154211_047934_05C2A9_rtc,S1A_IW_GRDH_1SDV_20230404T034313_20230404T034338_047941_05C2E9_rtc,[1],3
478,1,S1A_IW_GRDH_1SDV_20230403T154146_20230403T154211_047934_05C2A9_rtc,S1A_IW_GRDH_1SDV_20230403T154146_20230403T154211_047934_05C2A9_rtc,[1],1
479,1,S1A_IW_GRDH_1SDV_20230404T034313_20230404T034338_047941_05C2E9_rtc,S1A_IW_GRDH_1SDV_20230404T034313_20230404T034338_047941_05C2E9_rtc,[2],1
480,1,S1A_IW_GRDH_1SDV_20230404T034313_20230404T034338_047941_05C2E9_rtc,S1A_IW_GRDH_1SDV_20230404T034313_20230404T034338_047941_05C2E9_rtc,[2],1
481,1,S1A_IW_GRDH_1SDV_20230404T034313_20230404T034338_047941_05C2E9_rtc,S1A_IW_GRDH_1SDV_20230404T034313_20230404T034338_047941_05C2E9_rtc,[1],1
482,1,S1A_IW_GRDH_1SDV_20230404T034313_20230404T034338_047941_05C2E9_rtc,S1A_IW_GRDH_1SDV_20230404T034313_20230404T034338_047941_05C2E9_rtc,[1],1
483,1,S1A_IW_GRDH_1SDV_20230404T034313_20230404T034338_047941_05C2E9_rtc,S1A_IW_GRDH_1SDV_20230404T034313_20230404T034338_047941_05C2E9_rtc,[1],1
484,1,S1A_IW_GRDH_1SDV_20230404T034313_20230404T034338_047941_05C2E9_rtc,S1A_IW_GRDH_1SDV_20230404T034313_20230404T034338_047941_05C2E9_rtc,[2],1
485,1,S1A_IW_GRDH_1SDV_20230404T034313_20230404T034338_047941_05C2E9_rtc,S1A_IW_GRDH_1SDV_20230404T034313_20230404T034338_047941_05C2E9_rtc,[2],1
486,1,S1A_IW_GRDH_1SDV_20230404T034313_20230404T034338_047941_05C2E9_rtc,S1A_IW_GRDH_1SDV_20230404T034313_20230404T034338_047941_05C2E9_rtc,[2],1
487,1,S1A_IW_GRDH_1SDV_20230404T034313_20230404T034338_047941_05C2E9_rtc,S1A_IW_GRDH_1SDV_20230404T034313_20230404T034338_047941_05C2E9_rtc,[2],1
488,1,S1A_IW_GRDH_1SDV_20230410T153359_20230410T153424_048036_05C623_rtc,S1A_IW_GRDH_1SDV_20230410T153359_20230410T153424_048036_05C623_rtc,[1],1
489,1,S1A_IW_GRDH_1SDV_20230415T154146_20230415T154211_048109_05C895_rtc,S1A_IW_GRDH_1SDV_20230415T154146_20230415T154211_048109_05C895_rtc,[2],1
490,3,S1A_IW_GRDH_1SDV_20230415T154146_20230415T154211_048109_05C895_rtc,S1A_IW_GRDH_1SDV_20230427T154147_20230427T154212_048284_05CE71_rtc,[1],3
491,3,S1A_IW_GRDH_1SDV_20230415T154146_20230415T154211_048109_05C895_rtc,S1A_IW_GRDH_1SDV_20230427T154147_20230427T154212_048284_05CE71_rtc,[1],3
492,16,S1A_IW_GRDH_1SDV_20230422T153400_20230422T153425_048211_05CBFC_rtc,S1A_IW_GRDH_1SDV_20230609T153402_20230609T153427_048911_05E1BA_rtc,[2],16
493,1,S1A_IW_GRDH_1SDV_20230427T154147_20230427T154212_048284_05CE71_rtc,S1A_IW_GRDH_1SDV_20230427T154147_20230427T154212_048284_05CE71_rtc,[2],1
494,1,S1A_IW_GRDH_1SDV_20230509T154147_20230509T154212_048459_05D442_rtc,S1A_IW_GRDH_1SDV_20230509T154147_20230509T154212_048459_05D442_rtc,[2],1
495,1,S1A_IW_GRDH_1SDV_20230509T154147_20230509T154212_048459_05D442_rtc,S1A_IW_GRDH_1SDV_20230509T154147_20230509T154212_048459_05D442_rtc,[1],1
496,1,S1A_IW_GRDH_1SDV_20230509T154147_20230509T154212_048459_05D442_rtc,S1A_IW_GRDH_1SDV_20230509T154147_20230509T154212_048459_05D442_rtc,[1],1
497,2,S1A_IW_GRDH_1SDV_20230509T154147_20230509T154212_048459_05D442_rtc,S1A_IW_GRDH_1SDV_20230516T153401_20230516T153426_048561_05D746_rtc,[2],2
498,17,S1A_IW_GRDH_1SDV_20230509T154147_20230509T154212_048459_05D442_rtc,S1A_IW_GRDH_1SDV_20230626T154149_20230626T154214_049159_05E94B_rtc,[2],17
499,1,S1A_IW_GRDH_1SDV_20230509T154147_20230509T154212_048459_05D442_rtc,S1A_IW_GRDH_1SDV_20230509T154147_20230509T154212_048459_05D442_rtc,[1],1
500,1,S1A_IW_GRDH_1SDV_20230509T154147_20230509T154212_048459_05D442_rtc,S1A_IW_GRDH_1SDV_20230509T154147_20230509T154212_048459_05D442_rtc,[1],1
501,1,S1A_IW_GRDH_1SDV_20230521T154148_20230521T154213_048634_05D970_rtc,S1A_IW_GRDH_1SDV_20230521T154148_20230521T154213_048634_05D970_rtc,[2],1
502,1,S1A_IW_GRDH_1SDV_20230521T154148_20230521T154213_048634_05D970_rtc,S1A_IW_GRDH_1SDV_20230521T154148_20230521T154213_048634_05D970_rtc,[2],1
503,20,S1A_IW_GRDH_1SDV_20230521T154148_20230521T154213_048634_05D970_rtc,S1A_IW_GRDH_1SDV_20230708T154151_20230708T154216_049334_05EEB3_rtc,[2],20
504,1,S1A_IW_GRDH_1SDV_20230521T154148_20230521T154213_048634_05D970_rtc,S1A_IW_GRDH_1SDV_20230521T154148_20230521T154213_048634_05D970_rtc,[1],1
505,1,S1A_IW_GRDH_1SDV_20230521T154148_20230521T154213_048634_05D970_rtc,S1A_IW_GRDH_1SDV_20230521T154148_20230521T154213_048634_05D970_rtc,[1],1
506,2,S1A_IW_GRDH_1SDV_20230602T154149_20230602T154214_048809_05DEA1_rtc,S1A_IW_GRDH_1SDV_20230603T034315_20230603T034340_048816_05DEDF_rtc,[1],2
507,1,S1A_IW_GRDH_1SDV_20230602T154149_20230602T154214_048809_05DEA1_rtc,S1A_IW_GRDH_1SDV_20230602T154149_20230602T154214_048809_05DEA1_rtc,[1],1
508,1,S1A_IW_GRDH_1SDV_20230602T154149_20230602T154214_048809_05DEA1_rtc,S1A_IW_GRDH_1SDV_20230602T154149_20230602T154214_048809_05DEA1_rtc,[1],1
509,1,S1A_IW_GRDH_1SDV_20230609T153402_20230609T153427_048911_05E1BA_rtc,S1A_IW_GRDH_1SDV_20230609T153402_20230609T153427_048911_05E1BA_rtc,[1],1
510,1,S1A_IW_GRDH_1SDV_20230609T153402_20230609T153427_048911_05E1BA_rtc,S1A_IW_GRDH_1SDV_20230609T153402_20230609T153427_048911_05E1BA_rtc,[1],1
511,1,S1A_IW_GRDH_1SDV_20230609T153402_20230609T153427_048911_05E1BA_rtc,S1A_IW_GRDH_1SDV_20230609T153402_20230609T153427_048911_05E1BA_rtc,[0],1
512,1,S1A_IW_GRDH_1SDV_20230609T153402_20230609T153427_048911_05E1BA_rtc,S1A_IW_GRDH_1SDV_20230609T153402_20230609T153427_048911_05E1BA_rtc,[0],1
513,1,S1A_IW_GRDH_1SDV_20230614T154149_20230614T154214_048984_05E3FD_rtc,S1A_IW_GRDH_1SDV_20230614T154149_20230614T154214_048984_05E3FD_rtc,[2],1
514,1,S1A_IW_GRDH_1SDV_20230614T154149_20230614T154214_048984_05E3FD_rtc,S1A_IW_GRDH_1SDV_20230614T154149_20230614T154214_048984_05E3FD_rtc,[1],1
515,1,S1A_IW_GRDH_1SDV_20230614T154149_20230614T154214_048984_05E3FD_rtc,S1A_IW_GRDH_1SDV_20230614T154149_20230614T154214_048984_05E3FD_rtc,[1],1
516,1,S1A_IW_GRDH_1SDV_20230621T153402_20230621T153427_049086_05E711_rtc,S1A_IW_GRDH_1SDV_20230621T153402_20230621T153427_049086_05E711_rtc,[1],1
517,1,S1A_IW_GRDH_1SDV_20230621T153402_20230621T153427_049086_05E711_rtc,S1A_IW_GRDH_1SDV_20230621T153402_20230621T153427_049086_05E711_rtc,[1],1
518,1,S1A_IW_GRDH_1SDV_20230621T153402_20230621T153427_049086_05E711_rtc,S1A_IW_GRDH_1SDV_20230621T153402_20230621T153427_049086_05E711_rtc,[2],1
519,4,S1A_IW_GRDH_1SDV_20230626T154149_20230626T154214_049159_05E94B_rtc,S1A_IW_GRDH_1SDV_20230715T153404_20230715T153429_049436_05F1D1_rtc,[1],4
520,1,S1A_IW_GRDH_1SDV_20230626T154149_20230626T154214_049159_05E94B_rtc,S1A_IW_GRDH_1SDV_20230626T154149_20230626T154214_049159_05E94B_rtc,[2],1
521,5,S1A_IW_GRDH_1SDV_20230626T154149_20230626T154214_049159_05E94B_rtc,S1A_IW_GRDH_1SDV_20230720T154151_20230720T154216_049509_05F406_rtc,[1],5
522,1,S1A_IW_GRDH_1SDV_20230626T154149_20230626T154214_049159_05E94B_rtc,S1A_IW_GRDH_1SDV_20230626T154149_20230626T154214_049159_05E94B_rtc,[1],1
523,1,S1A_IW_GRDH_1SDV_20230626T154149_20230626T154214_049159_05E94B_rtc,S1A_IW_GRDH_1SDV_20230626T154149_20230626T154214_049159_05E94B_rtc,[1],1
524,1,S1A_IW_GRDH_1SDV_20230708T154151_20230708T154216_049334_05EEB3_rtc,S1A_IW_GRDH_1SDV_20230708T154151_20230708T154216_049334_05EEB3_rtc,[1],1
525,1,S1A_IW_GRDH_1SDV_20230708T154151_20230708T154216_049334_05EEB3_rtc,S1A_IW_GRDH_1SDV_20230708T154151_20230708T154216_049334_05EEB3_rtc,[2],1
526,1,S1A_IW_GRDH_1SDV_20230708T154151_20230708T154216_049334_05EEB3_rtc,S1A_IW_GRDH_1SDV_20230708T154151_20230708T154216_049334_05EEB3_rtc,[1],1
527,1,S1A_IW_GRDH_1SDV_20230708T154151_20230708T154216_049334_05EEB3_rtc,S1A_IW_GRDH_1SDV_20230708T154151_20230708T154216_049334_05EEB3_rtc,[1],1
528,1,S1A_IW_GRDH_1SDV_20230708T154151_20230708T154216_049334_05EEB3_rtc,S1A_IW_GRDH_1SDV_20230708T154151_20230708T154216_049334_05EEB3_rtc,[1],1
529,1,S1A_IW_GRDH_1SDV_20230708T154151_20230708T154216_049334_05EEB3_rtc,S1A_IW_GRDH_1SDV_20230708T154151_20230708T154216_049334_05EEB3_rtc,[1],1
530,1,S1A_IW_GRDH_1SDV_20230708T154151_20230708T154216_049334_05EEB3_rtc,S1A_IW_GRDH_1SDV_20230708T154151_20230708T154216_049334_05EEB3_rtc,[1],1
531,1,S1A_IW_GRDH_1SDV_20230708T154151_20230708T154216_049334_05EEB3_rtc,S1A_IW_GRDH_1SDV_20230708T154151_20230708T154216_049334_05EEB3_rtc,[1],1
532,1,S1A_IW_GRDH_1SDV_20230720T154151_20230720T154216_049509_05F406_rtc,S1A_IW_GRDH_1SDV_20230720T154151_20230720T154216_049509_05F406_rtc,[1],1
533,1,S1A_IW_GRDH_1SDV_20230720T154151_20230720T154216_049509_05F406_rtc,S1A_IW_GRDH_1SDV_20230720T154151_20230720T154216_049509_05F406_rtc,[1],1
534,4,S1A_IW_GRDH_1SDV_20230720T154151_20230720T154216_049509_05F406_rtc,S1A_IW_GRDH_1SDV_20230802T034319_20230802T034344_049691_05F9AE_rtc,[2],4
535,28,S1A_IW_GRDH_1SDV_20230720T154151_20230720T154216_049509_05F406_rtc,S1A_IW_GRDH_1SDV_20230907T034321_20230907T034346_050216_060B4C_rtc,[2],28
536,1,S1A_IW_GRDH_1SDV_20230720T154151_20230720T154216_049509_05F406_rtc,S1A_IW_GRDH_1SDV_20230720T154151_20230720T154216_049509_05F406_rtc,[2],1
537,1,S1A_IW_GRDH_1SDV_20230720T154151_20230720T154216_049509_05F406_rtc,S1A_IW_GRDH_1SDV_20230720T154151_20230720T154216_049509_05F406_rtc,[1],1
538,1,S1A_IW_GRDH_1SDV_20230720T154151_20230720T154216_049509_05F406_rtc,S1A_IW_GRDH_1SDV_20230720T154151_20230720T154216_049509_05F406_rtc,[1],1
539,1,S1A_IW_GRDH_1SDV_20230727T153405_20230727T153430_049611_05F731_rtc,S1A_IW_GRDH_1SDV_20230727T153405_20230727T153430_049611_05F731_rtc,[1],1
540,2,S1A_IW_GRDH_1SDV_20230727T153405_20230727T153430_049611_05F731_rtc,S1A_IW_GRDH_1SDV_20230801T154152_20230801T154217_049684_05F972_rtc,[1],2
541,1,S1A_IW_GRDH_1SDV_20230727T153405_20230727T153430_049611_05F731_rtc,S1A_IW_GRDH_1SDV_20230727T153405_20230727T153430_049611_05F731_rtc,[2],1
542,11,S1A_IW_GRDH_1SDV_20230727T153405_20230727T153430_049611_05F731_rtc,S1A_IW_GRDH_1SDV_20230820T153406_20230820T153431_049961_0602A6_rtc,[2],11
543,11,S1A_IW_GRDH_1SDV_20230801T154152_20230801T154217_049684_05F972_rtc,S1A_IW_GRDH_1SDV_20230825T154153_20230825T154218_050034_060517_rtc,[1],11
544,2,S1A_IW_GRDH_1SDV_20230801T154152_20230801T154217_049684_05F972_rtc,S1A_IW_GRDH_1SDV_20230802T034319_20230802T034344_049691_05F9AE_rtc,[2],2
545,1,S1A_IW_GRDH_1SDV_20230801T154152_20230801T154217_049684_05F972_rtc,S1A_IW_GRDH_1SDV_20230801T154152_20230801T154217_049684_05F972_rtc,[1],1
546,1,S1A_IW_GRDH_1SDV_20230801T154152_20230801T154217_049684_05F972_rtc,S1A_IW_GRDH_1SDV_20230801T154152_20230801T154217_049684_05F972_rtc,[1],1
547,5,S1A_IW_GRDH_1SDV_20230801T154152_20230801T154217_049684_05F972_rtc,S1A_IW_GRDH_1SDV_20230813T154153_20230813T154218_049859_05FF25_rtc,[1],5
548,1,S1A_IW_GRDH_1SDV_20230808T153405_20230808T153430_049786_05FCA6_rtc,S1A_IW_GRDH_1SDV_20230808T153405_20230808T153430_049786_05FCA6_rtc,[1],1
549,1,S1A_IW_GRDH_1SDV_20230808T153405_20230808T153430_049786_05FCA6_rtc,S1A_IW_GRDH_1SDV_20230808T153405_20230808T153430_049786_05FCA6_rtc,[2],1
550,1,S1A_IW_GRDH_1SDV_20230808T153405_20230808T153430_049786_05FCA6_rtc,S1A_IW_GRDH_1SDV_20230808T153405_20230808T153430_049786_05FCA6_rtc,[2],1
551,1,S1A_IW_GRDH_1SDV_20230808T153405_20230808T153430_049786_05FCA6_rtc,S1A_IW_GRDH_1SDV_20230808T153405_20230808T153430_049786_05FCA6_rtc,[0],1
552,1,S1A_IW_GRDH_1SDV_20230808T153405_20230808T153430_049786_05FCA6_rtc,S1A_IW_GRDH_1SDV_20230808T153405_20230808T153430_049786_05FCA6_rtc,[0],1
553,1,S1A_IW_GRDH_1SDV_20230808T153405_20230808T153430_049786_05FCA6_rtc,S1A_IW_GRDH_1SDV_20230808T153405_20230808T153430_049786_05FCA6_rtc,[0],1
554,1,S1A_IW_GRDH_1SDV_20230808T153405_20230808T153430_049786_05FCA6_rtc,S1A_IW_GRDH_1SDV_20230808T153405_20230808T153430_049786_05FCA6_rtc,[1],1
555,1,S1A_IW_GRDH_1SDV_20230813T154153_20230813T154218_049859_05FF25_rtc,S1A_IW_GRDH_1SDV_20230813T154153_20230813T154218_049859_05FF25_rtc,[1],1
556,1,S1A_IW_GRDH_1SDV_20230813T154153_20230813T154218_049859_05FF25_rtc,S1A_IW_GRDH_1SDV_20230813T154153_20230813T154218_049859_05FF25_rtc,[2],1
557,1,S1A_IW_GRDH_1SDV_20230820T153406_20230820T153431_049961_0602A6_rtc,S1A_IW_GRDH_1SDV_20230820T153406_20230820T153431_049961_0602A6_rtc,[2],1
558,1,S1A_IW_GRDH_1SDV_20230825T154153_20230825T154218_050034_060517_rtc,S1A_IW_GRDH_1SDV_20230825T154153_20230825T154218_050034_060517_rtc,[1],1
559,1,S1A_IW_GRDH_1SDV_20230825T154153_20230825T154218_050034_060517_rtc,S1A_IW_GRDH_1SDV_20230825T154153_20230825T154218_050034_060517_rtc,[1],1
560,1,S1A_IW_GRDH_1SDV_20230825T154153_20230825T154218_050034_060517_rtc,S1A_IW_GRDH_1SDV_20230825T154153_20230825T154218_050034_060517_rtc,[1],1
561,1,S1A_IW_GRDH_1SDV_20230825T154153_20230825T154218_050034_060517_rtc,S1A_IW_GRDH_1SDV_20230825T154153_20230825T154218_050034_060517_rtc,[1],1
562,3,S1A_IW_GRDH_1SDV_20230902T033526_20230902T033551_050143_0608EF_rtc,S1A_IW_GRDH_1SDV_20230907T034321_20230907T034346_050216_060B4C_rtc,[2],3
563,2,S1A_IW_GRDH_1SDV_20230906T154154_20230906T154219_050209_060B15_rtc,S1A_IW_GRDH_1SDV_20230907T034321_20230907T034346_050216_060B4C_rtc,[1],2
564,2,S1A_IW_GRDH_1SDV_20230906T154154_20230906T154219_050209_060B15_rtc,S1A_IW_GRDH_1SDV_20230907T034321_20230907T034346_050216_060B4C_rtc,[1],2
565,1,S1A_IW_GRDH_1SDV_20230906T154154_20230906T154219_050209_060B15_rtc,S1A_IW_GRDH_1SDV_20230906T154154_20230906T154219_050209_060B15_rtc,[2],1
566,2,S1A_IW_GRDH_1SDV_20230906T154154_20230906T154219_050209_060B15_rtc,S1A_IW_GRDH_1SDV_20230907T034321_20230907T034346_050216_060B4C_rtc,[2],2
567,3,S1A_IW_GRDH_1SDV_20230906T154154_20230906T154219_050209_060B15_rtc,S1A_IW_GRDH_1SDV_20230907T034321_20230907T034346_050216_060B4C_rtc,[2],3
568,1,S1A_IW_GRDH_1SDV_20230906T154154_20230906T154219_050209_060B15_rtc,S1A_IW_GRDH_1SDV_20230906T154154_20230906T154219_050209_060B15_rtc,[1],1
569,1,S1A_IW_GRDH_1SDV_20230906T154154_20230906T154219_050209_060B15_rtc,S1A_IW_GRDH_1SDV_20230906T154154_20230906T154219_050209_060B15_rtc,[1],1
570,2,S1A_IW_GRDH_1SDV_20230906T154154_20230906T154219_050209_060B15_rtc,S1A_IW_GRDH_1SDV_20230907T034321_20230907T034346_050216_060B4C_rtc,[1],2
571,1,S1A_IW_GRDH_1SDV_20230918T154155_20230918T154220_050384_06110A_rtc,S1A_IW_GRDH_1SDV_20230918T154155_20230918T154220_050384_06110A_rtc,[1],1
572,1,S1A_IW_GRDH_1SDV_20230918T154155_20230918T154220_050384_06110A_rtc,S1A_IW_GRDH_1SDV_20230918T154155_20230918T154220_050384_06110A_rtc,[1],1
573,1,S1A_IW_GRDH_1SDV_20230918T154155_20230918T154220_050384_06110A_rtc,S1A_IW_GRDH_1SDV_20230918T154155_20230918T154220_050384_06110A_rtc,[2],1
574,1,S1A_IW_GRDH_1SDV_20230918T154155_20230918T154220_050384_06110A_rtc,S1A_IW_GRDH_1SDV_20230918T154155_20230918T154220_050384_06110A_rtc,[2],1
575,1,S1A_IW_GRDH_1SDV_20230918T154155_20230918T154220_050384_06110A_rtc,S1A_IW_GRDH_1SDV_20230918T154155_20230918T154220_050384_06110A_rtc,[2],1
576,24,S1A_IW_GRDH_1SDV_20230918T154155_20230918T154220_050384_06110A_rtc,S1A_IW_GRDH_1SDV_20231024T154155_20231024T154220_050909_0622FE_rtc,[2],24
577,2,S1A_IW_GRDH_1SDV_20230918T154155_20230918T154220_050384_06110A_rtc,S1A_IW_GRDH_1SDV_20230925T153408_20230925T153433_050486_061492_rtc,[2],2
578,1,S1A_IW_GRDH_1SDV_20230918T154155_20230918T154220_050384_06110A_rtc,S1A_IW_GRDH_1SDV_20230918T154155_20230918T154220_050384_06110A_rtc,[2],1
579,6,S1A_IW_GRDH_1SDV_20230918T154155_20230918T154220_050384_06110A_rtc,S1A_IW_GRDH_1SDV_20231007T153408_20231007T153433_050661_061A91_rtc,[2],6
580,168,S1A_IW_GRDH_1SDV_20230918T154155_20230918T154220_050384_06110A_rtc,S1A_IW_GRDH_1SDV_20240205T033522_20240205T033547_052418_0656CF_rtc,"[1, 2]",168
581,1,S1A_IW_GRDH_1SDV_20230918T154155_20230918T154220_050384_06110A_rtc,S1A_IW_GRDH_1SDV_20230918T154155_20230918T154220_050384_06110A_rtc,[2],1
582,1,S1A_IW_GRDH_1SDV_20230918T154155_20230918T154220_050384_06110A_rtc,S1A_IW_GRDH_1SDV_20230918T154155_20230918T154220_050384_06110A_rtc,[2],1
583,1,S1A_IW_GRDH_1SDV_20230918T154155_20230918T154220_050384_06110A_rtc,S1A_IW_GRDH_1SDV_20230918T154155_20230918T154220_050384_06110A_rtc,[1],1
584,1,S1A_IW_GRDH_1SDV_20230918T154155_20230918T154220_050384_06110A_rtc,S1A_IW_GRDH_1SDV_20230918T154155_20230918T154220_050384_06110A_rtc,[1],1
585,1,S1A_IW_GRDH_1SDV_20230925T153408_20230925T153433_050486_061492_rtc,S1A_IW_GRDH_1SDV_20230925T153408_20230925T153433_050486_061492_rtc,[2],1
586,2,S1A_IW_GRDH_1SDV_20230925T153408_20230925T153433_050486_061492_rtc,S1A_IW_GRDH_1SDV_20231001T034322_20231001T034347_050566_061747_rtc,[1],2
587,1,S1A_IW_GRDH_1SDV_20231001T034322_20231001T034347_050566_061747_rtc,S1A_IW_GRDH_1SDV_20231001T034322_20231001T034347_050566_061747_rtc,[2],1
588,1,S1A_IW_GRDH_1SDV_20231001T034322_20231001T034347_050566_061747_rtc,S1A_IW_GRDH_1SDV_20231001T034322_20231001T034347_050566_061747_rtc,[2],1
589,1,S1A_IW_GRDH_1SDV_20231001T034322_20231001T034347_050566_061747_rtc,S1A_IW_GRDH_1SDV_20231001T034322_20231001T034347_050566_061747_rtc,[1],1
590,1,S1A_IW_GRDH_1SDV_20231001T034322_20231001T034347_050566_061747_rtc,S1A_IW_GRDH_1SDV_20231001T034322_20231001T034347_050566_061747_rtc,[2],1
591,1,S1A_IW_GRDH_1SDV_20231001T034322_20231001T034347_050566_061747_rtc,S1A_IW_GRDH_1SDV_20231001T034322_20231001T034347_050566_061747_rtc,[2],1
592,9,S1A_IW_GRDH_1SDV_20231001T034322_20231001T034347_050566_061747_rtc,S1A_IW_GRDH_1SDV_20231024T154155_20231024T154220_050909_0622FE_rtc,[1],9
593,1,S1A_IW_GRDH_1SDV_20231001T034322_20231001T034347_050566_061747_rtc,S1A_IW_GRDH_1SDV_20231001T034322_20231001T034347_050566_061747_rtc,[1],1
594,1,S1A_IW_GRDH_1SDV_20231001T034322_20231001T034347_050566_061747_rtc,S1A_IW_GRDH_1SDV_20231001T034322_20231001T034347_050566_061747_rtc,[2],1
595,1,S1A_IW_GRDH_1SDV_20231001T034322_20231001T034347_050566_061747_rtc,S1A_IW_GRDH_1SDV_20231001T034322_20231001T034347_050566_061747_rtc,[1],1
596,1,S1A_IW_GRDH_1SDV_20231007T153408_20231007T153433_050661_061A91_rtc,S1A_IW_GRDH_1SDV_20231007T153408_20231007T153433_050661_061A91_rtc,[1],1
597,1,S1A_IW_GRDH_1SDV_20231007T153408_20231007T153433_050661_061A91_rtc,S1A_IW_GRDH_1SDV_20231007T153408_20231007T153433_050661_061A91_rtc,[1],1
598,1,S1A_IW_GRDH_1SDV_20231007T153408_20231007T153433_050661_061A91_rtc,S1A_IW_GRDH_1SDV_20231007T153408_20231007T153433_050661_061A91_rtc,[1],1
599,1,S1A_IW_GRDH_1SDV_20231012T154154_20231012T154219_050734_061D05_rtc,S1A_IW_GRDH_1SDV_20231012T154154_20231012T154219_050734_061D05_rtc,[1],1
600,1,S1A_IW_GRDH_1SDV_20231012T154154_20231012T154219_050734_061D05_rtc,S1A_IW_GRDH_1SDV_20231012T154154_20231012T154219_050734_061D05_rtc,[2],1
601,1,S1A_IW_GRDH_1SDV_20231012T154154_20231012T154219_050734_061D05_rtc,S1A_IW_GRDH_1SDV_20231012T154154_20231012T154219_050734_061D05_rtc,[2],1
602,1,S1A_IW_GRDH_1SDV_20231012T154154_20231012T154219_050734_061D05_rtc,S1A_IW_GRDH_1SDV_20231012T154154_20231012T154219_050734_061D05_rtc,[2],1
603,1,S1A_IW_GRDH_1SDV_20231012T154154_20231012T154219_050734_061D05_rtc,S1A_IW_GRDH_1SDV_20231012T154154_20231012T154219_050734_061D05_rtc,[1],1
604,1,S1A_IW_GRDH_1SDV_20231019T153408_20231019T153433_050836_06208C_rtc,S1A_IW_GRDH_1SDV_20231019T153408_20231019T153433_050836_06208C_rtc,[2],1
605,1,S1A_IW_GRDH_1SDV_20231024T154155_20231024T154220_050909_0622FE_rtc,S1A_IW_GRDH_1SDV_20231024T154155_20231024T154220_050909_0622FE_rtc,[1],1
606,1,S1A_IW_GRDH_1SDV_20231024T154155_20231024T154220_050909_0622FE_rtc,S1A_IW_GRDH_1SDV_20231024T154155_20231024T154220_050909_0622FE_rtc,[1],1
607,21,S1A_IW_GRDH_1SDV_20231105T154154_20231105T154219_051084_0628FB_rtc,S1A_IW_GRDH_1SDV_20240105T034319_20240105T034344_051966_06477A_rtc,[1],21
608,1,S1A_IW_GRDH_1SDV_20231105T154154_20231105T154219_051084_0628FB_rtc,S1A_IW_GRDH_1SDV_20231105T154154_20231105T154219_051084_0628FB_rtc,[2],1
609,1,S1A_IW_GRDH_1SDV_20231105T154154_20231105T154219_051084_0628FB_rtc,S1A_IW_GRDH_1SDV_20231105T154154_20231105T154219_051084_0628FB_rtc,[2],1
610,1,S1A_IW_GRDH_1SDV_20231105T154154_20231105T154219_051084_0628FB_rtc,S1A_IW_GRDH_1SDV_20231105T154154_20231105T154219_051084_0628FB_rtc,[2],1
611,7,S1A_IW_GRDH_1SDV_20231105T154154_20231105T154219_051084_0628FB_rtc,S1A_IW_GRDH_1SDV_20231129T154153_20231129T154218_051434_063514_rtc,[2],7
612,2,S1A_IW_GRDH_1SDV_20231105T154154_20231105T154219_051084_0628FB_rtc,S1A_IW_GRDH_1SDV_20231112T153407_20231112T153432_051186_062C8E_rtc,[1],2
613,1,S1A_IW_GRDH_1SDV_20231105T154154_20231105T154219_051084_0628FB_rtc,S1A_IW_GRDH_1SDV_20231105T154154_20231105T154219_051084_0628FB_rtc,[1],1
614,1,S1A_IW_GRDH_1SDV_20231105T154154_20231105T154219_051084_0628FB_rtc,S1A_IW_GRDH_1SDV_20231105T154154_20231105T154219_051084_0628FB_rtc,[1],1
615,1,S1A_IW_GRDH_1SDV_20231105T154154_20231105T154219_051084_0628FB_rtc,S1A_IW_GRDH_1SDV_20231105T154154_20231105T154219_051084_0628FB_rtc,[1],1
616,1,S1A_IW_GRDH_1SDV_20231117T154154_20231117T154219_051259_062F0A_rtc,S1A_IW_GRDH_1SDV_20231117T154154_20231117T154219_051259_062F0A_rtc,[2],1
617,3,S1A_IW_GRDH_1SDV_20231117T154154_20231117T154219_051259_062F0A_rtc,S1A_IW_GRDH_1SDV_20231124T153407_20231124T153432_051361_063298_rtc,[2],3
618,13,S1A_IW_GRDH_1SDV_20231117T154154_20231117T154219_051259_062F0A_rtc,S1A_IW_GRDH_1SDV_20231223T154152_20231223T154217_051784_064135_rtc,[1],13
619,8,S1A_IW_GRDH_1SDV_20231117T154154_20231117T154219_051259_062F0A_rtc,S1A_IW_GRDH_1SDV_20231218T153406_20231218T153431_051711_063EBC_rtc,[1],8
620,1,S1A_IW_GRDH_1SDV_20231124T153407_20231124T153432_051361_063298_rtc,S1A_IW_GRDH_1SDV_20231124T153407_20231124T153432_051361_063298_rtc,[1],1
621,1,S1A_IW_GRDH_1SDV_20231124T153407_20231124T153432_051361_063298_rtc,S1A_IW_GRDH_1SDV_20231124T153407_20231124T153432_051361_063298_rtc,[1],1
622,1,S1A_IW_GRDH_1SDV_20231124T153407_20231124T153432_051361_063298_rtc,S1A_IW_GRDH_1SDV_20231124T153407_20231124T153432_051361_063298_rtc,[1],1
623,1,S1A_IW_GRDH_1SDV_20231124T153407_20231124T153432_051361_063298_rtc,S1A_IW_GRDH_1SDV_20231124T153407_20231124T153432_051361_063298_rtc,[1],1
624,1,S1A_IW_GRDH_1SDV_20231206T153407_20231206T153432_051536_06389C_rtc,S1A_IW_GRDH_1SDV_20231206T153407_20231206T153432_051536_06389C_rtc,[2],1
625,1,S1A_IW_GRDH_1SDV_20231211T154153_20231211T154218_051609_063B2B_rtc,S1A_IW_GRDH_1SDV_20231211T154153_20231211T154218_051609_063B2B_rtc,[2],1
626,1,S1A_IW_GRDH_1SDV_20231211T154153_20231211T154218_051609_063B2B_rtc,S1A_IW_GRDH_1SDV_20231211T154153_20231211T154218_051609_063B2B_rtc,[2],1
627,1,S1A_IW_GRDH_1SDV_20231218T153406_20231218T153431_051711_063EBC_rtc,S1A_IW_GRDH_1SDV_20231218T153406_20231218T153431_051711_063EBC_rtc,[2],1
628,11,S1A_IW_GRDH_1SDV_20231218T153406_20231218T153431_051711_063EBC_rtc,S1A_IW_GRDH_1SDV_20240112T033523_20240112T033548_052068_064AFB_rtc,[2],11
629,1,S1A_IW_GRDH_1SDV_20231223T154152_20231223T154217_051784_064135_rtc,S1A_IW_GRDH_1SDV_20231223T154152_20231223T154217_051784_064135_rtc,[1],1
630,1,S1A_IW_GRDH_1SDV_20231223T154152_20231223T154217_051784_064135_rtc,S1A_IW_GRDH_1SDV_20231223T154152_20231223T154217_051784_064135_rtc,[2],1
631,1,S1A_IW_GRDH_1SDV_20231223T154152_20231223T154217_051784_064135_rtc,S1A_IW_GRDH_1SDV_20231223T154152_20231223T154217_051784_064135_rtc,[2],1
632,1,S1A_IW_GRDH_1SDV_20231223T154152_20231223T154217_051784_064135_rtc,S1A_IW_GRDH_1SDV_20231223T154152_20231223T154217_051784_064135_rtc,[2],1
633,2,S1A_IW_GRDH_1SDV_20231223T154152_20231223T154217_051784_064135_rtc,S1A_IW_GRDH_1SDV_20231230T153405_20231230T153430_051886_0644C2_rtc,[2],2
634,1,S1A_IW_GRDH_1SDV_20231223T154152_20231223T154217_051784_064135_rtc,S1A_IW_GRDH_1SDV_20231223T154152_20231223T154217_051784_064135_rtc,[2],1
635,2,S1A_IW_GRDH_1SDV_20231230T153405_20231230T153430_051886_0644C2_rtc,S1A_IW_GRDH_1SDV_20240105T034319_20240105T034344_051966_06477A_rtc,[2],2
636,2,S1A_IW_GRDH_1SDV_20231230T153405_20231230T153430_051886_0644C2_rtc,S1A_IW_GRDH_1SDV_20240105T034319_20240105T034344_051966_06477A_rtc,[2],2
637,1,S1A_IW_GRDH_1SDV_20240105T034319_20240105T034344_051966_06477A_rtc,S1A_IW_GRDH_1SDV_20240105T034319_20240105T034344_051966_06477A_rtc,[2],1
638,1,S1A_IW_GRDH_1SDV_20240105T034319_20240105T034344_051966_06477A_rtc,S1A_IW_GRDH_1SDV_20240105T034319_20240105T034344_051966_06477A_rtc,[1],1
639,1,S1A_IW_GRDH_1SDV_20240105T034319_20240105T034344_051966_06477A_rtc,S1A_IW_GRDH_1SDV_20240105T034319_20240105T034344_051966_06477A_rtc,[1],1
640,1,S1A_IW_GRDH_1SDV_20240105T034319_20240105T034344_051966_06477A_rtc,S1A_IW_GRDH_1SDV_20240105T034319_20240105T034344_051966_06477A_rtc,[1],1
641,1,S1A_IW_GRDH_1SDV_20240105T034319_20240105T034344_051966_06477A_rtc,S1A_IW_GRDH_1SDV_20240105T034319_20240105T034344_051966_06477A_rtc,[1],1
642,1,S1A_IW_GRDH_1SDV_20240105T034319_20240105T034344_051966_06477A_rtc,S1A_IW_GRDH_1SDV_20240105T034319_20240105T034344_051966_06477A_rtc,[2],1
643,1,S1A_IW_GRDH_1SDV_20240105T034319_20240105T034344_051966_06477A_rtc,S1A_IW_GRDH_1SDV_20240105T034319_20240105T034344_051966_06477A_rtc,[2],1
644,1,S1A_IW_GRDH_1SDV_20240105T034319_20240105T034344_051966_06477A_rtc,S1A_IW_GRDH_1SDV_20240105T034319_20240105T034344_051966_06477A_rtc,[2],1
645,1,S1A_IW_GRDH_1SDV_20240105T034319_20240105T034344_051966_06477A_rtc,S1A_IW_GRDH_1SDV_20240105T034319_20240105T034344_051966_06477A_rtc,[2],1
646,1,S1A_IW_GRDH_1SDV_20240105T034319_20240105T034344_051966_06477A_rtc,S1A_IW_GRDH_1SDV_20240105T034319_20240105T034344_051966_06477A_rtc,[1],1
647,1,S1A_IW_GRDH_1SDV_20240105T034319_20240105T034344_051966_06477A_rtc,S1A_IW_GRDH_1SDV_20240105T034319_20240105T034344_051966_06477A_rtc,[1],1
648,1,S1A_IW_GRDH_1SDV_20240105T034319_20240105T034344_051966_06477A_rtc,S1A_IW_GRDH_1SDV_20240105T034319_20240105T034344_051966_06477A_rtc,[2],1
649,1,S1A_IW_GRDH_1SDV_20240105T034319_20240105T034344_051966_06477A_rtc,S1A_IW_GRDH_1SDV_20240105T034319_20240105T034344_051966_06477A_rtc,[2],1
650,1,S1A_IW_GRDH_1SDV_20240105T034319_20240105T034344_051966_06477A_rtc,S1A_IW_GRDH_1SDV_20240105T034319_20240105T034344_051966_06477A_rtc,[2],1
651,1,S1A_IW_GRDH_1SDV_20240105T034319_20240105T034344_051966_06477A_rtc,S1A_IW_GRDH_1SDV_20240105T034319_20240105T034344_051966_06477A_rtc,[2],1
652,1,S1A_IW_GRDH_1SDV_20240105T034319_20240105T034344_051966_06477A_rtc,S1A_IW_GRDH_1SDV_20240105T034319_20240105T034344_051966_06477A_rtc,[2],1
653,1,S1A_IW_GRDH_1SDV_20240105T034319_20240105T034344_051966_06477A_rtc,S1A_IW_GRDH_1SDV_20240105T034319_20240105T034344_051966_06477A_rtc,[2],1
654,1,S1A_IW_GRDH_1SDV_20240105T034319_20240105T034344_051966_06477A_rtc,S1A_IW_GRDH_1SDV_20240105T034319_20240105T034344_051966_06477A_rtc,[1],1
655,27,S1A_IW_GRDH_1SDV_20240111T153404_20240111T153429_052061_064AB3_rtc,S1A_IW_GRDH_1SDV_20240205T033522_20240205T033547_052418_0656CF_rtc,[2],27
656,1,S1A_IW_GRDH_1SDV_20240112T033523_20240112T033548_052068_064AFB_rtc,S1A_IW_GRDH_1SDV_20240112T033523_20240112T033548_052068_064AFB_rtc,[1],1
657,9,S1A_IW_GRDH_1SDV_20240112T033523_20240112T033548_052068_064AFB_rtc,S1A_IW_GRDH_1SDV_20240205T033522_20240205T033547_052418_0656CF_rtc,[1],9
658,1,S1A_IW_GRDH_1SDV_20240112T033523_20240112T033548_052068_064AFB_rtc,S1A_IW_GRDH_1SDV_20240112T033523_20240112T033548_052068_064AFB_rtc,[1],1
659,1,S1A_IW_GRDH_1SDV_20240116T154151_20240116T154216_052134_064D33_rtc,S1A_IW_GRDH_1SDV_20240116T154151_20240116T154216_052134_064D33_rtc,[1],1
660,1,S1A_IW_GRDH_1SDV_20240116T154151_20240116T154216_052134_064D33_rtc,S1A_IW_GRDH_1SDV_20240116T154151_20240116T154216_052134_064D33_rtc,[1],1
661,1,S1A_IW_GRDH_1SDV_20240116T154151_20240116T154216_052134_064D33_rtc,S1A_IW_GRDH_1SDV_20240116T154151_20240116T154216_052134_064D33_rtc,[1],1
662,1,S1A_IW_GRDH_1SDV_20240116T154151_20240116T154216_052134_064D33_rtc,S1A_IW_GRDH_1SDV_20240116T154151_20240116T154216_052134_064D33_rtc,[1],1
663,1,S1A_IW_GRDH_1SDV_20240116T154151_20240116T154216_052134_064D33_rtc,S1A_IW_GRDH_1SDV_20240116T154151_20240116T154216_052134_064D33_rtc,[1],1
664,2,S1A_IW_GRDH_1SDV_20240123T153404_20240123T153429_052236_0650A1_rtc,S1A_IW_GRDH_1SDV_20240128T154151_20240128T154216_052309_065317_rtc,[1],2
665,1,S1A_IW_GRDH_1SDV_20240123T153404_20240123T153429_052236_0650A1_rtc,S1A_IW_GRDH_1SDV_20240123T153404_20240123T153429_052236_0650A1_rtc,[2],1
666,1,S1A_IW_GRDH_1SDV_20240128T154151_20240128T154216_052309_065317_rtc,S1A_IW_GRDH_1SDV_20240128T154151_20240128T154216_052309_065317_rtc,[2],1
667,2,S1A_IW_GRDH_1SDV_20240128T154151_20240128T154216_052309_065317_rtc,S1A_IW_GRDH_1SDV_20240204T153404_20240204T153429_052411_06568D_rtc,[2],2
668,1,S1A_IW_GRDH_1SDV_20240128T154151_20240128T154216_052309_065317_rtc,S1A_IW_GRDH_1SDV_20240128T154151_20240128T154216_052309_065317_rtc,[1],1
669,1,S1A_IW_GRDH_1SDV_20240128T154151_20240128T154216_052309_065317_rtc,S1A_IW_GRDH_1SDV_20240128T154151_20240128T154216_052309_065317_rtc,[1],1
670,1,S1A_IW_GRDH_1SDV_20240128T154151_20240128T154216_052309_065317_rtc,S1A_IW_GRDH_1SDV_20240128T154151_20240128T154216_052309_065317_rtc,[1],1
671,1,S1A_IW_GRDH_1SDV_20240128T154151_20240128T154216_052309_065317_rtc,S1A_IW_GRDH_1SDV_20240128T154151_20240128T154216_052309_065317_rtc,[1],1
672,1,S1A_IW_GRDH_1SDV_20240128T154151_20240128T154216_052309_065317_rtc,S1A_IW_GRDH_1SDV_20240128T154151_20240128T154216_052309_065317_rtc,[1],1
673,1,S1A_IW_GRDH_1SDV_20240205T033522_20240205T033547_052418_0656CF_rtc,S1A_IW_GRDH_1SDV_20240205T033522_20240205T033547_052418_0656CF_rtc,[1],1
674,3,S1A_IW_GRDH_1SDV_20240216T153404_20240216T153429_052586_065C79_rtc,S1A_IW_GRDH_1SDV_20240228T153404_20240228T153429_052761_066265_rtc,[1],3
675,10,S1A_IW_GRDH_1SDV_20240216T153404_20240216T153429_052586_065C79_rtc,S1A_IW_GRDH_1SDV_20240316T154151_20240316T154216_053009_066AF1_rtc,[1],10
676,42,S1A_IW_GRDH_1SDV_20240216T153404_20240216T153429_052586_065C79_rtc,S1A_IW_GRDH_1SDV_20240416T153405_20240416T153430_053461_067C7B_rtc,[2],42
677,6,S1A_IW_GRDH_1SDV_20240216T153404_20240216T153429_052586_065C79_rtc,S1A_IW_GRDH_1SDV_20240305T034317_20240305T034342_052841_066520_rtc,[2],6
678,6,S1A_IW_GRDH_1SDV_20240216T153404_20240216T153429_052586_065C79_rtc,S1A_IW_GRDH_1SDV_20240311T153404_20240311T153429_052936_06685B_rtc,[2],6
679,1,S1A_IW_GRDH_1SDV_20240216T153404_20240216T153429_052586_065C79_rtc,S1A_IW_GRDH_1SDV_20240216T153404_20240216T153429_052586_065C79_rtc,[2],1
680,31,S1A_IW_GRDH_1SDV_20240216T153404_20240216T153429_052586_065C79_rtc,S1A_IW_GRDH_1SDV_20240405T033523_20240405T033548_053293_0675D8_rtc,[2],31
681,1,S1A_IW_GRDH_1SDV_20240216T153404_20240216T153429_052586_065C79_rtc,S1A_IW_GRDH_1SDV_20240216T153404_20240216T153429_052586_065C79_rtc,[2],1
682,10,S1A_IW_GRDH_1SDV_20240216T153404_20240216T153429_052586_065C79_rtc,S1A_IW_GRDH_1SDV_20240316T154151_20240316T154216_053009_066AF1_rtc,[2],10
683,21,S1A_IW_GRDH_1SDV_20240216T153404_20240216T153429_052586_065C79_rtc,S1A_IW_GRDH_1SDV_20240416T153405_20240416T153430_053461_067C7B_rtc,[2],21
684,99,S1A_IW_GRDH_1SDV_20240216T153404_20240216T153429_052586_065C79_rtc,S1A_IW_GRDH_1SDV_20240620T154151_20240620T154216_054409_069EBE_rtc,[2],99
685,3,S1A_IW_GRDH_1SDV_20240221T154150_20240221T154215_052659_065EEB_rtc,S1A_IW_GRDH_1SDV_20240304T154151_20240304T154216_052834_0664DF_rtc,[1],3
686,1,S1A_IW_GRDH_1SDV_20240221T154150_20240221T154215_052659_065EEB_rtc,S1A_IW_GRDH_1SDV_20240221T154150_20240221T154215_052659_065EEB_rtc,[2],1
687,1,S1A_IW_GRDH_1SDV_20240221T154150_20240221T154215_052659_065EEB_rtc,S1A_IW_GRDH_1SDV_20240221T154150_20240221T154215_052659_065EEB_rtc,[2],1
688,1,S1A_IW_GRDH_1SDV_20240221T154150_20240221T154215_052659_065EEB_rtc,S1A_IW_GRDH_1SDV_20240221T154150_20240221T154215_052659_065EEB_rtc,[1],1
689,1,S1A_IW_GRDH_1SDV_20240221T154150_20240221T154215_052659_065EEB_rtc,S1A_IW_GRDH_1SDV_20240221T154150_20240221T154215_052659_065EEB_rtc,[1],1
690,1,S1A_IW_GRDH_1SDV_20240221T154150_20240221T154215_052659_065EEB_rtc,S1A_IW_GRDH_1SDV_20240221T154150_20240221T154215_052659_065EEB_rtc,[1],1
691,1,S1A_IW_GRDH_1SDV_20240304T154151_20240304T154216_052834_0664DF_rtc,S1A_IW_GRDH_1SDV_20240304T154151_20240304T154216_052834_0664DF_rtc,[1],1
692,1,S1A_IW_GRDH_1SDV_20240304T154151_20240304T154216_052834_0664DF_rtc,S1A_IW_GRDH_1SDV_20240304T154151_20240304T154216_052834_0664DF_rtc,[2],1
693,3,S1A_IW_GRDH_1SDV_20240304T154151_20240304T154216_052834_0664DF_rtc,S1A_IW_GRDH_1SDV_20240305T034317_20240305T034342_052841_066520_rtc,[2],3
694,2,S1A_IW_GRDH_1SDV_20240304T154151_20240304T154216_052834_0664DF_rtc,S1A_IW_GRDH_1SDV_20240305T034317_20240305T034342_052841_066520_rtc,[2],2
695,2,S1A_IW_GRDH_1SDV_20240304T154151_20240304T154216_052834_0664DF_rtc,S1A_IW_GRDH_1SDV_20240305T034317_20240305T034342_052841_066520_rtc,[1],2
696,1,S1A_IW_GRDH_1SDV_20240304T154151_20240304T154216_052834_0664DF_rtc,S1A_IW_GRDH_1SDV_20240304T154151_20240304T154216_052834_0664DF_rtc,[1],1
697,1,S1A_IW_GRDH_1SDV_20240304T154151_20240304T154216_052834_0664DF_rtc,S1A_IW_GRDH_1SDV_20240304T154151_20240304T154216_052834_0664DF_rtc,[1],1
698,2,S1A_IW_GRDH_1SDV_20240305T034317_20240305T034342_052841_066520_rtc,S1A_IW_GRDH_1SDV_20240311T153404_20240311T153429_052936_06685B_rtc,[1],2
699,1,S1A_IW_GRDH_1SDV_20240311T153404_20240311T153429_052936_06685B_rtc,S1A_IW_GRDH_1SDV_20240311T153404_20240311T153429_052936_06685B_rtc,[1],1
700,1,S1A_IW_GRDH_1SDV_20240316T154151_20240316T154216_053009_066AF1_rtc,S1A_IW_GRDH_1SDV_20240316T154151_20240316T154216_053009_066AF1_rtc,[2],1
701,1,S1A_IW_GRDH_1SDV_20240316T154151_20240316T154216_053009_066AF1_rtc,S1A_IW_GRDH_1SDV_20240316T154151_20240316T154216_053009_066AF1_rtc,[1],1
702,1,S1A_IW_GRDH_1SDV_20240316T154151_20240316T154216_053009_066AF1_rtc,S1A_IW_GRDH_1SDV_20240316T154151_20240316T154216_053009_066AF1_rtc,[2],1
703,1,S1A_IW_GRDH_1SDV_20240316T154151_20240316T154216_053009_066AF1_rtc,S1A_IW_GRDH_1SDV_20240316T154151_20240316T154216_053009_066AF1_rtc,[1],1
704,1,S1A_IW_GRDH_1SDV_20240316T154151_20240316T154216_053009_066AF1_rtc,S1A_IW_GRDH_1SDV_20240316T154151_20240316T154216_053009_066AF1_rtc,[1],1
705,1,S1A_IW_GRDH_1SDV_20240316T154151_20240316T154216_053009_066AF1_rtc,S1A_IW_GRDH_1SDV_20240316T154151_20240316T154216_053009_066AF1_rtc,[1],1
706,1,S1A_IW_GRDH_1SDV_20240316T154151_20240316T154216_053009_066AF1_rtc,S1A_IW_GRDH_1SDV_20240316T154151_20240316T154216_053009_066AF1_rtc,[1],1
707,1,S1A_IW_GRDH_1SDV_20240323T153404_20240323T153429_053111_066EE4_rtc,S1A_IW_GRDH_1SDV_20240323T153404_20240323T153429_053111_066EE4_rtc,[1],1
708,1,S1A_IW_GRDH_1SDV_20240323T153404_20240323T153429_053111_066EE4_rtc,S1A_IW_GRDH_1SDV_20240323T153404_20240323T153429_053111_066EE4_rtc,[1],1
709,4,S1A_IW_GRDH_1SDV_20240328T154151_20240328T154216_053184_0671A3_rtc,S1A_IW_GRDH_1SDV_20240409T154151_20240409T154216_053359_067879_rtc,[1],4
710,3,S1A_IW_GRDH_1SDV_20240328T154151_20240328T154216_053184_0671A3_rtc,S1A_IW_GRDH_1SDV_20240409T154151_20240409T154216_053359_067879_rtc,[1],3
711,1,S1A_IW_GRDH_1SDV_20240328T154151_20240328T154216_053184_0671A3_rtc,S1A_IW_GRDH_1SDV_20240328T154151_20240328T154216_053184_0671A3_rtc,[1],1
712,1,S1A_IW_GRDH_1SDV_20240328T154151_20240328T154216_053184_0671A3_rtc,S1A_IW_GRDH_1SDV_20240328T154151_20240328T154216_053184_0671A3_rtc,[2],1
713,1,S1A_IW_GRDH_1SDV_20240328T154151_20240328T154216_053184_0671A3_rtc,S1A_IW_GRDH_1SDV_20240328T154151_20240328T154216_053184_0671A3_rtc,[1],1
714,1,S1A_IW_GRDH_1SDV_20240328T154151_20240328T154216_053184_0671A3_rtc,S1A_IW_GRDH_1SDV_20240328T154151_20240328T154216_053184_0671A3_rtc,[1],1
715,1,S1A_IW_GRDH_1SDV_20240405T033523_20240405T033548_053293_0675D8_rtc,S1A_IW_GRDH_1SDV_20240405T033523_20240405T033548_053293_0675D8_rtc,[1],1
716,1,S1A_IW_GRDH_1SDV_20240405T033523_20240405T033548_053293_0675D8_rtc,S1A_IW_GRDH_1SDV_20240405T033523_20240405T033548_053293_0675D8_rtc,[1],1
717,1,S1A_IW_GRDH_1SDV_20240409T154151_20240409T154216_053359_067879_rtc,S1A_IW_GRDH_1SDV_20240409T154151_20240409T154216_053359_067879_rtc,[2],1
718,5,S1A_IW_GRDH_1SDV_20240409T154151_20240409T154216_053359_067879_rtc,S1A_IW_GRDH_1SDV_20240422T034318_20240422T034343_053541_067FA9_rtc,[1],5
719,1,S1A_IW_GRDH_1SDV_20240409T154151_20240409T154216_053359_067879_rtc,S1A_IW_GRDH_1SDV_20240409T154151_20240409T154216_053359_067879_rtc,[1],1
720,1,S1A_IW_GRDH_1SDV_20240409T154151_20240409T154216_053359_067879_rtc,S1A_IW_GRDH_1SDV_20240409T154151_20240409T154216_053359_067879_rtc,[1],1
721,1,S1A_IW_GRDH_1SDV_20240416T153405_20240416T153430_053461_067C7B_rtc,S1A_IW_GRDH_1SDV_20240416T153405_20240416T153430_053461_067C7B_rtc,[2],1
722,2,S1A_IW_GRDH_1SDV_20240416T153405_20240416T153430_053461_067C7B_rtc,S1A_IW_GRDH_1SDV_20240417T033523_20240417T033548_053468_067CCB_rtc,[1],2
723,2,S1A_IW_GRDH_1SDV_20240416T153405_20240416T153430_053461_067C7B_rtc,S1A_IW_GRDH_1SDV_20240417T033523_20240417T033548_053468_067CCB_rtc,[1],2
724,1,S1A_IW_GRDH_1SDV_20240417T033523_20240417T033548_053468_067CCB_rtc,S1A_IW_GRDH_1SDV_20240417T033523_20240417T033548_053468_067CCB_rtc,[1],1
725,19,S1A_IW_GRDH_1SDV_20240417T033523_20240417T033548_053468_067CCB_rtc,S1A_IW_GRDH_1SDV_20240603T153405_20240603T153430_054161_069622_rtc,[1],19
726,1,S1A_IW_GRDH_1SDV_20240421T154152_20240421T154217_053534_067F5E_rtc,S1A_IW_GRDH_1SDV_20240421T154152_20240421T154217_053534_067F5E_rtc,[2],1
727,1,S1A_IW_GRDH_1SDV_20240421T154152_20240421T154217_053534_067F5E_rtc,S1A_IW_GRDH_1SDV_20240421T154152_20240421T154217_053534_067F5E_rtc,[1],1
728,2,S1A_IW_GRDH_1SDV_20240421T154152_20240421T154217_053534_067F5E_rtc,S1A_IW_GRDH_1SDV_20240422T034318_20240422T034343_053541_067FA9_rtc,[2],2
729,1,S1A_IW_GRDH_1SDV_20240421T154152_20240421T154217_053534_067F5E_rtc,S1A_IW_GRDH_1SDV_20240421T154152_20240421T154217_053534_067F5E_rtc,[1],1
730,10,S1A_IW_GRDH_1SDV_20240421T154152_20240421T154217_053534_067F5E_rtc,S1A_IW_GRDH_1SDV_20240603T153405_20240603T153430_054161_069622_rtc,[2],10
731,2,S1A_IW_GRDH_1SDV_20240421T154152_20240421T154217_053534_067F5E_rtc,S1A_IW_GRDH_1SDV_20240422T034318_20240422T034343_053541_067FA9_rtc,[2],2
732,2,S1A_IW_GRDH_1SDV_20240421T154152_20240421T154217_053534_067F5E_rtc,S1A_IW_GRDH_1SDV_20240422T034318_20240422T034343_053541_067FA9_rtc,[2],2
733,13,S1A_IW_GRDH_1SDV_20240421T154152_20240421T154217_053534_067F5E_rtc,S1A_IW_GRDH_1SDV_20240603T153405_20240603T153430_054161_069622_rtc,[2],13
734,48,S1A_IW_GRDH_1SDV_20240421T154152_20240421T154217_053534_067F5E_rtc,S1A_IW_GRDH_1SDV_20240620T154151_20240620T154216_054409_069EBE_rtc,[2],48
735,2,S1A_IW_GRDH_1SDV_20240421T154152_20240421T154217_053534_067F5E_rtc,S1A_IW_GRDH_1SDV_20240422T034318_20240422T034343_053541_067FA9_rtc,[2],2
736,13,S1A_IW_GRDH_1SDV_20240421T154152_20240421T154217_053534_067F5E_rtc,S1A_IW_GRDH_1SDV_20240510T153405_20240510T153430_053811_068A0F_rtc,[2],13
737,4,S1A_IW_GRDH_1SDV_20240421T154152_20240421T154217_053534_067F5E_rtc,S1A_IW_GRDH_1SDV_20240428T153405_20240428T153430_053636_06835A_rtc,[2],4
738,1,S1A_IW_GRDH_1SDV_20240421T154152_20240421T154217_053534_067F5E_rtc,S1A_IW_GRDH_1SDV_20240421T154152_20240421T154217_053534_067F5E_rtc,[1],1
739,3,S1A_IW_GRDH_1SDV_20240421T154152_20240421T154217_053534_067F5E_rtc,S1A_IW_GRDH_1SDV_20240422T034318_20240422T034343_053541_067FA9_rtc,[1],3
740,1,S1A_IW_GRDH_1SDV_20240422T034318_20240422T034343_053541_067FA9_rtc,S1A_IW_GRDH_1SDV_20240422T034318_20240422T034343_053541_067FA9_rtc,[1],1
741,1,S1A_IW_GRDH_1SDV_20240428T153405_20240428T153430_053636_06835A_rtc,S1A_IW_GRDH_1SDV_20240428T153405_20240428T153430_053636_06835A_rtc,[2],1
742,12,S1A_IW_GRDH_1SDV_20240503T154152_20240503T154217_053709_068641_rtc,S1A_IW_GRDH_1SDV_20240527T154152_20240527T154217_054059_0692A2_rtc,[2],12
743,10,S1A_IW_GRDH_1SDV_20240503T154152_20240503T154217_053709_068641_rtc,S1A_IW_GRDH_1SDV_20240527T154152_20240527T154217_054059_0692A2_rtc,[1],10
744,1,S1A_IW_GRDH_1SDV_20240503T154152_20240503T154217_053709_068641_rtc,S1A_IW_GRDH_1SDV_20240503T154152_20240503T154217_053709_068641_rtc,[1],1
745,1,S1A_IW_GRDH_1SDV_20240504T034319_20240504T034344_053716_06868A_rtc,S1A_IW_GRDH_1SDV_20240504T034319_20240504T034344_053716_06868A_rtc,[1],1
746,1,S1A_IW_GRDH_1SDV_20240504T034319_20240504T034344_053716_06868A_rtc,S1A_IW_GRDH_1SDV_20240504T034319_20240504T034344_053716_06868A_rtc,[1],1
747,1,S1A_IW_GRDH_1SDV_20240504T034319_20240504T034344_053716_06868A_rtc,S1A_IW_GRDH_1SDV_20240504T034319_20240504T034344_053716_06868A_rtc,[1],1
748,1,S1A_IW_GRDH_1SDV_20240504T034319_20240504T034344_053716_06868A_rtc,S1A_IW_GRDH_1SDV_20240504T034319_20240504T034344_053716_06868A_rtc,[2],1
749,1,S1A_IW_GRDH_1SDV_20240504T034319_20240504T034344_053716_06868A_rtc,S1A_IW_GRDH_1SDV_20240504T034319_20240504T034344_053716_06868A_rtc,[2],1
750,1,S1A_IW_GRDH_1SDV_20240504T034319_20240504T034344_053716_06868A_rtc,S1A_IW_GRDH_1SDV_20240504T034319_20240504T034344_053716_06868A_rtc,[2],1
751,1,S1A_IW_GRDH_1SDV_20240504T034319_20240504T034344_053716_06868A_rtc,S1A_IW_GRDH_1SDV_20240504T034319_20240504T034344_053716_06868A_rtc,[2],1
752,1,S1A_IW_GRDH_1SDV_20240504T034319_20240504T034344_053716_06868A_rtc,S1A_IW_GRDH_1SDV_20240504T034319_20240504T034344_053716_06868A_rtc,[2],1
753,1,S1A_IW_GRDH_1SDV_20240504T034319_20240504T034344_053716_06868A_rtc,S1A_IW_GRDH_1SDV_20240504T034319_20240504T034344_053716_06868A_rtc,[2],1
754,1,S1A_IW_GRDH_1SDV_20240504T034319_20240504T034344_053716_06868A_rtc,S1A_IW_GRDH_1SDV_20240504T034319_20240504T034344_053716_06868A_rtc,[2],1
755,1,S1A_IW_GRDH_1SDV_20240504T034319_20240504T034344_053716_06868A_rtc,S1A_IW_GRDH_1SDV_20240504T034319_20240504T034344_053716_06868A_rtc,[1],1
756,1,S1A_IW_GRDH_1SDV_20240504T034319_20240504T034344_053716_06868A_rtc,S1A_IW_GRDH_1SDV_20240504T034319_20240504T034344_053716_06868A_rtc,[1],1
757,1,S1A_IW_GRDH_1SDV_20240522T153405_20240522T153430_053986_069013_rtc,S1A_IW_GRDH_1SDV_20240522T153405_20240522T153430_053986_069013_rtc,[2],1
758,1,S1A_IW_GRDH_1SDV_20240522T153405_20240522T153430_053986_069013_rtc,S1A_IW_GRDH_1SDV_20240522T153405_20240522T153430_053986_069013_rtc,[1],1
759,1,S1A_IW_GRDH_1SDV_20240522T153405_20240522T153430_053986_069013_rtc,S1A_IW_GRDH_1SDV_20240522T153405_20240522T153430_053986_069013_rtc,[1],1
760,1,S1A_IW_GRDH_1SDV_20240522T153405_20240522T153430_053986_069013_rtc,S1A_IW_GRDH_1SDV_20240522T153405_20240522T153430_053986_069013_rtc,[2],1
761,2,S1A_IW_GRDH_1SDV_20240608T154151_20240608T154216_054234_0698B0_rtc,S1A_IW_GRDH_1SDV_20240609T034318_20240609T034343_054241_0698F2_rtc,[1],2
762,1,S1A_IW_GRDH_1SDV_20240608T154151_20240608T154216_054234_0698B0_rtc,S1A_IW_GRDH_1SDV_20240608T154151_20240608T154216_054234_0698B0_rtc,[1],1
763,2,S1A_IW_GRDH_1SDV_20240608T154151_20240608T154216_054234_0698B0_rtc,S1A_IW_GRDH_1SDV_20240609T034318_20240609T034343_054241_0698F2_rtc,[2],2
764,2,S1A_IW_GRDH_1SDV_20240608T154151_20240608T154216_054234_0698B0_rtc,S1A_IW_GRDH_1SDV_20240609T034318_20240609T034343_054241_0698F2_rtc,[1],2
765,1,S1A_IW_GRDH_1SDV_20240608T154151_20240608T154216_054234_0698B0_rtc,S1A_IW_GRDH_1SDV_20240608T154151_20240608T154216_054234_0698B0_rtc,[1],1
766,2,S1A_IW_GRDH_1SDV_20240608T154151_20240608T154216_054234_0698B0_rtc,S1A_IW_GRDH_1SDV_20240609T034318_20240609T034343_054241_0698F2_rtc,[1],2
767,1,S1A_IW_GRDH_1SDV_20240609T034318_20240609T034343_054241_0698F2_rtc,S1A_IW_GRDH_1SDV_20240609T034318_20240609T034343_054241_0698F2_rtc,[2],1
768,2,S1A_IW_GRDH_1SDV_20240609T034318_20240609T034343_054241_0698F2_rtc,S1A_IW_GRDH_1SDV_20240616T033523_20240616T033548_054343_069C71_rtc,[2],2
769,1,S1A_IW_GRDH_1SDV_20240620T154151_20240620T154216_054409_069EBE_rtc,S1A_IW_GRDH_1SDV_20240620T154151_20240620T154216_054409_069EBE_rtc,[1],1
770,1,S1A_IW_GRDH_1SDV_20240620T154151_20240620T154216_054409_069EBE_rtc,S1A_IW_GRDH_1SDV_20240620T154151_20240620T154216_054409_069EBE_rtc,[1],1
771,1,S1A_IW_GRDH_1SDV_20240620T154151_20240620T154216_054409_069EBE_rtc,S1A_IW_GRDH_1SDV_20240620T154151_20240620T154216_054409_069EBE_rtc,[2],1
772,1,S1A_IW_GRDH_1SDV_20240620T154151_20240620T154216_054409_069EBE_rtc,S1A_IW_GRDH_1SDV_20240620T154151_20240620T154216_054409_069EBE_rtc,[2],1
773,1,S1A_IW_GRDH_1SDV_20240620T154151_20240620T154216_054409_069EBE_rtc,S1A_IW_GRDH_1SDV_20240620T154151_20240620T154216_054409_069EBE_rtc,[1],1
774,1,S1A_IW_GRDH_1SDV_20240620T154151_20240620T154216_054409_069EBE_rtc,S1A_IW_GRDH_1SDV_20240620T154151_20240620T154216_054409_069EBE_rtc,[1],1
775,1,S1A_IW_GRDH_1SDV_20240620T154151_20240620T154216_054409_069EBE_rtc,S1A_IW_GRDH_1SDV_20240620T154151_20240620T154216_054409_069EBE_rtc,[1],1
776,10,S1A_IW_GRDH_1SDV_20240702T154150_20240702T154215_054584_06A4D5_rtc,S1A_IW_GRDH_1SDV_20240807T154149_20240807T154214_055109_06B70F_rtc,[1],10
777,4,S1A_IW_GRDH_1SDV_20240702T154150_20240702T154215_054584_06A4D5_rtc,S1A_IW_GRDH_1SDV_20240714T154150_20240714T154215_054759_06AAE2_rtc,[1],4
778,2,S1A_IW_GRDH_1SDV_20240702T154150_20240702T154215_054584_06A4D5_rtc,S1A_IW_GRDH_1SDV_20240703T034317_20240703T034342_054591_06A515_rtc,[2],2
779,1,S1A_IW_GRDH_1SDV_20240702T154150_20240702T154215_054584_06A4D5_rtc,S1A_IW_GRDH_1SDV_20240702T154150_20240702T154215_054584_06A4D5_rtc,[2],1
780,6,S1A_IW_GRDH_1SDV_20240702T154150_20240702T154215_054584_06A4D5_rtc,S1A_IW_GRDH_1SDV_20240726T154149_20240726T154214_054934_06B0F9_rtc,[2],6
781,2,S1A_IW_GRDH_1SDV_20240702T154150_20240702T154215_054584_06A4D5_rtc,S1A_IW_GRDH_1SDV_20240703T034317_20240703T034342_054591_06A515_rtc,[2],2
782,7,S1A_IW_GRDH_1SDV_20240702T154150_20240702T154215_054584_06A4D5_rtc,S1A_IW_GRDH_1SDV_20240726T154149_20240726T154214_054934_06B0F9_rtc,[2],7
783,2,S1A_IW_GRDH_1SDV_20240702T154150_20240702T154215_054584_06A4D5_rtc,S1A_IW_GRDH_1SDV_20240703T034317_20240703T034342_054591_06A515_rtc,[2],2
784,21,S1A_IW_GRDH_1SDV_20240702T154150_20240702T154215_054584_06A4D5_rtc,S1A_IW_GRDH_1SDV_20240826T153403_20240826T153428_055386_06C147_rtc,[2],21
785,4,S1A_IW_GRDH_1SDV_20240702T154150_20240702T154215_054584_06A4D5_rtc,S1A_IW_GRDH_1SDV_20240709T153403_20240709T153428_054686_06A859_rtc,[2],4
786,1,S1A_IW_GRDH_1SDV_20240702T154150_20240702T154215_054584_06A4D5_rtc,S1A_IW_GRDH_1SDV_20240702T154150_20240702T154215_054584_06A4D5_rtc,[2],1
787,2,S1A_IW_GRDH_1SDV_20240702T154150_20240702T154215_054584_06A4D5_rtc,S1A_IW_GRDH_1SDV_20240703T034317_20240703T034342_054591_06A515_rtc,[2],2
788,3,S1A_IW_GRDH_1SDV_20240702T154150_20240702T154215_054584_06A4D5_rtc,S1A_IW_GRDH_1SDV_20240703T034317_20240703T034342_054591_06A515_rtc,[2],3
789,1,S1A_IW_GRDH_1SDV_20240702T154150_20240702T154215_054584_06A4D5_rtc,S1A_IW_GRDH_1SDV_20240702T154150_20240702T154215_054584_06A4D5_rtc,[2],1
790,7,S1A_IW_GRDH_1SDV_20240702T154150_20240702T154215_054584_06A4D5_rtc,S1A_IW_GRDH_1SDV_20240714T154150_20240714T154215_054759_06AAE2_rtc,[2],7
791,16,S1A_IW_GRDH_1SDV_20240702T154150_20240702T154215_054584_06A4D5_rtc,S1A_IW_GRDH_1SDV_20240826T153403_20240826T153428_055386_06C147_rtc,[2],16
792,4,S1A_IW_GRDH_1SDV_20240702T154150_20240702T154215_054584_06A4D5_rtc,S1A_IW_GRDH_1SDV_20240703T034317_20240703T034342_054591_06A515_rtc,[1],4
793,1,S1A_IW_GRDH_1SDV_20240702T154150_20240702T154215_054584_06A4D5_rtc,S1A_IW_GRDH_1SDV_20240702T154150_20240702T154215_054584_06A4D5_rtc,[1],1
794,2,S1A_IW_GRDH_1SDV_20240702T154150_20240702T154215_054584_06A4D5_rtc,S1A_IW_GRDH_1SDV_20240703T034317_20240703T034342_054591_06A515_rtc,[1],2
795,1,S1A_IW_GRDH_1SDV_20240703T034317_20240703T034342_054591_06A515_rtc,S1A_IW_GRDH_1SDV_20240703T034317_20240703T034342_054591_06A515_rtc,[1],1
796,1,S1A_IW_GRDH_1SDV_20240709T153403_20240709T153428_054686_06A859_rtc,S1A_IW_GRDH_1SDV_20240709T153403_20240709T153428_054686_06A859_rtc,[2],1
797,1,S1A_IW_GRDH_1SDV_20240714T154150_20240714T154215_054759_06AAE2_rtc,S1A_IW_GRDH_1SDV_20240714T154150_20240714T154215_054759_06AAE2_rtc,[1],1
798,1,S1A_IW_GRDH_1SDV_20240714T154150_20240714T154215_054759_06AAE2_rtc,S1A_IW_GRDH_1SDV_20240714T154150_20240714T154215_054759_06AAE2_rtc,[2],1
799,1,S1A_IW_GRDH_1SDV_20240714T154150_20240714T154215_054759_06AAE2_rtc,S1A_IW_GRDH_1SDV_20240714T154150_20240714T154215_054759_06AAE2_rtc,[2],1
800,1,S1A_IW_GRDH_1SDV_20240714T154150_20240714T154215_054759_06AAE2_rtc,S1A_IW_GRDH_1SDV_20240714T154150_20240714T154215_054759_06AAE2_rtc,[2],1
801,1,S1A_IW_GRDH_1SDV_20240714T154150_20240714T154215_054759_06AAE2_rtc,S1A_IW_GRDH_1SDV_20240714T154150_20240714T154215_054759_06AAE2_rtc,[1],1
802,1,S1A_IW_GRDH_1SDV_20240714T154150_20240714T154215_054759_06AAE2_rtc,S1A_IW_GRDH_1SDV_20240714T154150_20240714T154215_054759_06AAE2_rtc,[1],1
803,1,S1A_IW_GRDH_1SDV_20240721T153403_20240721T153428_054861_06AE67_rtc,S1A_IW_GRDH_1SDV_20240721T153403_20240721T153428_054861_06AE67_rtc,[2],1
804,1,S1A_IW_GRDH_1SDV_20240726T154149_20240726T154214_054934_06B0F9_rtc,S1A_IW_GRDH_1SDV_20240726T154149_20240726T154214_054934_06B0F9_rtc,[2],1
805,1,S1A_IW_GRDH_1SDV_20240726T154149_20240726T154214_054934_06B0F9_rtc,S1A_IW_GRDH_1SDV_20240726T154149_20240726T154214_054934_06B0F9_rtc,[2],1
806,1,S1A_IW_GRDH_1SDV_20240726T154149_20240726T154214_054934_06B0F9_rtc,S1A_IW_GRDH_1SDV_20240726T154149_20240726T154214_054934_06B0F9_rtc,[1],1
807,1,S1A_IW_GRDH_1SDV_20240726T154149_20240726T154214_054934_06B0F9_rtc,S1A_IW_GRDH_1SDV_20240726T154149_20240726T154214_054934_06B0F9_rtc,[1],1
808,1,S1A_IW_GRDH_1SDV_20240726T154149_20240726T154214_054934_06B0F9_rtc,S1A_IW_GRDH_1SDV_20240726T154149_20240726T154214_054934_06B0F9_rtc,[2],1
809,1,S1A_IW_GRDH_1SDV_20240726T154149_20240726T154214_054934_06B0F9_rtc,S1A_IW_GRDH_1SDV_20240726T154149_20240726T154214_054934_06B0F9_rtc,[1],1
810,1,S1A_IW_GRDH_1SDV_20240726T154149_20240726T154214_054934_06B0F9_rtc,S1A_IW_GRDH_1SDV_20240726T154149_20240726T154214_054934_06B0F9_rtc,[1],1
811,1,S1A_IW_GRDH_1SDV_20240802T153403_20240802T153428_055036_06B481_rtc,S1A_IW_GRDH_1SDV_20240802T153403_20240802T153428_055036_06B481_rtc,[2],1
812,4,S1A_IW_GRDH_1SDV_20240807T154149_20240807T154214_055109_06B70F_rtc,S1A_IW_GRDH_1SDV_20240826T153403_20240826T153428_055386_06C147_rtc,[2],4
813,1,S1A_IW_GRDH_1SDV_20240807T154149_20240807T154214_055109_06B70F_rtc,S1A_IW_GRDH_1SDV_20240807T154149_20240807T154214_055109_06B70F_rtc,[2],1
814,1,S1A_IW_GRDH_1SDV_20240807T154149_20240807T154214_055109_06B70F_rtc,S1A_IW_GRDH_1SDV_20240807T154149_20240807T154214_055109_06B70F_rtc,[2],1
815,1,S1A_IW_GRDH_1SDV_20240807T154149_20240807T154214_055109_06B70F_rtc,S1A_IW_GRDH_1SDV_20240807T154149_20240807T154214_055109_06B70F_rtc,[1],1
816,1,S1A_IW_GRDH_1SDV_20240807T154149_20240807T154214_055109_06B70F_rtc,S1A_IW_GRDH_1SDV_20240807T154149_20240807T154214_055109_06B70F_rtc,[1],1
817,1,S1A_IW_GRDH_1SDV_20240807T154149_20240807T154214_055109_06B70F_rtc,S1A_IW_GRDH_1SDV_20240807T154149_20240807T154214_055109_06B70F_rtc,[1],1
818,1,S1A_IW_GRDH_1SDV_20240807T154149_20240807T154214_055109_06B70F_rtc,S1A_IW_GRDH_1SDV_20240807T154149_20240807T154214_055109_06B70F_rtc,[1],1
819,1,S1A_IW_GRDH_1SDV_20240807T154149_20240807T154214_055109_06B70F_rtc,S1A_IW_GRDH_1SDV_20240807T154149_20240807T154214_055109_06B70F_rtc,[1],1
820,2,S1A_IW_GRDH_1SDV_20240814T153402_20240814T153427_055211_06BAC6_rtc,S1A_IW_GRDH_1SDV_20240819T154150_20240819T154215_055284_06BD6E_rtc,[2],2
821,1,S1A_IW_GRDH_1SDV_20240814T153402_20240814T153427_055211_06BAC6_rtc,S1A_IW_GRDH_1SDV_20240814T153402_20240814T153427_055211_06BAC6_rtc,[2],1
822,1,S1A_IW_GRDH_1SDV_20240819T154150_20240819T154215_055284_06BD6E_rtc,S1A_IW_GRDH_1SDV_20240819T154150_20240819T154215_055284_06BD6E_rtc,[1],1
823,1,S1A_IW_GRDH_1SDV_20240819T154150_20240819T154215_055284_06BD6E_rtc,S1A_IW_GRDH_1SDV_20240819T154150_20240819T154215_055284_06BD6E_rtc,[1],1
824,1,S1A_IW_GRDH_1SDV_20240819T154150_20240819T154215_055284_06BD6E_rtc,S1A_IW_GRDH_1SDV_20240819T154150_20240819T154215_055284_06BD6E_rtc,[2],1
825,1,S1A_IW_GRDH_1SDV_20240819T154150_20240819T154215_055284_06BD6E_rtc,S1A_IW_GRDH_1SDV_20240819T154150_20240819T154215_055284_06BD6E_rtc,[1],1
826,1,S1A_IW_GRDH_1SDV_20240819T154150_20240819T154215_055284_06BD6E_rtc,S1A_IW_GRDH_1SDV_20240819T154150_20240819T154215_055284_06BD6E_rtc,[1],1
827,1,S1A_IW_GRDH_1SDV_20240819T154150_20240819T154215_055284_06BD6E_rtc,S1A_IW_GRDH_1SDV_20240819T154150_20240819T154215_055284_06BD6E_rtc,[1],1
828,1,S1A_IW_GRDH_1SDV_20240819T154150_20240819T154215_055284_06BD6E_rtc,S1A_IW_GRDH_1SDV_20240819T154150_20240819T154215_055284_06BD6E_rtc,[1],1
829,18,S1A_IW_GRDH_1SDV_20240907T153403_20240907T153428_055561_06C7E8_rtc,S1A_IW_GRDH_1SDV_20241007T034318_20241007T034343_055991_06D8E6_rtc,[1],18
830,1,S1A_IW_GRDH_1SDV_20240907T153403_20240907T153428_055561_06C7E8_rtc,S1A_IW_GRDH_1SDV_20240907T153403_20240907T153428_055561_06C7E8_rtc,[1],1
831,1,S1A_IW_GRDH_1SDV_20240907T153403_20240907T153428_055561_06C7E8_rtc,S1A_IW_GRDH_1SDV_20240907T153403_20240907T153428_055561_06C7E8_rtc,[2],1
832,3,S1A_IW_GRDH_1SDV_20240907T153403_20240907T153428_055561_06C7E8_rtc,S1A_IW_GRDH_1SDV_20240908T033522_20240908T033547_055568_06C83A_rtc,[2],3
833,2,S1A_IW_GRDH_1SDV_20240907T153403_20240907T153428_055561_06C7E8_rtc,S1A_IW_GRDH_1SDV_20240908T033522_20240908T033547_055568_06C83A_rtc,[2],2
834,44,S1A_IW_GRDH_1SDV_20240907T153403_20240907T153428_055561_06C7E8_rtc,S1A_IW_GRDH_1SDV_20241007T034318_20241007T034343_055991_06D8E6_rtc,[2],44
835,15,S1A_IW_GRDH_1SDV_20240907T153403_20240907T153428_055561_06C7E8_rtc,S1A_IW_GRDH_1SDV_20240925T034317_20240925T034342_055816_06D200_rtc,"[1, 2]",15
836,1,S1A_IW_GRDH_1SDV_20240907T153403_20240907T153428_055561_06C7E8_rtc,S1A_IW_GRDH_1SDV_20240907T153403_20240907T153428_055561_06C7E8_rtc,[2],1
837,38,S1A_IW_GRDH_1SDV_20240907T153403_20240907T153428_055561_06C7E8_rtc,S1A_IW_GRDH_1SDV_20241007T034318_20241007T034343_055991_06D8E6_rtc,[2],38
838,2,S1A_IW_GRDH_1SDV_20240907T153403_20240907T153428_055561_06C7E8_rtc,S1A_IW_GRDH_1SDV_20240908T033522_20240908T033547_055568_06C83A_rtc,[2],2
839,1,S1A_IW_GRDH_1SDV_20240908T033522_20240908T033547_055568_06C83A_rtc,S1A_IW_GRDH_1SDV_20240908T033522_20240908T033547_055568_06C83A_rtc,[1],1
840,1,S1A_IW_GRDH_1SDV_20240908T033522_20240908T033547_055568_06C83A_rtc,S1A_IW_GRDH_1SDV_20240908T033522_20240908T033547_055568_06C83A_rtc,[1],1
841,1,S1A_IW_GRDH_1SDV_20240908T033522_20240908T033547_055568_06C83A_rtc,S1A_IW_GRDH_1SDV_20240908T033522_20240908T033547_055568_06C83A_rtc,[2],1
842,1,S1A_IW_GRDH_1SDV_20240908T033522_20240908T033547_055568_06C83A_rtc,S1A_IW_GRDH_1SDV_20240908T033522_20240908T033547_055568_06C83A_rtc,[2],1
843,1,S1A_IW_GRDH_1SDV_20240908T033522_20240908T033547_055568_06C83A_rtc,S1A_IW_GRDH_1SDV_20240908T033522_20240908T033547_055568_06C83A_rtc,[2],1
844,1,S1A_IW_GRDH_1SDV_20240908T033522_20240908T033547_055568_06C83A_rtc,S1A_IW_GRDH_1SDV_20240908T033522_20240908T033547_055568_06C83A_rtc,[1],1
845,1,S1A_IW_GRDH_1SDV_20240908T033522_20240908T033547_055568_06C83A_rtc,S1A_IW_GRDH_1SDV_20240908T033522_20240908T033547_055568_06C83A_rtc,[1],1
846,1,S1A_IW_GRDH_1SDV_20240912T154150_20240912T154215_055634_06CACB_rtc,S1A_IW_GRDH_1SDV_20240912T154150_20240912T154215_055634_06CACB_rtc,[2],1
847,1,S1A_IW_GRDH_1SDV_20240912T154150_20240912T154215_055634_06CACB_rtc,S1A_IW_GRDH_1SDV_20240912T154150_20240912T154215_055634_06CACB_rtc,[1],1
848,6,S1A_IW_GRDH_1SDV_20240912T154150_20240912T154215_055634_06CACB_rtc,S1A_IW_GRDH_1SDV_20240925T034317_20240925T034342_055816_06D200_rtc,[1],6
849,1,S1A_IW_GRDH_1SDV_20240912T154150_20240912T154215_055634_06CACB_rtc,S1A_IW_GRDH_1SDV_20240912T154150_20240912T154215_055634_06CACB_rtc,[1],1
850,1,S1A_IW_GRDH_1SDV_20240912T154150_20240912T154215_055634_06CACB_rtc,S1A_IW_GRDH_1SDV_20240912T154150_20240912T154215_055634_06CACB_rtc,[1],1
851,1,S1A_IW_GRDH_1SDV_20240912T154150_20240912T154215_055634_06CACB_rtc,S1A_IW_GRDH_1SDV_20240912T154150_20240912T154215_055634_06CACB_rtc,[1],1
852,9,S1A_IW_GRDH_1SDV_20240913T034317_20240913T034342_055641_06CB16_rtc,S1A_IW_GRDH_1SDV_20241002T033522_20241002T033547_055918_06D610_rtc,[2],9
853,2,S1A_IW_GRDH_1SDV_20240913T034317_20240913T034342_055641_06CB16_rtc,S1A_IW_GRDH_1SDV_20240920T033522_20240920T033547_055743_06CF22_rtc,[2],2
854,2,S1A_IW_GRDH_1SDV_20240920T033522_20240920T033547_055743_06CF22_rtc,S1A_IW_GRDH_1SDV_20240924T154150_20240924T154215_055809_06D1B6_rtc,[1],2
855,6,S1A_IW_GRDH_1SDV_20240920T033522_20240920T033547_055743_06CF22_rtc,S1A_IW_GRDH_1SDV_20240925T034317_20240925T034342_055816_06D200_rtc,[2],6
856,1,S1A_IW_GRDH_1SDV_20240924T154150_20240924T154215_055809_06D1B6_rtc,S1A_IW_GRDH_1SDV_20240924T154150_20240924T154215_055809_06D1B6_rtc,[1],1
857,3,S1A_IW_GRDH_1SDV_20240924T154150_20240924T154215_055809_06D1B6_rtc,S1A_IW_GRDH_1SDV_20240925T034317_20240925T034342_055816_06D200_rtc,[1],3
858,3,S1A_IW_GRDH_1SDV_20241002T033522_20241002T033547_055918_06D610_rtc,S1A_IW_GRDH_1SDV_20241006T154151_20241006T154216_055984_06D89C_rtc,"[1, 2]",3
859,1,S1A_IW_GRDH_1SDV_20241006T154151_20241006T154216_055984_06D89C_rtc,S1A_IW_GRDH_1SDV_20241006T154151_20241006T154216_055984_06D89C_rtc,[2],1
860,1,S1A_IW_GRDH_1SDV_20241006T154151_20241006T154216_055984_06D89C_rtc,S1A_IW_GRDH_1SDV_20241006T154151_20241006T154216_055984_06D89C_rtc,[1],1
861,4,S1A_IW_GRDH_1SDV_20241006T154151_20241006T154216_055984_06D89C_rtc,S1A_IW_GRDH_1SDV_20241007T034318_20241007T034343_055991_06D8E6_rtc,[1],4
862,1,S1A_IW_GRDH_1SDV_20241007T034318_20241007T034343_055991_06D8E6_rtc,S1A_IW_GRDH_1SDV_20241007T034318_20241007T034343_055991_06D8E6_rtc,[1],1
863,1,S1A_IW_GRDH_1SDV_20241007T034318_20241007T034343_055991_06D8E6_rtc,S1A_IW_GRDH_1SDV_20241007T034318_20241007T034343_055991_06D8E6_rtc,[1],1
864,1,S1A_IW_GRDH_1SDV_20241007T034318_20241007T034343_055991_06D8E6_rtc,S1A_IW_GRDH_1SDV_20241007T034318_20241007T034343_055991_06D8E6_rtc,[2],1
865,13,S1A_IW_GRDH_1SDV_20241018T154151_20241018T154216_056159_06DF88_rtc,S1A_IW_GRDH_1SDV_20241118T153403_20241118T153428_056611_06F182_rtc,[1],13
866,1,S1A_IW_GRDH_1SDV_20241018T154151_20241018T154216_056159_06DF88_rtc,S1A_IW_GRDH_1SDV_20241018T154151_20241018T154216_056159_06DF88_rtc,[1],1
867,3,S1A_IW_GRDH_1SDV_20241018T154151_20241018T154216_056159_06DF88_rtc,S1A_IW_GRDH_1SDV_20241030T154151_20241030T154216_056334_06E677_rtc,[2],3
868,1,S1A_IW_GRDH_1SDV_20241018T154151_20241018T154216_056159_06DF88_rtc,S1A_IW_GRDH_1SDV_20241018T154151_20241018T154216_056159_06DF88_rtc,[2],1
869,3,S1A_IW_GRDH_1SDV_20241018T154151_20241018T154216_056159_06DF88_rtc,S1A_IW_GRDH_1SDV_20241030T154151_20241030T154216_056334_06E677_rtc,[2],3
870,3,S1A_IW_GRDH_1SDV_20241018T154151_20241018T154216_056159_06DF88_rtc,S1A_IW_GRDH_1SDV_20241030T154151_20241030T154216_056334_06E677_rtc,[2],3
871,17,S1A_IW_GRDH_1SDV_20241018T154151_20241018T154216_056159_06DF88_rtc,S1A_IW_GRDH_1SDV_20241123T154150_20241123T154215_056684_06F46E_rtc,[2],17
872,17,S1A_IW_GRDH_1SDV_20241018T154151_20241018T154216_056159_06DF88_rtc,S1A_IW_GRDH_1SDV_20241123T154150_20241123T154215_056684_06F46E_rtc,[2],17
873,1,S1A_IW_GRDH_1SDV_20241018T154151_20241018T154216_056159_06DF88_rtc,S1A_IW_GRDH_1SDV_20241018T154151_20241018T154216_056159_06DF88_rtc,[2],1
874,40,S1A_IW_GRDH_1SDV_20241018T154151_20241018T154216_056159_06DF88_rtc,S1A_IW_GRDH_1SDV_20241123T154150_20241123T154215_056684_06F46E_rtc,[2],40
875,1,S1A_IW_GRDH_1SDV_20241018T154151_20241018T154216_056159_06DF88_rtc,S1A_IW_GRDH_1SDV_20241018T154151_20241018T154216_056159_06DF88_rtc,[2],1
876,20,S1A_IW_GRDH_1SDV_20241018T154151_20241018T154216_056159_06DF88_rtc,S1A_IW_GRDH_1SDV_20241123T154150_20241123T154215_056684_06F46E_rtc,[2],20
877,1,S1A_IW_GRDH_1SDV_20241018T154151_20241018T154216_056159_06DF88_rtc,S1A_IW_GRDH_1SDV_20241018T154151_20241018T154216_056159_06DF88_rtc,[2],1
878,1,S1A_IW_GRDH_1SDV_20241018T154151_20241018T154216_056159_06DF88_rtc,S1A_IW_GRDH_1SDV_20241018T154151_20241018T154216_056159_06DF88_rtc,[2],1
879,1,S1A_IW_GRDH_1SDV_20241018T154151_20241018T154216_056159_06DF88_rtc,S1A_IW_GRDH_1SDV_20241018T154151_20241018T154216_056159_06DF88_rtc,[1],1
880,1,S1A_IW_GRDH_1SDV_20241018T154151_20241018T154216_056159_06DF88_rtc,S1A_IW_GRDH_1SDV_20241018T154151_20241018T154216_056159_06DF88_rtc,[1],1
881,1,S1A_IW_GRDH_1SDV_20241025T153404_20241025T153429_056261_06E397_rtc,S1A_IW_GRDH_1SDV_20241025T153404_20241025T153429_056261_06E397_rtc,[2],1
882,2,S1A_IW_GRDH_1SDV_20241030T154151_20241030T154216_056334_06E677_rtc,S1A_IW_GRDH_1SDV_20241106T153404_20241106T153429_056436_06EA83_rtc,[2],2
883,4,S1A_IW_GRDH_1SDV_20241030T154151_20241030T154216_056334_06E677_rtc,S1A_IW_GRDH_1SDV_20241106T153404_20241106T153429_056436_06EA83_rtc,[1],4
884,1,S1A_IW_GRDH_1SDV_20241030T154151_20241030T154216_056334_06E677_rtc,S1A_IW_GRDH_1SDV_20241030T154151_20241030T154216_056334_06E677_rtc,[1],1
885,1,S1A_IW_GRDH_1SDV_20241106T153404_20241106T153429_056436_06EA83_rtc,S1A_IW_GRDH_1SDV_20241106T153404_20241106T153429_056436_06EA83_rtc,[2],1
886,2,S1A_IW_GRDH_1SDV_20241106T153404_20241106T153429_056436_06EA83_rtc,S1A_IW_GRDH_1SDV_20241107T033522_20241107T033547_056443_06EAD3_rtc,[1],2
887,2,S1A_IW_GRDH_1SDV_20241111T154151_20241111T154216_056509_06ED6F_rtc,S1A_IW_GRDH_1SDV_20241118T153403_20241118T153428_056611_06F182_rtc,[2],2
888,1,S1A_IW_GRDH_1SDV_20241111T154151_20241111T154216_056509_06ED6F_rtc,S1A_IW_GRDH_1SDV_20241111T154151_20241111T154216_056509_06ED6F_rtc,[2],1
889,1,S1A_IW_GRDH_1SDV_20241111T154151_20241111T154216_056509_06ED6F_rtc,S1A_IW_GRDH_1SDV_20241111T154151_20241111T154216_056509_06ED6F_rtc,[1],1
890,1,S1A_IW_GRDH_1SDV_20241111T154151_20241111T154216_056509_06ED6F_rtc,S1A_IW_GRDH_1SDV_20241111T154151_20241111T154216_056509_06ED6F_rtc,[1],1
891,1,S1A_IW_GRDH_1SDV_20241123T154150_20241123T154215_056684_06F46E_rtc,S1A_IW_GRDH_1SDV_20241123T154150_20241123T154215_056684_06F46E_rtc,[1],1
892,1,S1A_IW_GRDH_1SDV_20241123T154150_20241123T154215_056684_06F46E_rtc,S1A_IW_GRDH_1SDV_20241123T154150_20241123T154215_056684_06F46E_rtc,[2],1
893,1,S1A_IW_GRDH_1SDV_20241123T154150_20241123T154215_056684_06F46E_rtc,S1A_IW_GRDH_1SDV_20241123T154150_20241123T154215_056684_06F46E_rtc,[1],1
894,2,S1A_IW_GRDH_1SDV_20241205T154149_20241205T154214_056859_06FB5B_rtc,S1A_IW_GRDH_1SDV_20241206T034315_20241206T034340_056866_06FBA2_rtc,[1],2
895,1,S1A_IW_GRDH_1SDV_20241205T154149_20241205T154214_056859_06FB5B_rtc,S1A_IW_GRDH_1SDV_20241205T154149_20241205T154214_056859_06FB5B_rtc,[1],1
896,44,S1A_IW_GRDH_1SDV_20241205T154149_20241205T154214_056859_06FB5B_rtc,S1A_IW_GRDH_1SDV_20250318T153357_20250318T153422_058361_073742_rtc,"[1, 2]",44
897,4,S1A_IW_GRDH_1SDV_20241205T154149_20241205T154214_056859_06FB5B_rtc,S1A_IW_GRDH_1SDV_20241218T034314_20241218T034339_057041_070294_rtc,[1],4
898,9,S1A_IW_GRDH_1SDV_20241205T154149_20241205T154214_056859_06FB5B_rtc,S1A_IW_GRDH_1SDV_20250110T154146_20250110T154211_057384_071022_rtc,[2],9
899,11,S1A_IW_GRDH_1SDV_20241205T154149_20241205T154214_056859_06FB5B_rtc,S1A_IW_GRDH_1SDV_20250105T153359_20250105T153424_057311_070D3B_rtc,[2],11
900,4,S1A_IW_GRDH_1SDV_20241205T154149_20241205T154214_056859_06FB5B_rtc,S1A_IW_GRDH_1SDV_20241218T034314_20241218T034339_057041_070294_rtc,[1],4
901,6,S1A_IW_GRDH_1SDV_20241205T154149_20241205T154214_056859_06FB5B_rtc,S1A_IW_GRDH_1SDV_20241218T034314_20241218T034339_057041_070294_rtc,"[1, 2]",6
902,4,S1A_IW_GRDH_1SDV_20241205T154149_20241205T154214_056859_06FB5B_rtc,S1A_IW_GRDH_1SDV_20241206T034315_20241206T034340_056866_06FBA2_rtc,[2],4
903,76,S1A_IW_GRDH_1SDV_20241205T154149_20241205T154214_056859_06FB5B_rtc,S1A_IW_GRDH_1SDV_20250318T153357_20250318T153422_058361_073742_rtc,[2],76
904,3,S1A_IW_GRDH_1SDV_20241205T154149_20241205T154214_056859_06FB5B_rtc,S1A_IW_GRDH_1SDV_20241212T153402_20241212T153427_056961_06FF54_rtc,[2],3
905,1,S1A_IW_GRDH_1SDV_20241205T154149_20241205T154214_056859_06FB5B_rtc,S1A_IW_GRDH_1SDV_20241205T154149_20241205T154214_056859_06FB5B_rtc,[2],1
906,16,S1A_IW_GRDH_1SDV_20241205T154149_20241205T154214_056859_06FB5B_rtc,S1A_IW_GRDH_1SDV_20250122T154145_20250122T154210_057559_071713_rtc,[2],16
907,3,S1A_IW_GRDH_1SDV_20241205T154149_20241205T154214_056859_06FB5B_rtc,S1A_IW_GRDH_1SDV_20241206T034315_20241206T034340_056866_06FBA2_rtc,[2],3
908,1,S1A_IW_GRDH_1SDV_20241206T034315_20241206T034340_056866_06FBA2_rtc,S1A_IW_GRDH_1SDV_20241206T034315_20241206T034340_056866_06FBA2_rtc,[1],1
909,1,S1A_IW_GRDH_1SDV_20241206T034315_20241206T034340_056866_06FBA2_rtc,S1A_IW_GRDH_1SDV_20241206T034315_20241206T034340_056866_06FBA2_rtc,[1],1
910,1,S1A_IW_GRDH_1SDV_20241206T034315_20241206T034340_056866_06FBA2_rtc,S1A_IW_GRDH_1SDV_20241206T034315_20241206T034340_056866_06FBA2_rtc,[2],1
911,1,S1A_IW_GRDH_1SDV_20241206T034315_20241206T034340_056866_06FBA2_rtc,S1A_IW_GRDH_1SDV_20241206T034315_20241206T034340_056866_06FBA2_rtc,[2],1
912,44,S1A_IW_GRDH_1SDV_20241206T034315_20241206T034340_056866_06FBA2_rtc,S1A_IW_GRDH_1SDV_20250318T153357_20250318T153422_058361_073742_rtc,"[1, 2]",44
913,1,S1A_IW_GRDH_1SDV_20241206T034315_20241206T034340_056866_06FBA2_rtc,S1A_IW_GRDH_1SDV_20241206T034315_20241206T034340_056866_06FBA2_rtc,[2],1
914,1,S1A_IW_GRDH_1SDV_20241206T034315_20241206T034340_056866_06FBA2_rtc,S1A_IW_GRDH_1SDV_20241206T034315_20241206T034340_056866_06FBA2_rtc,[1],1
915,1,S1A_IW_GRDH_1SDV_20241206T034315_20241206T034340_056866_06FBA2_rtc,S1A_IW_GRDH_1SDV_20241206T034315_20241206T034340_056866_06FBA2_rtc,[1],1
916,1,S1A_IW_GRDH_1SDV_20241212T153402_20241212T153427_056961_06FF54_rtc,S1A_IW_GRDH_1SDV_20241212T153402_20241212T153427_056961_06FF54_rtc,[2],1
917,2,S1A_IW_GRDH_1SDV_20241212T153402_20241212T153427_056961_06FF54_rtc,S1A_IW_GRDH_1SDV_20241218T034314_20241218T034339_057041_070294_rtc,[1],2
918,1,S1A_IW_GRDH_1SDV_20241218T034314_20241218T034339_057041_070294_rtc,S1A_IW_GRDH_1SDV_20241218T034314_20241218T034339_057041_070294_rtc,[2],1
919,1,S1A_IW_GRDH_1SDV_20241218T034314_20241218T034339_057041_070294_rtc,S1A_IW_GRDH_1SDV_20241218T034314_20241218T034339_057041_070294_rtc,[2],1
920,1,S1A_IW_GRDH_1SDV_20241218T034314_20241218T034339_057041_070294_rtc,S1A_IW_GRDH_1SDV_20241218T034314_20241218T034339_057041_070294_rtc,[2],1
921,1,S1A_IW_GRDH_1SDV_20241218T034314_20241218T034339_057041_070294_rtc,S1A_IW_GRDH_1SDV_20241218T034314_20241218T034339_057041_070294_rtc,[1],1
922,1,S1A_IW_GRDH_1SDV_20241229T154148_20241229T154213_057209_070936_rtc,S1A_IW_GRDH_1SDV_20241229T154148_20241229T154213_057209_070936_rtc,[1],1
923,2,S1A_IW_GRDH_1SDV_20241229T154148_20241229T154213_057209_070936_rtc,S1A_IW_GRDH_1SDV_20250105T153359_20250105T153424_057311_070D3B_rtc,"[1, 2]",2
924,2,S1A_IW_GRDH_1SDV_20241229T154148_20241229T154213_057209_070936_rtc,S1A_IW_GRDH_1SDV_20250105T153359_20250105T153424_057311_070D3B_rtc,"[1, 2]",2
925,1,S1A_IW_GRDH_1SDV_20241229T154148_20241229T154213_057209_070936_rtc,S1A_IW_GRDH_1SDV_20241229T154148_20241229T154213_057209_070936_rtc,[2],1
926,2,S1A_IW_GRDH_1SDV_20241229T154148_20241229T154213_057209_070936_rtc,S1A_IW_GRDH_1SDV_20250105T153359_20250105T153424_057311_070D3B_rtc,[2],2
927,1,S1A_IW_GRDH_1SDV_20241229T154148_20241229T154213_057209_070936_rtc,S1A_IW_GRDH_1SDV_20241229T154148_20241229T154213_057209_070936_rtc,[1],1
928,5,S1A_IW_GRDH_1SDV_20241229T154148_20241229T154213_057209_070936_rtc,S1A_IW_GRDH_1SDV_20250122T154145_20250122T154210_057559_071713_rtc,[2],5
929,1,S1A_IW_GRDH_1SDV_20241229T154148_20241229T154213_057209_070936_rtc,S1A_IW_GRDH_1SDV_20241229T154148_20241229T154213_057209_070936_rtc,[2],1
930,1,S1A_IW_GRDH_1SDV_20241229T154148_20241229T154213_057209_070936_rtc,S1A_IW_GRDH_1SDV_20241229T154148_20241229T154213_057209_070936_rtc,[1],1
931,1,S1A_IW_GRDH_1SDV_20241229T154148_20241229T154213_057209_070936_rtc,S1A_IW_GRDH_1SDV_20241229T154148_20241229T154213_057209_070936_rtc,[1],1
932,5,S1A_IW_GRDH_1SDV_20241229T154148_20241229T154213_057209_070936_rtc,S1A_IW_GRDH_1SDV_20250122T154145_20250122T154210_057559_071713_rtc,[1],5
933,1,S1A_IW_GRDH_1SDV_20241229T154148_20241229T154213_057209_070936_rtc,S1A_IW_GRDH_1SDV_20241229T154148_20241229T154213_057209_070936_rtc,[1],1
934,2,S1A_IW_GRDH_1SDV_20241229T154148_20241229T154213_057209_070936_rtc,S1A_IW_GRDH_1SDV_20250105T153359_20250105T153424_057311_070D3B_rtc,[1],2
935,1,S1A_IW_GRDH_1SDV_20241229T154148_20241229T154213_057209_070936_rtc,S1A_IW_GRDH_1SDV_20241229T154148_20241229T154213_057209_070936_rtc,[1],1
936,5,S1A_IW_GRDH_1SDV_20241229T154148_20241229T154213_057209_070936_rtc,S1A_IW_GRDH_1SDV_20250122T154145_20250122T154210_057559_071713_rtc,[1],5
937,1,S1A_IW_GRDH_1SDV_20250105T153359_20250105T153424_057311_070D3B_rtc,S1A_IW_GRDH_1SDV_20250105T153359_20250105T153424_057311_070D3B_rtc,[1],1
938,1,S1A_IW_GRDH_1SDV_20250105T153359_20250105T153424_057311_070D3B_rtc,S1A_IW_GRDH_1SDV_20250105T153359_20250105T153424_057311_070D3B_rtc,[1],1
939,1,S1A_IW_GRDH_1SDV_20250105T153359_20250105T153424_057311_070D3B_rtc,S1A_IW_GRDH_1SDV_20250105T153359_20250105T153424_057311_070D3B_rtc,[1],1
940,1,S1A_IW_GRDH_1SDV_20250105T153359_20250105T153424_057311_070D3B_rtc,S1A_IW_GRDH_1SDV_20250105T153359_20250105T153424_057311_070D3B_rtc,[1],1
941,1,S1A_IW_GRDH_1SDV_20250105T153359_20250105T153424_057311_070D3B_rtc,S1A_IW_GRDH_1SDV_20250105T153359_20250105T153424_057311_070D3B_rtc,[1],1
942,1,S1A_IW_GRDH_1SDV_20250105T153359_20250105T153424_057311_070D3B_rtc,S1A_IW_GRDH_1SDV_20250105T153359_20250105T153424_057311_070D3B_rtc,[1],1
943,1,S1A_IW_GRDH_1SDV_20250105T153359_20250105T153424_057311_070D3B_rtc,S1A_IW_GRDH_1SDV_20250105T153359_20250105T153424_057311_070D3B_rtc,[2],1
944,1,S1A_IW_GRDH_1SDV_20250105T153359_20250105T153424_057311_070D3B_rtc,S1A_IW_GRDH_1SDV_20250105T153359_20250105T153424_057311_070D3B_rtc,[2],1
945,1,S1A_IW_GRDH_1SDV_20250105T153359_20250105T153424_057311_070D3B_rtc,S1A_IW_GRDH_1SDV_20250105T153359_20250105T153424_057311_070D3B_rtc,[2],1
946,1,S1A_IW_GRDH_1SDV_20250105T153359_20250105T153424_057311_070D3B_rtc,S1A_IW_GRDH_1SDV_20250105T153359_20250105T153424_057311_070D3B_rtc,[2],1
947,1,S1A_IW_GRDH_1SDV_20250105T153359_20250105T153424_057311_070D3B_rtc,S1A_IW_GRDH_1SDV_20250105T153359_20250105T153424_057311_070D3B_rtc,[2],1
948,1,S1A_IW_GRDH_1SDV_20250105T153359_20250105T153424_057311_070D3B_rtc,S1A_IW_GRDH_1SDV_20250105T153359_20250105T153424_057311_070D3B_rtc,[2],1
949,1,S1A_IW_GRDH_1SDV_20250105T153359_20250105T153424_057311_070D3B_rtc,S1A_IW_GRDH_1SDV_20250105T153359_20250105T153424_057311_070D3B_rtc,[2],1
950,1,S1A_IW_GRDH_1SDV_20250105T153359_20250105T153424_057311_070D3B_rtc,S1A_IW_GRDH_1SDV_20250105T153359_20250105T153424_057311_070D3B_rtc,[2],1
951,1,S1A_IW_GRDH_1SDV_20250105T153359_20250105T153424_057311_070D3B_rtc,S1A_IW_GRDH_1SDV_20250105T153359_20250105T153424_057311_070D3B_rtc,[2],1
952,4,S1A_IW_GRDH_1SDV_20250110T154146_20250110T154211_057384_071022_rtc,S1A_IW_GRDH_1SDV_20250129T153358_20250129T153423_057661_071B1F_rtc,[1],4
953,1,S1A_IW_GRDH_1SDV_20250110T154146_20250110T154211_057384_071022_rtc,S1A_IW_GRDH_1SDV_20250110T154146_20250110T154211_057384_071022_rtc,[1],1
954,1,S1A_IW_GRDH_1SDV_20250122T154145_20250122T154210_057559_071713_rtc,S1A_IW_GRDH_1SDV_20250122T154145_20250122T154210_057559_071713_rtc,[1],1
955,1,S1A_IW_GRDH_1SDV_20250122T154145_20250122T154210_057559_071713_rtc,S1A_IW_GRDH_1SDV_20250122T154145_20250122T154210_057559_071713_rtc,[2],1
956,22,S1A_IW_GRDH_1SDV_20250122T154145_20250122T154210_057559_071713_rtc,S1A_IW_GRDH_1SDV_20250318T153357_20250318T153422_058361_073742_rtc,[2],22
957,1,S1A_IW_GRDH_1SDV_20250129T153358_20250129T153423_057661_071B1F_rtc,S1A_IW_GRDH_1SDV_20250129T153358_20250129T153423_057661_071B1F_rtc,[2],1
958,1,S1A_IW_GRDH_1SDV_20250129T153358_20250129T153423_057661_071B1F_rtc,S1A_IW_GRDH_1SDV_20250129T153358_20250129T153423_057661_071B1F_rtc,[2],1
959,1,S1A_IW_GRDH_1SDV_20250129T153358_20250129T153423_057661_071B1F_rtc,S1A_IW_GRDH_1SDV_20250129T153358_20250129T153423_057661_071B1F_rtc,[1],1
960,1,S1A_IW_GRDH_1SDV_20250203T154144_20250203T154209_057734_rtc,S1A_IW_GRDH_1SDV_20250203T154144_20250203T154209_057734_rtc,[1],1
961,2,S1A_IW_GRDH_1SDV_20250203T154144_20250203T154209_057734_rtc,S1A_IW_GRDH_1SDV_20250204T034311_20250204T034336_057741_rtc,[1],2
962,1,S1A_IW_GRDH_1SDV_20250203T154144_20250203T154209_057734_rtc,S1A_IW_GRDH_1SDV_20250203T154144_20250203T154209_057734_rtc,[2],1
963,3,S1A_IW_GRDH_1SDV_20250203T154144_20250203T154209_057734_rtc,S1A_IW_GRDH_1SDV_20250204T034311_20250204T034336_057741_rtc,[2],3
964,1,S1A_IW_GRDH_1SDV_20250203T154144_20250203T154209_057734_rtc,S1A_IW_GRDH_1SDV_20250203T154144_20250203T154209_057734_rtc,[1],1
965,1,S1A_IW_GRDH_1SDV_20250203T154144_20250203T154209_057734_rtc,S1A_IW_GRDH_1SDV_20250203T154144_20250203T154209_057734_rtc,[1],1
966,1,S1A_IW_GRDH_1SDV_20250203T154144_20250203T154209_057734_rtc,S1A_IW_GRDH_1SDV_20250203T154144_20250203T154209_057734_rtc,[1],1
967,1,S1A_IW_GRDH_1SDV_20250203T154144_20250203T154209_057734_rtc,S1A_IW_GRDH_1SDV_20250203T154144_20250203T154209_057734_rtc,[2],1
968,2,S1A_IW_GRDH_1SDV_20250203T154144_20250203T154209_057734_rtc,S1A_IW_GRDH_1SDV_20250204T034311_20250204T034336_057741_rtc,[1],2
969,1,S1A_IW_GRDH_1SDV_20250203T154144_20250203T154209_057734_rtc,S1A_IW_GRDH_1SDV_20250203T154144_20250203T154209_057734_rtc,[1],1
970,1,S1A_IW_GRDH_1SDV_20250204T034311_20250204T034336_057741_rtc,S1A_IW_GRDH_1SDV_20250204T034311_20250204T034336_057741_rtc,[1],1
971,1,S1A_IW_GRDH_1SDV_20250204T034311_20250204T034336_057741_rtc,S1A_IW_GRDH_1SDV_20250204T034311_20250204T034336_057741_rtc,[1],1
972,1,S1A_IW_GRDH_1SDV_20250204T034311_20250204T034336_057741_rtc,S1A_IW_GRDH_1SDV_20250204T034311_20250204T034336_057741_rtc,[2],1
973,1,S1A_IW_GRDH_1SDV_20250204T034311_20250204T034336_057741_rtc,S1A_IW_GRDH_1SDV_20250204T034311_20250204T034336_057741_rtc,[2],1
974,4,S1A_IW_GRDH_1SDV_20250204T034311_20250204T034336_057741_rtc,S1A_IW_GRDH_1SDV_20250222T153357_20250222T153422_058011_07292F_rtc,[2],4
975,1,S1A_IW_GRDH_1SDV_20250204T034311_20250204T034336_057741_rtc,S1A_IW_GRDH_1SDV_20250204T034311_20250204T034336_057741_rtc,[2],1
976,2,S1A_IW_GRDH_1SDV_20250204T034311_20250204T034336_057741_rtc,S1A_IW_GRDH_1SDV_20250210T153357_20250210T153422_057836_rtc,[2],2
977,1,S1A_IW_GRDH_1SDV_20250215T154144_20250215T154209_057909_072506_rtc,S1A_IW_GRDH_1SDV_20250215T154144_20250215T154209_057909_072506_rtc,[1],1
978,1,S1A_IW_GRDH_1SDV_20250215T154144_20250215T154209_057909_072506_rtc,S1A_IW_GRDH_1SDV_20250215T154144_20250215T154209_057909_072506_rtc,[1],1
979,1,S1A_IW_GRDH_1SDV_20250215T154144_20250215T154209_057909_072506_rtc,S1A_IW_GRDH_1SDV_20250215T154144_20250215T154209_057909_072506_rtc,[2],1
980,1,S1A_IW_GRDH_1SDV_20250215T154144_20250215T154209_057909_072506_rtc,S1A_IW_GRDH_1SDV_20250215T154144_20250215T154209_057909_072506_rtc,[2],1
981,1,S1A_IW_GRDH_1SDV_20250215T154144_20250215T154209_057909_072506_rtc,S1A_IW_GRDH_1SDV_20250215T154144_20250215T154209_057909_072506_rtc,[1],1
982,1,S1A_IW_GRDH_1SDV_20250215T154144_20250215T154209_057909_072506_rtc,S1A_IW_GRDH_1SDV_20250215T154144_20250215T154209_057909_072506_rtc,[1],1
983,1,S1A_IW_GRDH_1SDV_20250227T154143_20250227T154208_058084_072C28_rtc,S1A_IW_GRDH_1SDV_20250227T154143_20250227T154208_058084_072C28_rtc,[2],1
984,1,S1A_IW_GRDH_1SDV_20250227T154143_20250227T154208_058084_072C28_rtc,S1A_IW_GRDH_1SDV_20250227T154143_20250227T154208_058084_072C28_rtc,[2],1
985,1,S1A_IW_GRDH_1SDV_20250227T154143_20250227T154208_058084_072C28_rtc,S1A_IW_GRDH_1SDV_20250227T154143_20250227T154208_058084_072C28_rtc,[2],1
986,1,S1A_IW_GRDH_1SDV_20250227T154143_20250227T154208_058084_072C28_rtc,S1A_IW_GRDH_1SDV_20250227T154143_20250227T154208_058084_072C28_rtc,[2],1
987,1,S1A_IW_GRDH_1SDV_20250227T154143_20250227T154208_058084_072C28_rtc,S1A_IW_GRDH_1SDV_20250227T154143_20250227T154208_058084_072C28_rtc,[1],1
988,1,S1A_IW_GRDH_1SDV_20250227T154143_20250227T154208_058084_072C28_rtc,S1A_IW_GRDH_1SDV_20250227T154143_20250227T154208_058084_072C28_rtc,[1],1
989,2,S1A_IW_GRDH_1SDV_20250306T153357_20250306T153422_058186_07305B_rtc,S1A_IW_GRDH_1SDV_20250311T154144_20250311T154209_058259_073341_rtc,[1],2
990,1,S1A_IW_GRDH_1SDV_20250311T154144_20250311T154209_058259_073341_rtc,S1A_IW_GRDH_1SDV_20250311T154144_20250311T154209_058259_073341_rtc,[2],1
991,1,S1A_IW_GRDH_1SDV_20250311T154144_20250311T154209_058259_073341_rtc,S1A_IW_GRDH_1SDV_20250311T154144_20250311T154209_058259_073341_rtc,[1],1
992,1,S1A_IW_GRDH_1SDV_20250311T154144_20250311T154209_058259_073341_rtc,S1A_IW_GRDH_1SDV_20250311T154144_20250311T154209_058259_073341_rtc,[1],1
993,1,S1A_IW_GRDH_1SDV_20250318T153357_20250318T153422_058361_073742_rtc,S1A_IW_GRDH_1SDV_20250318T153357_20250318T153422_058361_073742_rtc,[2],1
994,17,S1C_IW_GRDH_1SDV_20250329T154048_20250329T154113_001658_rtc,S1C_IW_GRDH_1SDV_20250417T153225_20250417T153250_001935_rtc,[2],17
995,41,S1C_IW_GRDH_1SDV_20250329T154048_20250329T154113_001658_rtc,S1C_IW_GRDH_1SDV_20250417T153225_20250417T153250_001935_rtc,"[1, 2]",41
996,2,S1C_IW_GRDH_1SDV_20250329T154048_20250329T154113_001658_rtc,S1A_IW_GRDH_1SDV_20250330T153357_20250330T153422_058536_073E42_rtc,[2],2
997,3,S1C_IW_GRDH_1SDV_20250329T154048_20250329T154113_001658_rtc,S1A_IW_GRDH_1SDV_20250330T153357_20250330T153422_058536_073E42_rtc,[2],3
998,2,S1C_IW_GRDH_1SDV_20250329T154048_20250329T154113_001658_rtc,S1A_IW_GRDH_1SDV_20250330T153357_20250330T153422_058536_073E42_rtc,[2],2
999,1,S1C_IW_GRDH_1SDV_20250329T154048_20250329T154113_001658_rtc,S1C_IW_GRDH_1SDV_20250329T154048_20250329T154113_001658_rtc,[2],1
1000,1,S1A_IW_GRDH_1SDV_20250330T153357_20250330T153422_058536_073E42_rtc,S1A_IW_GRDH_1SDV_20250330T153357_20250330T153422_058536_073E42_rtc,[1],1
1001,1,S1A_IW_GRDH_1SDV_20250330T153357_20250330T153422_058536_073E42_rtc,S1A_IW_GRDH_1SDV_20250330T153357_20250330T153422_058536_073E42_rtc,[1],1
1002,1,S1A_IW_GRDH_1SDV_20250330T153357_20250330T153422_058536_073E42_rtc,S1A_IW_GRDH_1SDV_20250330T153357_20250330T153422_058536_073E42_rtc,[1],1
1003,1,S1A_IW_GRDH_1SDV_20250330T153357_20250330T153422_058536_073E42_rtc,S1A_IW_GRDH_1SDV_20250330T153357_20250330T153422_058536_073E42_rtc,[1],1
1004,1,S1A_IW_GRDH_1SDV_20250330T153357_20250330T153422_058536_073E42_rtc,S1A_IW_GRDH_1SDV_20250330T153357_20250330T153422_058536_073E42_rtc,[1],1
1005,1,S1A_IW_GRDH_1SDV_20250330T153357_20250330T153422_058536_073E42_rtc,S1A_IW_GRDH_1SDV_20250330T153357_20250330T153422_058536_073E42_rtc,[1],1
1006,1,S1A_IW_GRDH_1SDV_20250330T153357_20250330T153422_058536_073E42_rtc,S1A_IW_GRDH_1SDV_20250330T153357_20250330T153422_058536_073E42_rtc,[1],1
1007,1,S1A_IW_GRDH_1SDV_20250330T153357_20250330T153422_058536_073E42_rtc,S1A_IW_GRDH_1SDV_20250330T153357_20250330T153422_058536_073E42_rtc,[1],1
1008,1,S1A_IW_GRDH_1SDV_20250330T153357_20250330T153422_058536_073E42_rtc,S1A_IW_GRDH_1SDV_20250330T153357_20250330T153422_058536_073E42_rtc,[1],1
1009,1,S1A_IW_GRDH_1SDV_20250330T153357_20250330T153422_058536_073E42_rtc,S1A_IW_GRDH_1SDV_20250330T153357_20250330T153422_058536_073E42_rtc,[2],1
1010,3,S1A_IW_GRDH_1SDV_20250330T153357_20250330T153422_058536_073E42_rtc,S1C_IW_GRDH_1SDV_20250405T153225_20250405T153250_001760_rtc,[1],3
1011,2,S1A_IW_GRDH_1SDV_20250330T153357_20250330T153422_058536_073E42_rtc,S1A_IW_GRDH_1SDV_20250404T154144_20250404T154209_058609_07413F_rtc,[1],2
1012,1,S1C_IW_GRDH_1SDV_20250405T153225_20250405T153250_001760_rtc,S1C_IW_GRDH_1SDV_20250405T153225_20250405T153250_001760_rtc,[1],1
1013,1,S1C_IW_GRDH_1SDV_20250405T153225_20250405T153250_001760_rtc,S1C_IW_GRDH_1SDV_20250405T153225_20250405T153250_001760_rtc,[2],1
1014,1,S1C_IW_GRDH_1SDV_20250405T153225_20250405T153250_001760_rtc,S1C_IW_GRDH_1SDV_20250405T153225_20250405T153250_001760_rtc,[1],1
1015,1,S1C_IW_GRDH_1SDV_20250405T153225_20250405T153250_001760_rtc,S1C_IW_GRDH_1SDV_20250405T153225_20250405T153250_001760_rtc,[1],1
1016,1,S1C_IW_GRDH_1SDV_20250405T153225_20250405T153250_001760_rtc,S1C_IW_GRDH_1SDV_20250405T153225_20250405T153250_001760_rtc,[2],1
1017,1,S1C_IW_GRDH_1SDV_20250405T153225_20250405T153250_001760_rtc,S1C_IW_GRDH_1SDV_20250405T153225_20250405T153250_001760_rtc,[2],1
1018,3,S1C_IW_GRDH_1SDV_20250405T153225_20250405T153250_001760_rtc,S1A_IW_GRDH_1SDV_20250411T153357_20250411T153422_058711_07456E_rtc,[1],3
1019,6,S1C_IW_GRDH_1SDV_20250405T153225_20250405T153250_001760_rtc,S1C_IW_GRDH_1SDV_20250417T153225_20250417T153250_001935_rtc,[1],6
1020,1,S1C_IW_GRDH_1SDV_20250405T153225_20250405T153250_001760_rtc,S1C_IW_GRDH_1SDV_20250405T153225_20250405T153250_001760_rtc,[2],1
1021,1,S1C_IW_GRDH_1SDV_20250405T153225_20250405T153250_001760_rtc,S1C_IW_GRDH_1SDV_20250405T153225_20250405T153250_001760_rtc,[1],1
1022,1,S1C_IW_GRDH_1SDV_20250405T153225_20250405T153250_001760_rtc,S1C_IW_GRDH_1SDV_20250405T153225_20250405T153250_001760_rtc,[1],1
1023,9,S1C_IW_GRDH_1SDV_20250405T153225_20250405T153250_001760_rtc,S1C_IW_GRDH_1SDV_20250417T153225_20250417T153250_001935_rtc,[2],9
1024,1,S1C_IW_GRDH_1SDV_20250405T153225_20250405T153250_001760_rtc,S1C_IW_GRDH_1SDV_20250405T153225_20250405T153250_001760_rtc,[2],1
1025,7,S1C_IW_GRDH_1SDV_20250405T153225_20250405T153250_001760_rtc,S1C_IW_GRDH_1SDV_20250417T153225_20250417T153250_001935_rtc,[2],7
1026,6,S1C_IW_GRDH_1SDV_20250405T153225_20250405T153250_001760_rtc,S1C_IW_GRDH_1SDV_20250417T153225_20250417T153250_001935_rtc,[2],6
1027,1,S1C_IW_GRDH_1SDV_20250405T153225_20250405T153250_001760_rtc,S1C_IW_GRDH_1SDV_20250405T153225_20250405T153250_001760_rtc,[2],1
1028,1,S1A_IW_GRDH_1SDV_20250411T153357_20250411T153422_058711_07456E_rtc,S1A_IW_GRDH_1SDV_20250411T153357_20250411T153422_058711_07456E_rtc,[1],1
1029,1,S1A_IW_GRDH_1SDV_20250411T153357_20250411T153422_058711_07456E_rtc,S1A_IW_GRDH_1SDV_20250411T153357_20250411T153422_058711_07456E_rtc,[1],1
1030,1,S1A_IW_GRDH_1SDV_20250411T153357_20250411T153422_058711_07456E_rtc,S1A_IW_GRDH_1SDV_20250411T153357_20250411T153422_058711_07456E_rtc,[1],1
1031,1,S1A_IW_GRDH_1SDV_20250411T153357_20250411T153422_058711_07456E_rtc,S1A_IW_GRDH_1SDV_20250411T153357_20250411T153422_058711_07456E_rtc,[1],1
1032,1,S1A_IW_GRDH_1SDV_20250411T153357_20250411T153422_058711_07456E_rtc,S1A_IW_GRDH_1SDV_20250411T153357_20250411T153422_058711_07456E_rtc,[1],1
1033,1,S1A_IW_GRDH_1SDV_20250411T153357_20250411T153422_058711_07456E_rtc,S1A_IW_GRDH_1SDV_20250411T153357_20250411T153422_058711_07456E_rtc,[1],1
1034,1,S1A_IW_GRDH_1SDV_20250411T153357_20250411T153422_058711_07456E_rtc,S1A_IW_GRDH_1SDV_20250411T153357_20250411T153422_058711_07456E_rtc,[1],1
1035,1,S1A_IW_GRDH_1SDV_20250411T153357_20250411T153422_058711_07456E_rtc,S1A_IW_GRDH_1SDV_20250411T153357_20250411T153422_058711_07456E_rtc,[1],1
1036,1,S1A_IW_GRDH_1SDV_20250411T153357_20250411T153422_058711_07456E_rtc,S1A_IW_GRDH_1SDV_20250411T153357_20250411T153422_058711_07456E_rtc,[1],1
1037,1,S1A_IW_GRDH_1SDV_20250411T153357_20250411T153422_058711_07456E_rtc,S1A_IW_GRDH_1SDV_20250411T153357_20250411T153422_058711_07456E_rtc,[1],1
1038,1,S1A_IW_GRDH_1SDV_20250411T153357_20250411T153422_058711_07456E_rtc,S1A_IW_GRDH_1SDV_20250411T153357_20250411T153422_058711_07456E_rtc,[1],1
1039,1,S1A_IW_GRDH_1SDV_20250411T153357_20250411T153422_058711_07456E_rtc,S1A_IW_GRDH_1SDV_20250411T153357_20250411T153422_058711_07456E_rtc,[1],1
1040,1,S1A_IW_GRDH_1SDV_20250411T153357_20250411T153422_058711_07456E_rtc,S1A_IW_GRDH_1SDV_20250411T153357_20250411T153422_058711_07456E_rtc,[1],1
1041,1,S1A_IW_GRDH_1SDV_20250411T153357_20250411T153422_058711_07456E_rtc,S1A_IW_GRDH_1SDV_20250411T153357_20250411T153422_058711_07456E_rtc,[1],1
1042,1,S1A_IW_GRDH_1SDV_20250411T153357_20250411T153422_058711_07456E_rtc,S1A_IW_GRDH_1SDV_20250411T153357_20250411T153422_058711_07456E_rtc,[1],1
1043,1,S1A_IW_GRDH_1SDV_20250411T153357_20250411T153422_058711_07456E_rtc,S1A_IW_GRDH_1SDV_20250411T153357_20250411T153422_058711_07456E_rtc,[1],1
1044,1,S1A_IW_GRDH_1SDV_20250411T153357_20250411T153422_058711_07456E_rtc,S1A_IW_GRDH_1SDV_20250411T153357_20250411T153422_058711_07456E_rtc,[1],1
1045,1,S1A_IW_GRDH_1SDV_20250411T153357_20250411T153422_058711_07456E_rtc,S1A_IW_GRDH_1SDV_20250411T153357_20250411T153422_058711_07456E_rtc,[1],1
1046,1,S1A_IW_GRDH_1SDV_20250411T153357_20250411T153422_058711_07456E_rtc,S1A_IW_GRDH_1SDV_20250411T153357_20250411T153422_058711_07456E_rtc,[2],1
1047,1,S1A_IW_GRDH_1SDV_20250411T153357_20250411T153422_058711_07456E_rtc,S1A_IW_GRDH_1SDV_20250411T153357_20250411T153422_058711_07456E_rtc,[2],1
1048,1,S1A_IW_GRDH_1SDV_20250411T153357_20250411T153422_058711_07456E_rtc,S1A_IW_GRDH_1SDV_20250411T153357_20250411T153422_058711_07456E_rtc,[2],1
1049,1,S1A_IW_GRDH_1SDV_20250411T153357_20250411T153422_058711_07456E_rtc,S1A_IW_GRDH_1SDV_20250411T153357_20250411T153422_058711_07456E_rtc,[2],1
1050,1,S1A_IW_GRDH_1SDV_20250411T153357_20250411T153422_058711_07456E_rtc,S1A_IW_GRDH_1SDV_20250411T153357_20250411T153422_058711_07456E_rtc,[2],1
1051,1,S1A_IW_GRDH_1SDV_20250411T153357_20250411T153422_058711_07456E_rtc,S1A_IW_GRDH_1SDV_20250411T153357_20250411T153422_058711_07456E_rtc,[2],1
1052,1,S1A_IW_GRDH_1SDV_20250411T153357_20250411T153422_058711_07456E_rtc,S1A_IW_GRDH_1SDV_20250411T153357_20250411T153422_058711_07456E_rtc,[1],1
1053,1,S1A_IW_GRDH_1SDV_20250411T153357_20250411T153422_058711_07456E_rtc,S1A_IW_GRDH_1SDV_20250411T153357_20250411T153422_058711_07456E_rtc,[2],1
1054,1,S1A_IW_GRDH_1SDV_20250411T153357_20250411T153422_058711_07456E_rtc,S1A_IW_GRDH_1SDV_20250411T153357_20250411T153422_058711_07456E_rtc,[2],1
1055,1,S1A_IW_GRDH_1SDV_20250411T153357_20250411T153422_058711_07456E_rtc,S1A_IW_GRDH_1SDV_20250411T153357_20250411T153422_058711_07456E_rtc,[2],1
1056,1,S1A_IW_GRDH_1SDV_20250411T153357_20250411T153422_058711_07456E_rtc,S1A_IW_GRDH_1SDV_20250411T153357_20250411T153422_058711_07456E_rtc,[2],1
1057,1,S1A_IW_GRDH_1SDV_20250411T153357_20250411T153422_058711_07456E_rtc,S1A_IW_GRDH_1SDV_20250411T153357_20250411T153422_058711_07456E_rtc,[2],1
1058,1,S1A_IW_GRDH_1SDV_20250411T153357_20250411T153422_058711_07456E_rtc,S1A_IW_GRDH_1SDV_20250411T153357_20250411T153422_058711_07456E_rtc,[2],1
1059,1,S1A_IW_GRDH_1SDV_20250411T153357_20250411T153422_058711_07456E_rtc,S1A_IW_GRDH_1SDV_20250411T153357_20250411T153422_058711_07456E_rtc,[2],1
1060,1,S1A_IW_GRDH_1SDV_20250411T153357_20250411T153422_058711_07456E_rtc,S1A_IW_GRDH_1SDV_20250411T153357_20250411T153422_058711_07456E_rtc,[2],1
1061,1,S1A_IW_GRDH_1SDV_20250411T153357_20250411T153422_058711_07456E_rtc,S1A_IW_GRDH_1SDV_20250411T153357_20250411T153422_058711_07456E_rtc,[2],1
1062,1,S1A_IW_GRDH_1SDV_20250411T153357_20250411T153422_058711_07456E_rtc,S1A_IW_GRDH_1SDV_20250411T153357_20250411T153422_058711_07456E_rtc,[2],1
1063,1,S1A_IW_GRDH_1SDV_20250411T153357_20250411T153422_058711_07456E_rtc,S1A_IW_GRDH_1SDV_20250411T153357_20250411T153422_058711_07456E_rtc,[2],1
1064,1,S1A_IW_GRDH_1SDV_20250411T153357_20250411T153422_058711_07456E_rtc,S1A_IW_GRDH_1SDV_20250411T153357_20250411T153422_058711_07456E_rtc,[2],1
1065,1,S1A_IW_GRDH_1SDV_20250411T153357_20250411T153422_058711_07456E_rtc,S1A_IW_GRDH_1SDV_20250411T153357_20250411T153422_058711_07456E_rtc,[2],1
1066,1,S1A_IW_GRDH_1SDV_20250411T153357_20250411T153422_058711_07456E_rtc,S1A_IW_GRDH_1SDV_20250411T153357_20250411T153422_058711_07456E_rtc,[2],1
1067,1,S1A_IW_GRDH_1SDV_20250411T153357_20250411T153422_058711_07456E_rtc,S1A_IW_GRDH_1SDV_20250411T153357_20250411T153422_058711_07456E_rtc,[2],1
1068,1,S1A_IW_GRDH_1SDV_20250411T153357_20250411T153422_058711_07456E_rtc,S1A_IW_GRDH_1SDV_20250411T153357_20250411T153422_058711_07456E_rtc,[2],1
1069,1,S1A_IW_GRDH_1SDV_20250411T153357_20250411T153422_058711_07456E_rtc,S1A_IW_GRDH_1SDV_20250411T153357_20250411T153422_058711_07456E_rtc,[2],1
1070,3,S1A_IW_GRDH_1SDV_20250411T153357_20250411T153422_058711_07456E_rtc,S1C_IW_GRDH_1SDV_20250417T153225_20250417T153250_001935_rtc,[1],3
1071,3,S1A_IW_GRDH_1SDV_20250411T153357_20250411T153422_058711_07456E_rtc,S1C_IW_GRDH_1SDV_20250417T153225_20250417T153250_001935_rtc,"[1, 2]",3
1072,1,S1A_IW_GRDH_1SDV_20250411T153357_20250411T153422_058711_07456E_rtc,S1A_IW_GRDH_1SDV_20250411T153357_20250411T153422_058711_07456E_rtc,[2],1
1073,4,S1A_IW_GRDH_1SDV_20250411T153357_20250411T153422_058711_07456E_rtc,S1C_IW_GRDH_1SDV_20250417T153225_20250417T153250_001935_rtc,[1],4
1074,2,S1A_IW_GRDH_1SDV_20250411T153357_20250411T153422_058711_07456E_rtc,S1A_IW_GRDH_1SDV_20250416T154144_20250416T154209_058784_074865_rtc,[1],2
1075,1,S1A_IW_GRDH_1SDV_20250411T153357_20250411T153422_058711_07456E_rtc,S1A_IW_GRDH_1SDV_20250411T153357_20250411T153422_058711_07456E_rtc,[1],1
1076,1,S1A_IW_GRDH_1SDV_20250411T153357_20250411T153422_058711_07456E_rtc,S1A_IW_GRDH_1SDV_20250411T153357_20250411T153422_058711_07456E_rtc,[1],1
1077,1,S1C_IW_GRDH_1SDV_20250417T153225_20250417T153250_001935_rtc,S1C_IW_GRDH_1SDV_20250417T153225_20250417T153250_001935_rtc,[2],1
1078,1,S1C_IW_GRDH_1SDV_20250417T153225_20250417T153250_001935_rtc,S1C_IW_GRDH_1SDV_20250417T153225_20250417T153250_001935_rtc,[2],1
1079,1,S1C_IW_GRDH_1SDV_20250417T153225_20250417T153250_001935_rtc,S1C_IW_GRDH_1SDV_20250417T153225_20250417T153250_001935_rtc,[2],1
1080,1,S1C_IW_GRDH_1SDV_20250417T153225_20250417T153250_001935_rtc,S1C_IW_GRDH_1SDV_20250417T153225_20250417T153250_001935_rtc,[1],1
1081,1,S1C_IW_GRDH_1SDV_20250504T154050_20250504T154115_002183_rtc,S1C_IW_GRDH_1SDV_20250504T154050_20250504T154115_002183_rtc,[1],1
1082,9,S1C_IW_GRDH_1SDV_20250504T154050_20250504T154115_002183_rtc,S1A_IW_GRDH_1SDV_20250522T154144_20250522T154209_059309_rtc,[2],9
1083,2,S1C_IW_GRDH_1SDV_20250504T154050_20250504T154115_002183_rtc,S1A_IW_GRDH_1SDV_20250505T153357_20250505T153422_059061_rtc,[1],2
1084,4,S1A_IW_GRDH_1SDV_20250505T153357_20250505T153422_059061_rtc,S1A_IW_GRDH_1SDV_20250517T153357_20250517T153422_059236_0759C3_rtc,[1],4
1085,3,S1A_IW_GRDH_1SDV_20250505T153357_20250505T153422_059061_rtc,S1C_IW_GRDH_1SDV_20250511T153227_20250511T153252_002285_rtc,[1],3
1086,5,S1A_IW_GRDH_1SDV_20250505T153357_20250505T153422_059061_rtc,S1C_IW_GRDH_1SDV_20250511T153227_20250511T153252_002285_rtc,[1],5
1087,6,S1A_IW_GRDH_1SDV_20250505T153357_20250505T153422_059061_rtc,S1A_IW_GRDH_1SDV_20250517T153357_20250517T153422_059236_0759C3_rtc,"[1, 2]",6
1088,1,S1A_IW_GRDH_1SDV_20250505T153357_20250505T153422_059061_rtc,S1A_IW_GRDH_1SDV_20250505T153357_20250505T153422_059061_rtc,[1],1
1089,10,S1A_IW_GRDH_1SDV_20250505T153357_20250505T153422_059061_rtc,S1A_IW_GRDH_1SDV_20250522T154144_20250522T154209_059309_rtc,[2],10
1090,1,S1A_IW_GRDH_1SDV_20250505T153357_20250505T153422_059061_rtc,S1A_IW_GRDH_1SDV_20250505T153357_20250505T153422_059061_rtc,[2],1
1091,1,S1A_IW_GRDH_1SDV_20250505T153357_20250505T153422_059061_rtc,S1A_IW_GRDH_1SDV_20250505T153357_20250505T153422_059061_rtc,[2],1
1092,1,S1A_IW_GRDH_1SDV_20250505T153357_20250505T153422_059061_rtc,S1A_IW_GRDH_1SDV_20250505T153357_20250505T153422_059061_rtc,[2],1
1093,7,S1A_IW_GRDH_1SDV_20250505T153357_20250505T153422_059061_rtc,S1A_IW_GRDH_1SDV_20250522T154144_20250522T154209_059309_rtc,[2],7
1094,1,S1A_IW_GRDH_1SDV_20250505T153357_20250505T153422_059061_rtc,S1A_IW_GRDH_1SDV_20250505T153357_20250505T153422_059061_rtc,[2],1
1095,1,S1A_IW_GRDH_1SDV_20250505T153357_20250505T153422_059061_rtc,S1A_IW_GRDH_1SDV_20250505T153357_20250505T153422_059061_rtc,[2],1
1096,6,S1A_IW_GRDH_1SDV_20250505T153357_20250505T153422_059061_rtc,S1A_IW_GRDH_1SDV_20250522T154144_20250522T154209_059309_rtc,[2],6
1097,1,S1A_IW_GRDH_1SDV_20250510T154144_20250510T154209_059134_rtc,S1A_IW_GRDH_1SDV_20250510T154144_20250510T154209_059134_rtc,[2],1
1098,1,S1A_IW_GRDH_1SDV_20250510T154144_20250510T154209_059134_rtc,S1A_IW_GRDH_1SDV_20250510T154144_20250510T154209_059134_rtc,[1],1
1099,2,S1A_IW_GRDH_1SDV_20250510T154144_20250510T154209_059134_rtc,S1C_IW_GRDH_1SDV_20250511T153227_20250511T153252_002285_rtc,[2],2
1100,2,S1A_IW_GRDH_1SDV_20250510T154144_20250510T154209_059134_rtc,S1C_IW_GRDH_1SDV_20250511T153227_20250511T153252_002285_rtc,[2],2
1101,3,S1A_IW_GRDH_1SDV_20250510T154144_20250510T154209_059134_rtc,S1C_IW_GRDH_1SDV_20250511T153227_20250511T153252_002285_rtc,[2],3
1102,3,S1A_IW_GRDH_1SDV_20250510T154144_20250510T154209_059134_rtc,S1C_IW_GRDH_1SDV_20250511T153227_20250511T153252_002285_rtc,[1],3
1103,1,S1A_IW_GRDH_1SDV_20250510T154144_20250510T154209_059134_rtc,S1A_IW_GRDH_1SDV_20250510T154144_20250510T154209_059134_rtc,[1],1
1104,6,S1C_IW_GRDH_1SDV_20250511T153227_20250511T153252_002285_rtc,S1A_IW_GRDH_1SDV_20250522T154144_20250522T154209_059309_rtc,[2],6
1105,1,S1A_IW_GRDH_1SDV_20250522T154144_20250522T154209_059309_rtc,S1A_IW_GRDH_1SDV_20250522T154144_20250522T154209_059309_rtc,[1],1
1106,1,S1A_IW_GRDH_1SDV_20250522T154144_20250522T154209_059309_rtc,S1A_IW_GRDH_1SDV_20250522T154144_20250522T154209_059309_rtc,[1],1
1107,1,S1A_IW_GRDH_1SDV_20250522T154144_20250522T154209_059309_rtc,S1A_IW_GRDH_1SDV_20250522T154144_20250522T154209_059309_rtc,[2],1
1108,1,S1A_IW_GRDH_1SDV_20250522T154144_20250522T154209_059309_rtc,S1A_IW_GRDH_1SDV_20250522T154144_20250522T154209_059309_rtc,[1],1
1109,1,S1A_IW_GRDH_1SDV_20250522T154144_20250522T154209_059309_rtc,S1A_IW_GRDH_1SDV_20250522T154144_20250522T154209_059309_rtc,[1],1
1110,1,S1A_IW_GRDH_1SDV_20250522T154144_20250522T154209_059309_rtc,S1A_IW_GRDH_1SDV_20250522T154144_20250522T154209_059309_rtc,[1],1
1111,1,S1A_IW_GRDH_1SDV_20250522T154144_20250522T154209_059309_rtc,S1A_IW_GRDH_1SDV_20250522T154144_20250522T154209_059309_rtc,[1],1
1112,7,S1A_IW_GRDH_1SDV_20250603T154143_20250603T154208_059484_rtc,S1C_IW_GRDH_1SDV_20250621T154053_20250621T154118_002883_rtc,[1],7
1113,1,S1A_IW_GRDH_1SDV_20250603T154143_20250603T154208_059484_rtc,S1A_IW_GRDH_1SDV_20250603T154143_20250603T154208_059484_rtc,[2],1
1114,1,S1A_IW_GRDH_1SDV_20250603T154143_20250603T154208_059484_rtc,S1A_IW_GRDH_1SDV_20250603T154143_20250603T154208_059484_rtc,[2],1
1115,10,S1A_IW_GRDH_1SDV_20250603T154143_20250603T154208_059484_rtc,S1C_IW_GRDH_1SDV_20250621T154053_20250621T154118_002883_rtc,[2],10
1116,5,S1A_IW_GRDH_1SDV_20250603T154143_20250603T154208_059484_rtc,S1C_IW_GRDH_1SDV_20250609T154053_20250609T154118_002708_rtc,[2],5
1117,9,S1A_IW_GRDH_1SDV_20250603T154143_20250603T154208_059484_rtc,S1A_IW_GRDH_1SDV_20250615T154143_20250615T154208_059659_076855_rtc,[2],9
1118,6,S1A_IW_GRDH_1SDV_20250603T154143_20250603T154208_059484_rtc,S1C_IW_GRDH_1SDV_20250616T153230_20250616T153255_002810_rtc,[1],6
1119,2,S1A_IW_GRDH_1SDV_20250603T154143_20250603T154208_059484_rtc,S1C_IW_GRDH_1SDV_20250604T153229_20250604T153254_002635_rtc,[1],2
1120,1,S1A_IW_GRDH_1SDV_20250603T154143_20250603T154208_059484_rtc,S1A_IW_GRDH_1SDV_20250603T154143_20250603T154208_059484_rtc,[2],1
1121,1,S1A_IW_GRDH_1SDV_20250603T154143_20250603T154208_059484_rtc,S1A_IW_GRDH_1SDV_20250603T154143_20250603T154208_059484_rtc,[2],1
1122,1,S1A_IW_GRDH_1SDV_20250603T154143_20250603T154208_059484_rtc,S1A_IW_GRDH_1SDV_20250603T154143_20250603T154208_059484_rtc,[2],1
1123,1,S1A_IW_GRDH_1SDV_20250603T154143_20250603T154208_059484_rtc,S1A_IW_GRDH_1SDV_20250603T154143_20250603T154208_059484_rtc,[2],1
1124,1,S1A_IW_GRDH_1SDV_20250603T154143_20250603T154208_059484_rtc,S1A_IW_GRDH_1SDV_20250603T154143_20250603T154208_059484_rtc,[2],1
1125,2,S1A_IW_GRDH_1SDV_20250603T154143_20250603T154208_059484_rtc,S1C_IW_GRDH_1SDV_20250604T153229_20250604T153254_002635_rtc,[1],2
1126,1,S1A_IW_GRDH_1SDV_20250603T154143_20250603T154208_059484_rtc,S1A_IW_GRDH_1SDV_20250603T154143_20250603T154208_059484_rtc,[1],1
1127,1,S1A_IW_GRDH_1SDV_20250603T154143_20250603T154208_059484_rtc,S1A_IW_GRDH_1SDV_20250603T154143_20250603T154208_059484_rtc,[1],1
1128,1,S1A_IW_GRDH_1SDV_20250610T153356_20250610T153421_059586_rtc,S1A_IW_GRDH_1SDV_20250610T153356_20250610T153421_059586_rtc,[1],1
1129,1,S1A_IW_GRDH_1SDV_20250610T153356_20250610T153421_059586_rtc,S1A_IW_GRDH_1SDV_20250610T153356_20250610T153421_059586_rtc,[1],1
1130,1,S1A_IW_GRDH_1SDV_20250610T153356_20250610T153421_059586_rtc,S1A_IW_GRDH_1SDV_20250610T153356_20250610T153421_059586_rtc,[1],1
1131,1,S1A_IW_GRDH_1SDV_20250610T153356_20250610T153421_059586_rtc,S1A_IW_GRDH_1SDV_20250610T153356_20250610T153421_059586_rtc,[1],1
1132,6,S1A_IW_GRDH_1SDV_20250610T153356_20250610T153421_059586_rtc,S1C_IW_GRDH_1SDV_20250621T154053_20250621T154118_002883_rtc,[2],6
1133,1,S1A_IW_GRDH_1SDV_20250610T153356_20250610T153421_059586_rtc,S1A_IW_GRDH_1SDV_20250610T153356_20250610T153421_059586_rtc,[2],1
1134,1,S1A_IW_GRDH_1SDV_20250610T153356_20250610T153421_059586_rtc,S1A_IW_GRDH_1SDV_20250610T153356_20250610T153421_059586_rtc,[2],1
1135,1,S1A_IW_GRDH_1SDV_20250610T153356_20250610T153421_059586_rtc,S1A_IW_GRDH_1SDV_20250610T153356_20250610T153421_059586_rtc,[2],1
1136,1,S1A_IW_GRDH_1SDV_20250610T153356_20250610T153421_059586_rtc,S1A_IW_GRDH_1SDV_20250610T153356_20250610T153421_059586_rtc,[2],1
1137,5,S1A_IW_GRDH_1SDV_20250610T153356_20250610T153421_059586_rtc,S1C_IW_GRDH_1SDV_20250621T154053_20250621T154118_002883_rtc,[2],5
1138,1,S1A_IW_GRDH_1SDV_20250610T153356_20250610T153421_059586_rtc,S1A_IW_GRDH_1SDV_20250610T153356_20250610T153421_059586_rtc,[2],1
1139,1,S1A_IW_GRDH_1SDV_20250610T153356_20250610T153421_059586_rtc,S1A_IW_GRDH_1SDV_20250610T153356_20250610T153421_059586_rtc,[2],1
1140,1,S1A_IW_GRDH_1SDV_20250610T153356_20250610T153421_059586_rtc,S1A_IW_GRDH_1SDV_20250610T153356_20250610T153421_059586_rtc,[2],1
1141,1,S1A_IW_GRDH_1SDV_20250610T153356_20250610T153421_059586_rtc,S1A_IW_GRDH_1SDV_20250610T153356_20250610T153421_059586_rtc,[2],1
1142,4,S1A_IW_GRDH_1SDV_20250610T153356_20250610T153421_059586_rtc,S1C_IW_GRDH_1SDV_20250621T154053_20250621T154118_002883_rtc,[2],4
1143,6,S1A_IW_GRDH_1SDV_20250610T153356_20250610T153421_059586_rtc,S1C_IW_GRDH_1SDV_20250616T153230_20250616T153255_002810_rtc,[1],6
1144,1,S1A_IW_GRDH_1SDV_20250615T154143_20250615T154208_059659_076855_rtc,S1A_IW_GRDH_1SDV_20250615T154143_20250615T154208_059659_076855_rtc,[1],1
1145,1,S1A_IW_GRDH_1SDV_20250615T154143_20250615T154208_059659_076855_rtc,S1A_IW_GRDH_1SDV_20250615T154143_20250615T154208_059659_076855_rtc,[1],1
1146,1,S1A_IW_GRDH_1SDV_20250615T154143_20250615T154208_059659_076855_rtc,S1A_IW_GRDH_1SDV_20250615T154143_20250615T154208_059659_076855_rtc,[1],1
1147,1,S1A_IW_GRDH_1SDV_20250615T154143_20250615T154208_059659_076855_rtc,S1A_IW_GRDH_1SDV_20250615T154143_20250615T154208_059659_076855_rtc,[1],1
1148,1,S1A_IW_GRDH_1SDV_20250615T154143_20250615T154208_059659_076855_rtc,S1A_IW_GRDH_1SDV_20250615T154143_20250615T154208_059659_076855_rtc,[1],1
1149,1,S1A_IW_GRDH_1SDV_20250615T154143_20250615T154208_059659_076855_rtc,S1A_IW_GRDH_1SDV_20250615T154143_20250615T154208_059659_076855_rtc,[1],1
1150,1,S1C_IW_GRDH_1SDV_20250621T154053_20250621T154118_002883_rtc,S1C_IW_GRDH_1SDV_20250621T154053_20250621T154118_002883_rtc,[2],1
1151,4,S1C_IW_GRDH_1SDV_20250703T154054_20250703T154119_003058_rtc,S1A_IW_GRDH_1SDV_20250709T154141_20250709T154206_060009_rtc,[2],4
1152,15,S1C_IW_GRDH_1SDV_20250703T154054_20250703T154119_003058_rtc,S1A_IW_GRDH_1SDV_20250716T153354_20250716T153419_060111_rtc,[2],15
1153,1,S1C_IW_GRDH_1SDV_20250703T154054_20250703T154119_003058_rtc,S1C_IW_GRDH_1SDV_20250703T154054_20250703T154119_003058_rtc,[2],1
1154,6,S1C_IW_GRDH_1SDV_20250703T154054_20250703T154119_003058_rtc,S1C_IW_GRDH_1SDV_20250715T154055_20250715T154120_003233_rtc,[1],6
1155,2,S1C_IW_GRDH_1SDV_20250703T154054_20250703T154119_003058_rtc,S1A_IW_GRDH_1SDV_20250704T153355_20250704T153420_059936_0771F5_rtc,[1],2
1156,1,S1A_IW_GRDH_1SDV_20250704T153355_20250704T153420_059936_0771F5_rtc,S1A_IW_GRDH_1SDV_20250704T153355_20250704T153420_059936_0771F5_rtc,[1],1
1157,1,S1A_IW_GRDH_1SDV_20250704T153355_20250704T153420_059936_0771F5_rtc,S1A_IW_GRDH_1SDV_20250704T153355_20250704T153420_059936_0771F5_rtc,[1],1
1158,1,S1A_IW_GRDH_1SDV_20250704T153355_20250704T153420_059936_0771F5_rtc,S1A_IW_GRDH_1SDV_20250704T153355_20250704T153420_059936_0771F5_rtc,[1],1
1159,1,S1A_IW_GRDH_1SDV_20250704T153355_20250704T153420_059936_0771F5_rtc,S1A_IW_GRDH_1SDV_20250704T153355_20250704T153420_059936_0771F5_rtc,[1],1
1160,1,S1A_IW_GRDH_1SDV_20250704T153355_20250704T153420_059936_0771F5_rtc,S1A_IW_GRDH_1SDV_20250704T153355_20250704T153420_059936_0771F5_rtc,[1],1
1161,1,S1A_IW_GRDH_1SDV_20250704T153355_20250704T153420_059936_0771F5_rtc,S1A_IW_GRDH_1SDV_20250704T153355_20250704T153420_059936_0771F5_rtc,[1],1
1162,1,S1A_IW_GRDH_1SDV_20250704T153355_20250704T153420_059936_0771F5_rtc,S1A_IW_GRDH_1SDV_20250704T153355_20250704T153420_059936_0771F5_rtc,[2],1
1163,12,S1A_IW_GRDH_1SDV_20250704T153355_20250704T153420_059936_0771F5_rtc,S1A_IW_GRDH_1SDV_20250716T153354_20250716T153419_060111_rtc,[2],12
1164,1,S1A_IW_GRDH_1SDV_20250704T153355_20250704T153420_059936_0771F5_rtc,S1A_IW_GRDH_1SDV_20250704T153355_20250704T153420_059936_0771F5_rtc,[2],1
1165,2,S1A_IW_GRDH_1SDV_20250704T153355_20250704T153420_059936_0771F5_rtc,S1A_IW_GRDH_1SDV_20250709T154141_20250709T154206_060009_rtc,[2],2
1166,1,S1A_IW_GRDH_1SDV_20250704T153355_20250704T153420_059936_0771F5_rtc,S1A_IW_GRDH_1SDV_20250704T153355_20250704T153420_059936_0771F5_rtc,[2],1
1167,1,S1A_IW_GRDH_1SDV_20250704T153355_20250704T153420_059936_0771F5_rtc,S1A_IW_GRDH_1SDV_20250704T153355_20250704T153420_059936_0771F5_rtc,[2],1
1168,1,S1A_IW_GRDH_1SDV_20250704T153355_20250704T153420_059936_0771F5_rtc,S1A_IW_GRDH_1SDV_20250704T153355_20250704T153420_059936_0771F5_rtc,[2],1
1169,1,S1A_IW_GRDH_1SDV_20250704T153355_20250704T153420_059936_0771F5_rtc,S1A_IW_GRDH_1SDV_20250704T153355_20250704T153420_059936_0771F5_rtc,[2],1
1170,1,S1A_IW_GRDH_1SDV_20250704T153355_20250704T153420_059936_0771F5_rtc,S1A_IW_GRDH_1SDV_20250704T153355_20250704T153420_059936_0771F5_rtc,[2],1
1171,5,S1A_IW_GRDH_1SDV_20250704T153355_20250704T153420_059936_0771F5_rtc,S1C_IW_GRDH_1SDV_20250715T154055_20250715T154120_003233_rtc,[2],5
1172,1,S1C_IW_GRDH_1SDV_20250710T153231_20250710T153256_003160_rtc,S1C_IW_GRDH_1SDV_20250710T153231_20250710T153256_003160_rtc,[1],1
1173,1,S1C_IW_GRDH_1SDV_20250710T153231_20250710T153256_003160_rtc,S1C_IW_GRDH_1SDV_20250710T153231_20250710T153256_003160_rtc,[1],1
1174,1,S1C_IW_GRDH_1SDV_20250710T153231_20250710T153256_003160_rtc,S1C_IW_GRDH_1SDV_20250710T153231_20250710T153256_003160_rtc,[2],1
1175,1,S1C_IW_GRDH_1SDV_20250710T153231_20250710T153256_003160_rtc,S1C_IW_GRDH_1SDV_20250710T153231_20250710T153256_003160_rtc,[1],1
1176,1,S1C_IW_GRDH_1SDV_20250710T153231_20250710T153256_003160_rtc,S1C_IW_GRDH_1SDV_20250710T153231_20250710T153256_003160_rtc,[2],1
1177,1,S1C_IW_GRDH_1SDV_20250710T153231_20250710T153256_003160_rtc,S1C_IW_GRDH_1SDV_20250710T153231_20250710T153256_003160_rtc,[1],1
1178,1,S1C_IW_GRDH_1SDV_20250710T153231_20250710T153256_003160_rtc,S1C_IW_GRDH_1SDV_20250710T153231_20250710T153256_003160_rtc,[2],1
1179,1,S1C_IW_GRDH_1SDV_20250710T153231_20250710T153256_003160_rtc,S1C_IW_GRDH_1SDV_20250710T153231_20250710T153256_003160_rtc,[1],1
1180,1,S1C_IW_GRDH_1SDV_20250710T153231_20250710T153256_003160_rtc,S1C_IW_GRDH_1SDV_20250710T153231_20250710T153256_003160_rtc,[1],1
1181,2,S1C_IW_GRDH_1SDV_20250715T154055_20250715T154120_003233_rtc,S1A_IW_GRDH_1SDV_20250716T153354_20250716T153419_060111_rtc,[2],2
1182,1,S1C_IW_GRDH_1SDV_20250715T154055_20250715T154120_003233_rtc,S1C_IW_GRDH_1SDV_20250715T154055_20250715T154120_003233_rtc,[1],1
1183,1,S1A_IW_GRDH_1SDV_20250716T153354_20250716T153419_060111_rtc,S1A_IW_GRDH_1SDV_20250716T153354_20250716T153419_060111_rtc,[1],1
1184,1,S1A_IW_GRDH_1SDV_20250716T153354_20250716T153419_060111_rtc,S1A_IW_GRDH_1SDV_20250716T153354_20250716T153419_060111_rtc,[1],1
1185,1,S1A_IW_GRDH_1SDV_20250716T153354_20250716T153419_060111_rtc,S1A_IW_GRDH_1SDV_20250716T153354_20250716T153419_060111_rtc,[1],1
1186,3,S1A_IW_GRDH_1SDV_20250802T154141_20250802T154206_060359_rtc,S1C_IW_GRDH_1SDV_20250808T154056_20250808T154121_003583_rtc,[1],3
1187,1,S1A_IW_GRDH_1SDV_20250802T154141_20250802T154206_060359_rtc,S1A_IW_GRDH_1SDV_20250802T154141_20250802T154206_060359_rtc,[2],1
1188,16,S1A_IW_GRDH_1SDV_20250802T154141_20250802T154206_060359_rtc,S1C_IW_GRDH_1SDV_20250820T154056_20250820T154121_003758_00780D_rtc,[2],16
1189,4,S1A_IW_GRDH_1SDV_20250802T154141_20250802T154206_060359_rtc,S1C_IW_GRDH_1SDV_20250803T153233_20250803T153258_003510_rtc,[2],4
1190,12,S1A_IW_GRDH_1SDV_20250802T154141_20250802T154206_060359_rtc,S1C_IW_GRDH_1SDV_20250820T154056_20250820T154121_003758_00780D_rtc,[1],12
1191,1,S1C_IW_GRDH_1SDV_20250803T153233_20250803T153258_003510_rtc,S1C_IW_GRDH_1SDV_20250803T153233_20250803T153258_003510_rtc,[2],1
1192,1,S1C_IW_GRDH_1SDV_20250803T153233_20250803T153258_003510_rtc,S1C_IW_GRDH_1SDV_20250803T153233_20250803T153258_003510_rtc,[1],1
1193,1,S1C_IW_GRDH_1SDV_20250803T153233_20250803T153258_003510_rtc,S1C_IW_GRDH_1SDV_20250803T153233_20250803T153258_003510_rtc,[1],1
1194,1,S1C_IW_GRDH_1SDV_20250803T153233_20250803T153258_003510_rtc,S1C_IW_GRDH_1SDV_20250803T153233_20250803T153258_003510_rtc,[1],1
1195,1,S1C_IW_GRDH_1SDV_20250803T153233_20250803T153258_003510_rtc,S1C_IW_GRDH_1SDV_20250803T153233_20250803T153258_003510_rtc,[2],1
1196,1,S1C_IW_GRDH_1SDV_20250803T153233_20250803T153258_003510_rtc,S1C_IW_GRDH_1SDV_20250803T153233_20250803T153258_003510_rtc,[2],1
1197,1,S1C_IW_GRDH_1SDV_20250803T153233_20250803T153258_003510_rtc,S1C_IW_GRDH_1SDV_20250803T153233_20250803T153258_003510_rtc,[2],1
1198,1,S1C_IW_GRDH_1SDV_20250803T153233_20250803T153258_003510_rtc,S1C_IW_GRDH_1SDV_20250803T153233_20250803T153258_003510_rtc,[2],1
1199,3,S1C_IW_GRDH_1SDV_20250808T154056_20250808T154121_003583_rtc,S1A_IW_GRDH_1SDV_20250814T154141_20250814T154206_060534_rtc,[2],3
1200,2,S1C_IW_GRDH_1SDV_20250808T154056_20250808T154121_003583_rtc,S1A_IW_GRDH_1SDV_20250809T153354_20250809T153419_060461_rtc,[2],2
1201,1,S1C_IW_GRDH_1SDV_20250808T154056_20250808T154121_003583_rtc,S1C_IW_GRDH_1SDV_20250808T154056_20250808T154121_003583_rtc,[2],1
1202,6,S1C_IW_GRDH_1SDV_20250808T154056_20250808T154121_003583_rtc,S1C_IW_GRDH_1SDV_20250820T154056_20250820T154121_003758_00780D_rtc,[2],6
1203,1,S1C_IW_GRDH_1SDV_20250808T154056_20250808T154121_003583_rtc,S1C_IW_GRDH_1SDV_20250808T154056_20250808T154121_003583_rtc,[1],1
1204,3,S1C_IW_GRDH_1SDV_20250808T154056_20250808T154121_003583_rtc,S1A_IW_GRDH_1SDV_20250809T153354_20250809T153419_060461_rtc,[1],3
1205,4,S1C_IW_GRDH_1SDV_20250808T154056_20250808T154121_003583_rtc,S1A_IW_GRDH_1SDV_20250814T154141_20250814T154206_060534_rtc,[1],4
1206,1,S1C_IW_GRDH_1SDV_20250808T154056_20250808T154121_003583_rtc,S1C_IW_GRDH_1SDV_20250808T154056_20250808T154121_003583_rtc,[1],1
1207,1,S1C_IW_GRDH_1SDV_20250808T154056_20250808T154121_003583_rtc,S1C_IW_GRDH_1SDV_20250808T154056_20250808T154121_003583_rtc,[2],1
1208,8,S1A_IW_GRDH_1SDV_20250809T153354_20250809T153419_060461_rtc,S1C_IW_GRDH_1SDV_20250815T153233_20250815T153258_003685_0075D9_rtc,[2],8
1209,5,S1A_IW_GRDH_1SDV_20250809T153354_20250809T153419_060461_rtc,S1C_IW_GRDH_1SDV_20250815T153233_20250815T153258_003685_0075D9_rtc,"[1, 2]",5
1210,4,S1A_IW_GRDH_1SDV_20250809T153354_20250809T153419_060461_rtc,S1C_IW_GRDH_1SDV_20250815T153233_20250815T153258_003685_0075D9_rtc,[2],4
1211,1,S1A_IW_GRDH_1SDV_20250809T153354_20250809T153419_060461_rtc,S1A_IW_GRDH_1SDV_20250809T153354_20250809T153419_060461_rtc,[2],1
1212,1,S1A_IW_GRDH_1SDV_20250809T153354_20250809T153419_060461_rtc,S1A_IW_GRDH_1SDV_20250809T153354_20250809T153419_060461_rtc,[2],1
1213,3,S1A_IW_GRDH_1SDV_20250809T153354_20250809T153419_060461_rtc,S1C_IW_GRDH_1SDV_20250815T153233_20250815T153258_003685_0075D9_rtc,[1],3
1214,3,S1A_IW_GRDH_1SDV_20250809T153354_20250809T153419_060461_rtc,S1C_IW_GRDH_1SDV_20250815T153233_20250815T153258_003685_0075D9_rtc,[1],3
1215,1,S1A_IW_GRDH_1SDV_20250809T153354_20250809T153419_060461_rtc,S1A_IW_GRDH_1SDV_20250809T153354_20250809T153419_060461_rtc,[2],1
1216,1,S1A_IW_GRDH_1SDV_20250809T153354_20250809T153419_060461_rtc,S1A_IW_GRDH_1SDV_20250809T153354_20250809T153419_060461_rtc,[2],1
1217,1,S1A_IW_GRDH_1SDV_20250809T153354_20250809T153419_060461_rtc,S1A_IW_GRDH_1SDV_20250809T153354_20250809T153419_060461_rtc,[1],1
1218,1,S1A_IW_GRDH_1SDV_20250809T153354_20250809T153419_060461_rtc,S1A_IW_GRDH_1SDV_20250809T153354_20250809T153419_060461_rtc,[2],1
1219,1,S1A_IW_GRDH_1SDV_20250814T154141_20250814T154206_060534_rtc,S1A_IW_GRDH_1SDV_20250814T154141_20250814T154206_060534_rtc,[1],1
1220,2,S1A_IW_GRDH_1SDV_20250814T154141_20250814T154206_060534_rtc,S1C_IW_GRDH_1SDV_20250815T153233_20250815T153258_003685_0075D9_rtc,[1],2
1221,2,S1A_IW_GRDH_1SDV_20250814T154141_20250814T154206_060534_rtc,S1C_IW_GRDH_1SDV_20250815T153233_20250815T153258_003685_0075D9_rtc,[1],2
1222,1,S1C_IW_GRDH_1SDV_20250815T153233_20250815T153258_003685_0075D9_rtc,S1C_IW_GRDH_1SDV_20250815T153233_20250815T153258_003685_0075D9_rtc,[0],1
1223,2,S1C_IW_GRDH_1SDV_20250815T153233_20250815T153258_003685_0075D9_rtc,S1C_IW_GRDH_1SDV_20250820T154056_20250820T154121_003758_00780D_rtc,[2],2
1224,1,S1C_IW_GRDH_1SDV_20250820T154056_20250820T154121_003758_00780D_rtc,S1C_IW_GRDH_1SDV_20250820T154056_20250820T154121_003758_00780D_rtc,[1],1
1225,1,S1C_IW_GRDH_1SDV_20250820T154056_20250820T154121_003758_00780D_rtc,S1C_IW_GRDH_1SDV_20250820T154056_20250820T154121_003758_00780D_rtc,[1],1
1226,1,S1C_IW_GRDH_1SDV_20250820T154056_20250820T154121_003758_00780D_rtc,S1C_IW_GRDH_1SDV_20250820T154056_20250820T154121_003758_00780D_rtc,[2],1
1227,1,S1C_IW_GRDH_1SDV_20250820T154056_20250820T154121_003758_00780D_rtc,S1C_IW_GRDH_1SDV_20250820T154056_20250820T154121_003758_00780D_rtc,[2],1
1228,1,S1C_IW_GRDH_1SDV_20250820T154056_20250820T154121_003758_00780D_rtc,S1C_IW_GRDH_1SDV_20250820T154056_20250820T154121_003758_00780D_rtc,[1],1
1229,5,S1C_IW_GRDH_1SDV_20250901T154057_20250901T154122_003933_007D53_rtc,S1A_IW_GRDH_1SDV_20250907T154141_20250907T154206_060884_0794FB_rtc,[1],5
1230,13,S1C_IW_GRDH_1SDV_20250901T154057_20250901T154122_003933_007D53_rtc,S1A_IW_GRDH_1SDV_20250919T154141_20250919T154206_061059_079BFF_rtc,[2],13
1231,2,S1C_IW_GRDH_1SDV_20250901T154057_20250901T154122_003933_007D53_rtc,S1A_IW_GRDH_1SDV_20250902T153354_20250902T153419_060811_079210_rtc,[1],2
1232,2,S1C_IW_GRDH_1SDV_20250901T154057_20250901T154122_003933_007D53_rtc,S1A_IW_GRDH_1SDV_20250902T153354_20250902T153419_060811_079210_rtc,[1],2
1233,1,S1C_IW_GRDH_1SDV_20250901T154057_20250901T154122_003933_007D53_rtc,S1C_IW_GRDH_1SDV_20250901T154057_20250901T154122_003933_007D53_rtc,[1],1
1234,1,S1C_IW_GRDH_1SDV_20250901T154057_20250901T154122_003933_007D53_rtc,S1C_IW_GRDH_1SDV_20250901T154057_20250901T154122_003933_007D53_rtc,[1],1
1235,3,S1C_IW_GRDH_1SDV_20250901T154057_20250901T154122_003933_007D53_rtc,S1A_IW_GRDH_1SDV_20250902T153354_20250902T153419_060811_079210_rtc,[2],3
1236,1,S1C_IW_GRDH_1SDV_20250901T154057_20250901T154122_003933_007D53_rtc,S1C_IW_GRDH_1SDV_20250901T154057_20250901T154122_003933_007D53_rtc,[2],1
1237,2,S1C_IW_GRDH_1SDV_20250901T154057_20250901T154122_003933_007D53_rtc,S1A_IW_GRDH_1SDV_20250902T153354_20250902T153419_060811_079210_rtc,[2],2
1238,6,S1C_IW_GRDH_1SDV_20250901T154057_20250901T154122_003933_007D53_rtc,S1A_IW_GRDH_1SDV_20250914T153354_20250914T153419_060986_079913_rtc,[2],6
1239,5,S1C_IW_GRDH_1SDV_20250901T154057_20250901T154122_003933_007D53_rtc,S1A_IW_GRDH_1SDV_20250907T154141_20250907T154206_060884_0794FB_rtc,[2],5
1240,3,S1C_IW_GRDH_1SDV_20250901T154057_20250901T154122_003933_007D53_rtc,S1A_IW_GRDH_1SDV_20250907T154141_20250907T154206_060884_0794FB_rtc,[2],3
1241,18,S1C_IW_GRDH_1SDV_20250901T154057_20250901T154122_003933_007D53_rtc,S1A_IW_GRDH_1SDV_20250919T154141_20250919T154206_061059_079BFF_rtc,[2],18
1242,1,S1C_IW_GRDH_1SDV_20250901T154057_20250901T154122_003933_007D53_rtc,S1C_IW_GRDH_1SDV_20250901T154057_20250901T154122_003933_007D53_rtc,[2],1
1243,1,S1C_IW_GRDH_1SDV_20250901T154057_20250901T154122_003933_007D53_rtc,S1C_IW_GRDH_1SDV_20250901T154057_20250901T154122_003933_007D53_rtc,[2],1
1244,1,S1C_IW_GRDH_1SDV_20250901T154057_20250901T154122_003933_007D53_rtc,S1C_IW_GRDH_1SDV_20250901T154057_20250901T154122_003933_007D53_rtc,[1],1
1245,1,S1C_IW_GRDH_1SDV_20250901T154057_20250901T154122_003933_007D53_rtc,S1C_IW_GRDH_1SDV_20250901T154057_20250901T154122_003933_007D53_rtc,[1],1
1246,1,S1A_IW_GRDH_1SDV_20250902T153354_20250902T153419_060811_079210_rtc,S1A_IW_GRDH_1SDV_20250902T153354_20250902T153419_060811_079210_rtc,[1],1
1247,1,S1A_IW_GRDH_1SDV_20250902T153354_20250902T153419_060811_079210_rtc,S1A_IW_GRDH_1SDV_20250902T153354_20250902T153419_060811_079210_rtc,[1],1
1248,1,S1A_IW_GRDH_1SDV_20250902T153354_20250902T153419_060811_079210_rtc,S1A_IW_GRDH_1SDV_20250902T153354_20250902T153419_060811_079210_rtc,[1],1
1249,1,S1A_IW_GRDH_1SDV_20250902T153354_20250902T153419_060811_079210_rtc,S1A_IW_GRDH_1SDV_20250902T153354_20250902T153419_060811_079210_rtc,[1],1
1250,3,S1A_IW_GRDH_1SDV_20250902T153354_20250902T153419_060811_079210_rtc,S1A_IW_GRDH_1SDV_20250907T154141_20250907T154206_060884_0794FB_rtc,[1],3
1251,1,S1A_IW_GRDH_1SDV_20250907T154141_20250907T154206_060884_0794FB_rtc,S1A_IW_GRDH_1SDV_20250907T154141_20250907T154206_060884_0794FB_rtc,[2],1
1252,1,S1A_IW_GRDH_1SDV_20250907T154141_20250907T154206_060884_0794FB_rtc,S1A_IW_GRDH_1SDV_20250907T154141_20250907T154206_060884_0794FB_rtc,[2],1
1253,1,S1A_IW_GRDH_1SDV_20250907T154141_20250907T154206_060884_0794FB_rtc,S1A_IW_GRDH_1SDV_20250907T154141_20250907T154206_060884_0794FB_rtc,[2],1
1254,1,S1A_IW_GRDH_1SDV_20250907T154141_20250907T154206_060884_0794FB_rtc,S1A_IW_GRDH_1SDV_20250907T154141_20250907T154206_060884_0794FB_rtc,[1],1
1255,1,S1A_IW_GRDH_1SDV_20250907T154141_20250907T154206_060884_0794FB_rtc,S1A_IW_GRDH_1SDV_20250907T154141_20250907T154206_060884_0794FB_rtc,[2],1
1256,1,S1A_IW_GRDH_1SDV_20250907T154141_20250907T154206_060884_0794FB_rtc,S1A_IW_GRDH_1SDV_20250907T154141_20250907T154206_060884_0794FB_rtc,[1],1
1257,1,S1A_IW_GRDH_1SDV_20250907T154141_20250907T154206_060884_0794FB_rtc,S1A_IW_GRDH_1SDV_20250907T154141_20250907T154206_060884_0794FB_rtc,[1],1
1258,2,S1A_IW_GRDH_1SDV_20250907T154141_20250907T154206_060884_0794FB_rtc,S1C_IW_GRDH_1SDV_20250913T154057_20250913T154122_004108_0082A2_rtc,[1],2
1259,1,S1A_IW_GRDH_1SDV_20250907T154141_20250907T154206_060884_0794FB_rtc,S1A_IW_GRDH_1SDV_20250907T154141_20250907T154206_060884_0794FB_rtc,[1],1
1260,2,S1A_IW_GRDH_1SDV_20250907T154141_20250907T154206_060884_0794FB_rtc,S1C_IW_GRDH_1SDV_20250913T154057_20250913T154122_004108_0082A2_rtc,[1],2
1261,2,S1A_IW_GRDH_1SDV_20250914T153354_20250914T153419_060986_079913_rtc,S1A_IW_GRDH_1SDV_20250919T154141_20250919T154206_061059_079BFF_rtc,[1],2
1262,2,S1A_IW_GRDH_1SDV_20250914T153354_20250914T153419_060986_079913_rtc,S1A_IW_GRDH_1SDV_20250919T154141_20250919T154206_061059_079BFF_rtc,[1],2
1263,2,S1A_IW_GRDH_1SDV_20250914T153354_20250914T153419_060986_079913_rtc,S1A_IW_GRDH_1SDV_20250919T154141_20250919T154206_061059_079BFF_rtc,[2],2
1264,2,S1A_IW_GRDH_1SDV_20250914T153354_20250914T153419_060986_079913_rtc,S1A_IW_GRDH_1SDV_20250919T154141_20250919T154206_061059_079BFF_rtc,[1],2
1265,1,S1A_IW_GRDH_1SDV_20250914T153354_20250914T153419_060986_079913_rtc,S1A_IW_GRDH_1SDV_20250914T153354_20250914T153419_060986_079913_rtc,[2],1
1266,3,S1A_IW_GRDH_1SDV_20250914T153354_20250914T153419_060986_079913_rtc,S1A_IW_GRDH_1SDV_20250919T154141_20250919T154206_061059_079BFF_rtc,[1],3
1267,1,S1A_IW_GRDH_1SDV_20250919T154141_20250919T154206_061059_079BFF_rtc,S1A_IW_GRDH_1SDV_20250919T154141_20250919T154206_061059_079BFF_rtc,[1],1
1268,1,S1A_IW_GRDH_1SDV_20250919T154141_20250919T154206_061059_079BFF_rtc,S1A_IW_GRDH_1SDV_20250919T154141_20250919T154206_061059_079BFF_rtc,[2],1
1269,1,S1A_IW_GRDH_1SDV_20250919T154141_20250919T154206_061059_079BFF_rtc,S1A_IW_GRDH_1SDV_20250919T154141_20250919T154206_061059_079BFF_rtc,[2],1
1270,1,S1A_IW_GRDH_1SDV_20250919T154141_20250919T154206_061059_079BFF_rtc,S1A_IW_GRDH_1SDV_20250919T154141_20250919T154206_061059_079BFF_rtc,[1],1
1271,2,S1A_IW_GRDH_1SDV_20251001T154141_20251001T154206_061234_07A313_rtc,S1C_IW_GRDH_1SDV_20251002T153234_20251002T153259_004385_008B05_rtc,[1],2
1272,2,S1A_IW_GRDH_1SDV_20251001T154141_20251001T154206_061234_07A313_rtc,S1C_IW_GRDH_1SDV_20251002T153234_20251002T153259_004385_008B05_rtc,[2],2
1273,2,S1A_IW_GRDH_1SDV_20251001T154141_20251001T154206_061234_07A313_rtc,S1C_IW_GRDH_1SDV_20251002T153234_20251002T153259_004385_008B05_rtc,[1],2
1274,3,S1A_IW_GRDH_1SDV_20251001T154141_20251001T154206_061234_07A313_rtc,S1C_IW_GRDH_1SDV_20251002T153234_20251002T153259_004385_008B05_rtc,[1],3
1275,1,S1A_IW_GRDH_1SDV_20251001T154141_20251001T154206_061234_07A313_rtc,S1A_IW_GRDH_1SDV_20251001T154141_20251001T154206_061234_07A313_rtc,[1],1
1276,2,S1A_IW_GRDH_1SDV_20251001T154141_20251001T154206_061234_07A313_rtc,S1C_IW_GRDH_1SDV_20251002T153234_20251002T153259_004385_008B05_rtc,[2],2
1277,3,S1A_IW_GRDH_1SDV_20251001T154141_20251001T154206_061234_07A313_rtc,S1C_IW_GRDH_1SDV_20251002T153234_20251002T153259_004385_008B05_rtc,[2],3
1278,1,S1A_IW_GRDH_1SDV_20251001T154141_20251001T154206_061234_07A313_rtc,S1A_IW_GRDH_1SDV_20251001T154141_20251001T154206_061234_07A313_rtc,[1],1
1279,4,S1A_IW_GRDH_1SDV_20251001T154141_20251001T154206_061234_07A313_rtc,S1C_IW_GRDH_1SDV_20251007T154058_20251007T154123_004458_008D47_rtc,[1],4
1280,2,S1A_IW_GRDH_1SDV_20251001T154141_20251001T154206_061234_07A313_rtc,S1C_IW_GRDH_1SDV_20251002T153234_20251002T153259_004385_008B05_rtc,[1],2
1281,2,S1A_IW_GRDH_1SDV_20251001T154141_20251001T154206_061234_07A313_rtc,S1C_IW_GRDH_1SDV_20251002T153234_20251002T153259_004385_008B05_rtc,[2],2
1282,7,S1A_IW_GRDH_1SDV_20251001T154141_20251001T154206_061234_07A313_rtc,S1C_IW_GRDH_1SDV_20251002T153234_20251002T153259_004385_008B05_rtc,[2],7
1283,3,S1A_IW_GRDH_1SDV_20251001T154141_20251001T154206_061234_07A313_rtc,S1C_IW_GRDH_1SDV_20251002T153234_20251002T153259_004385_008B05_rtc,[2],3
1284,1,S1A_IW_GRDH_1SDV_20251001T154141_20251001T154206_061234_07A313_rtc,S1A_IW_GRDH_1SDV_20251001T154141_20251001T154206_061234_07A313_rtc,[1],1
1285,5,S1A_IW_GRDH_1SDV_20251001T154141_20251001T154206_061234_07A313_rtc,S1C_IW_GRDH_1SDV_20251002T153234_20251002T153259_004385_008B05_rtc,[2],5
1286,3,S1A_IW_GRDH_1SDV_20251001T154141_20251001T154206_061234_07A313_rtc,S1C_IW_GRDH_1SDV_20251002T153234_20251002T153259_004385_008B05_rtc,[2],3
1287,2,S1A_IW_GRDH_1SDV_20251001T154141_20251001T154206_061234_07A313_rtc,S1C_IW_GRDH_1SDV_20251002T153234_20251002T153259_004385_008B05_rtc,[2],2
1288,9,S1A_IW_GRDH_1SDV_20251001T154141_20251001T154206_061234_07A313_rtc,S1C_IW_GRDH_1SDV_20251019T154058_20251019T154123_004633_009292_rtc,[1],9
1289,6,S1A_IW_GRDH_1SDV_20251001T154141_20251001T154206_061234_07A313_rtc,S1A_IW_GRDH_1SDV_20251008T153355_20251008T153420_061336_07A728_rtc,[1],6
1290,1,S1A_IW_GRDH_1SDV_20251001T154141_20251001T154206_061234_07A313_rtc,S1A_IW_GRDH_1SDV_20251001T154141_20251001T154206_061234_07A313_rtc,[1],1
1291,1,S1C_IW_GRDH_1SDV_20251002T153234_20251002T153259_004385_008B05_rtc,S1C_IW_GRDH_1SDV_20251002T153234_20251002T153259_004385_008B05_rtc,[1],1
1292,1,S1C_IW_GRDH_1SDV_20251002T153234_20251002T153259_004385_008B05_rtc,S1C_IW_GRDH_1SDV_20251002T153234_20251002T153259_004385_008B05_rtc,[1],1
1293,1,S1C_IW_GRDH_1SDV_20251002T153234_20251002T153259_004385_008B05_rtc,S1C_IW_GRDH_1SDV_20251002T153234_20251002T153259_004385_008B05_rtc,[1],1
1294,1,S1C_IW_GRDH_1SDV_20251002T153234_20251002T153259_004385_008B05_rtc,S1C_IW_GRDH_1SDV_20251002T153234_20251002T153259_004385_008B05_rtc,[1],1
1295,3,S1C_IW_GRDH_1SDV_20251007T154058_20251007T154123_004458_008D47_rtc,S1A_IW_GRDH_1SDV_20251008T153355_20251008T153420_061336_07A728_rtc,[1],3
1296,1,S1A_IW_GRDH_1SDV_20251008T153355_20251008T153420_061336_07A728_rtc,S1A_IW_GRDH_1SDV_20251008T153355_20251008T153420_061336_07A728_rtc,[1],1
1297,7,S1A_IW_GRDH_1SDV_20251008T153355_20251008T153420_061336_07A728_rtc,S1C_IW_GRDH_1SDV_20251019T154058_20251019T154123_004633_009292_rtc,[1],7
1298,1,S1A_IW_GRDH_1SDV_20251008T153355_20251008T153420_061336_07A728_rtc,S1A_IW_GRDH_1SDV_20251008T153355_20251008T153420_061336_07A728_rtc,[2],1
1299,6,S1A_IW_GRDH_1SDV_20251008T153355_20251008T153420_061336_07A728_rtc,S1C_IW_GRDH_1SDV_20251019T154058_20251019T154123_004633_009292_rtc,[2],6
1300,1,S1A_IW_GRDH_1SDV_20251008T153355_20251008T153420_061336_07A728_rtc,S1A_IW_GRDH_1SDV_20251008T153355_20251008T153420_061336_07A728_rtc,[1],1
1301,1,S1A_IW_GRDH_1SDV_20251008T153355_20251008T153420_061336_07A728_rtc,S1A_IW_GRDH_1SDV_20251008T153355_20251008T153420_061336_07A728_rtc,[1],1
1302,8,S1A_IW_GRDH_1SDV_20251008T153355_20251008T153420_061336_07A728_rtc,S1C_IW_GRDH_1SDV_20251019T154058_20251019T154123_004633_009292_rtc,[2],8
1303,1,S1A_IW_GRDH_1SDV_20251008T153355_20251008T153420_061336_07A728_rtc,S1A_IW_GRDH_1SDV_20251008T153355_20251008T153420_061336_07A728_rtc,[2],1
1304,1,S1A_IW_GRDH_1SDV_20251008T153355_20251008T153420_061336_07A728_rtc,S1A_IW_GRDH_1SDV_20251008T153355_20251008T153420_061336_07A728_rtc,[2],1
1305,1,S1A_IW_GRDH_1SDV_20251008T153355_20251008T153420_061336_07A728_rtc,S1A_IW_GRDH_1SDV_20251008T153355_20251008T153420_061336_07A728_rtc,[2],1
1306,1,S1A_IW_GRDH_1SDV_20251008T153355_20251008T153420_061336_07A728_rtc,S1A_IW_GRDH_1SDV_20251008T153355_20251008T153420_061336_07A728_rtc,[2],1
1307,2,S1A_IW_GRDH_1SDV_20251008T153355_20251008T153420_061336_07A728_rtc,S1A_IW_GRDH_1SDV_20251013T154142_20251013T154207_061409_07AA1B_rtc,[2],2
1308,7,S1A_IW_GRDH_1SDV_20251008T153355_20251008T153420_061336_07A728_rtc,S1C_IW_GRDH_1SDV_20251019T154058_20251019T154123_004633_009292_rtc,[2],7
1309,1,S1A_IW_GRDH_1SDV_20251008T153355_20251008T153420_061336_07A728_rtc,S1A_IW_GRDH_1SDV_20251008T153355_20251008T153420_061336_07A728_rtc,[2],1
1310,1,S1A_IW_GRDH_1SDV_20251008T153355_20251008T153420_061336_07A728_rtc,S1A_IW_GRDH_1SDV_20251008T153355_20251008T153420_061336_07A728_rtc,[1],1
1311,1,S1A_IW_GRDH_1SDV_20251008T153355_20251008T153420_061336_07A728_rtc,S1A_IW_GRDH_1SDV_20251008T153355_20251008T153420_061336_07A728_rtc,[1],1
1312,5,S1A_IW_GRDH_1SDV_20251008T153355_20251008T153420_061336_07A728_rtc,S1C_IW_GRDH_1SDV_20251019T154058_20251019T154123_004633_009292_rtc,[2],5
1313,3,S1A_IW_GRDH_1SDV_20251008T153355_20251008T153420_061336_07A728_rtc,S1C_IW_GRDH_1SDV_20251014T153235_20251014T153300_004560_009054_rtc,[2],3
1314,6,S1A_IW_GRDH_1SDV_20251008T153355_20251008T153420_061336_07A728_rtc,S1C_IW_GRDH_1SDV_20251019T154058_20251019T154123_004633_009292_rtc,[2],6
1315,13,S1A_IW_GRDH_1SDV_20251008T153355_20251008T153420_061336_07A728_rtc,S1C_IW_GRDH_1SDV_20251019T154058_20251019T154123_004633_009292_rtc,[2],13
1316,1,S1A_IW_GRDH_1SDV_20251008T153355_20251008T153420_061336_07A728_rtc,S1A_IW_GRDH_1SDV_20251008T153355_20251008T153420_061336_07A728_rtc,[2],1
1317,2,S1A_IW_GRDH_1SDV_20251008T153355_20251008T153420_061336_07A728_rtc,S1A_IW_GRDH_1SDV_20251013T154142_20251013T154207_061409_07AA1B_rtc,[2],2
1318,1,S1A_IW_GRDH_1SDV_20251008T153355_20251008T153420_061336_07A728_rtc,S1A_IW_GRDH_1SDV_20251008T153355_20251008T153420_061336_07A728_rtc,[2],1
1319,1,S1A_IW_GRDH_1SDV_20251008T153355_20251008T153420_061336_07A728_rtc,S1A_IW_GRDH_1SDV_20251008T153355_20251008T153420_061336_07A728_rtc,[2],1
1320,3,S1A_IW_GRDH_1SDV_20251013T154142_20251013T154207_061409_07AA1B_rtc,S1C_IW_GRDH_1SDV_20251019T154058_20251019T154123_004633_009292_rtc,[1],3
1321,1,S1A_IW_GRDH_1SDV_20251013T154142_20251013T154207_061409_07AA1B_rtc,S1A_IW_GRDH_1SDV_20251013T154142_20251013T154207_061409_07AA1B_rtc,[1],1
1322,1,S1A_IW_GRDH_1SDV_20251013T154142_20251013T154207_061409_07AA1B_rtc,S1A_IW_GRDH_1SDV_20251013T154142_20251013T154207_061409_07AA1B_rtc,[1],1
1323,4,S1A_IW_GRDH_1SDV_20251013T154142_20251013T154207_061409_07AA1B_rtc,S1C_IW_GRDH_1SDV_20251014T153235_20251014T153300_004560_009054_rtc,[1],4
1324,1,S1A_IW_GRDH_1SDV_20251013T154142_20251013T154207_061409_07AA1B_rtc,S1A_IW_GRDH_1SDV_20251013T154142_20251013T154207_061409_07AA1B_rtc,[1],1
1325,1,S1A_IW_GRDH_1SDV_20251013T154142_20251013T154207_061409_07AA1B_rtc,S1A_IW_GRDH_1SDV_20251013T154142_20251013T154207_061409_07AA1B_rtc,[2],1
1326,1,S1C_IW_GRDH_1SDV_20251014T153235_20251014T153300_004560_009054_rtc,S1C_IW_GRDH_1SDV_20251014T153235_20251014T153300_004560_009054_rtc,[1],1
1327,4,S1C_IW_GRDH_1SDV_20251014T153235_20251014T153300_004560_009054_rtc,S1C_IW_GRDH_1SDV_20251019T154058_20251019T154123_004633_009292_rtc,[1],4
1328,1,S1C_IW_GRDH_1SDV_20251014T153235_20251014T153300_004560_009054_rtc,S1C_IW_GRDH_1SDV_20251014T153235_20251014T153300_004560_009054_rtc,[1],1
1329,1,S1C_IW_GRDH_1SDV_20251019T154058_20251019T154123_004633_009292_rtc,S1C_IW_GRDH_1SDV_20251019T154058_20251019T154123_004633_009292_rtc,[1],1
1330,1,S1C_IW_GRDH_1SDV_20251019T154058_20251019T154123_004633_009292_rtc,S1C_IW_GRDH_1SDV_20251019T154058_20251019T154123_004633_009292_rtc,[1],1
1331,1,S1C_IW_GRDH_1SDV_20251019T154058_20251019T154123_004633_009292_rtc,S1C_IW_GRDH_1SDV_20251019T154058_20251019T154123_004633_009292_rtc,[1],1
1332,1,S1C_IW_GRDH_1SDV_20251019T154058_20251019T154123_004633_009292_rtc,S1C_IW_GRDH_1SDV_20251019T154058_20251019T154123_004633_009292_rtc,[1],1
1333,1,S1C_IW_GRDH_1SDV_20251019T154058_20251019T154123_004633_009292_rtc,S1C_IW_GRDH_1SDV_20251019T154058_20251019T154123_004633_009292_rtc,[1],1
1334,1,S1C_IW_GRDH_1SDV_20251019T154058_20251019T154123_004633_009292_rtc,S1C_IW_GRDH_1SDV_20251019T154058_20251019T154123_004633_009292_rtc,[1],1
1335,1,S1C_IW_GRDH_1SDV_20251019T154058_20251019T154123_004633_009292_rtc,S1C_IW_GRDH_1SDV_20251019T154058_20251019T154123_004633_009292_rtc,[1],1
1336,1,S1C_IW_GRDH_1SDV_20251019T154058_20251019T154123_004633_009292_rtc,S1C_IW_GRDH_1SDV_20251019T154058_20251019T154123_004633_009292_rtc,[1],1
1337,1,S1A_IW_GRDH_1SDV_20251101T153354_20251101T153419_061686_07B533_rtc,S1A_IW_GRDH_1SDV_20251101T153354_20251101T153419_061686_07B533_rtc,[1],1
1338,1,S1A_IW_GRDH_1SDV_20251101T153354_20251101T153419_061686_07B533_rtc,S1A_IW_GRDH_1SDV_20251101T153354_20251101T153419_061686_07B533_rtc,[1],1
1339,10,S1A_IW_GRDH_1SDV_20251101T153354_20251101T153419_061686_07B533_rtc,S1A_IW_GRDH_1SDV_20251118T154141_20251118T154206_061934_07BED5_rtc,[1],10
1340,1,S1A_IW_GRDH_1SDV_20251101T153354_20251101T153419_061686_07B533_rtc,S1A_IW_GRDH_1SDV_20251101T153354_20251101T153419_061686_07B533_rtc,[2],1
1341,1,S1A_IW_GRDH_1SDV_20251101T153354_20251101T153419_061686_07B533_rtc,S1A_IW_GRDH_1SDV_20251101T153354_20251101T153419_061686_07B533_rtc,[2],1
1342,12,S1A_IW_GRDH_1SDV_20251101T153354_20251101T153419_061686_07B533_rtc,S1A_IW_GRDH_1SDV_20251118T154141_20251118T154206_061934_07BED5_rtc,[2],12
1343,1,S1A_IW_GRDH_1SDV_20251101T153354_20251101T153419_061686_07B533_rtc,S1A_IW_GRDH_1SDV_20251101T153354_20251101T153419_061686_07B533_rtc,[2],1
1344,6,S1A_IW_GRDH_1SDV_20251101T153354_20251101T153419_061686_07B533_rtc,S1A_IW_GRDH_1SDV_20251118T154141_20251118T154206_061934_07BED5_rtc,[2],6
1345,1,S1A_IW_GRDH_1SDV_20251101T153354_20251101T153419_061686_07B533_rtc,S1A_IW_GRDH_1SDV_20251101T153354_20251101T153419_061686_07B533_rtc,[2],1
1346,12,S1A_IW_GRDH_1SDV_20251101T153354_20251101T153419_061686_07B533_rtc,S1A_IW_GRDH_1SDV_20251118T154141_20251118T154206_061934_07BED5_rtc,[2],12
1347,1,S1A_IW_GRDH_1SDV_20251101T153354_20251101T153419_061686_07B533_rtc,S1A_IW_GRDH_1SDV_20251101T153354_20251101T153419_061686_07B533_rtc,[2],1
1348,1,S1A_IW_GRDH_1SDV_20251101T153354_20251101T153419_061686_07B533_rtc,S1A_IW_GRDH_1SDV_20251101T153354_20251101T153419_061686_07B533_rtc,[2],1
1349,1,S1A_IW_GRDH_1SDV_20251101T153354_20251101T153419_061686_07B533_rtc,S1A_IW_GRDH_1SDV_20251101T153354_20251101T153419_061686_07B533_rtc,[2],1
1350,4,S1A_IW_GRDH_1SDV_20251101T153354_20251101T153419_061686_07B533_rtc,S1C_IW_GRDH_1SDV_20251112T154057_20251112T154122_004983_009DBF_rtc,[1],4
1351,11,S1A_IW_GRDH_1SDV_20251101T153354_20251101T153419_061686_07B533_rtc,S1A_IW_GRDH_1SDV_20251118T154141_20251118T154206_061934_07BED5_rtc,[1],11
1352,10,S1A_IW_GRDH_1SDV_20251101T153354_20251101T153419_061686_07B533_rtc,S1A_IW_GRDH_1SDV_20251118T154141_20251118T154206_061934_07BED5_rtc,[2],10
1353,1,S1A_IW_GRDH_1SDV_20251101T153354_20251101T153419_061686_07B533_rtc,S1A_IW_GRDH_1SDV_20251101T153354_20251101T153419_061686_07B533_rtc,[2],1
1354,8,S1A_IW_GRDH_1SDV_20251101T153354_20251101T153419_061686_07B533_rtc,S1A_IW_GRDH_1SDV_20251118T154141_20251118T154206_061934_07BED5_rtc,[2],8
1355,8,S1A_IW_GRDH_1SDV_20251101T153354_20251101T153419_061686_07B533_rtc,S1A_IW_GRDH_1SDV_20251118T154141_20251118T154206_061934_07BED5_rtc,[2],8
1356,8,S1A_IW_GRDH_1SDV_20251101T153354_20251101T153419_061686_07B533_rtc,S1A_IW_GRDH_1SDV_20251118T154141_20251118T154206_061934_07BED5_rtc,[2],8
1357,2,S1A_IW_GRDH_1SDV_20251101T153354_20251101T153419_061686_07B533_rtc,S1A_IW_GRDH_1SDV_20251106T154141_20251106T154206_061759_07B806_rtc,[2],2
1358,1,S1A_IW_GRDH_1SDV_20251101T153354_20251101T153419_061686_07B533_rtc,S1A_IW_GRDH_1SDV_20251101T153354_20251101T153419_061686_07B533_rtc,[2],1
1359,4,S1A_IW_GRDH_1SDV_20251101T153354_20251101T153419_061686_07B533_rtc,S1C_IW_GRDH_1SDV_20251112T154057_20251112T154122_004983_009DBF_rtc,[2],4
1360,1,S1A_IW_GRDH_1SDV_20251101T153354_20251101T153419_061686_07B533_rtc,S1A_IW_GRDH_1SDV_20251101T153354_20251101T153419_061686_07B533_rtc,[2],1
1361,1,S1A_IW_GRDH_1SDV_20251101T153354_20251101T153419_061686_07B533_rtc,S1A_IW_GRDH_1SDV_20251101T153354_20251101T153419_061686_07B533_rtc,[1],1
1362,2,S1A_IW_GRDH_1SDV_20251101T153354_20251101T153419_061686_07B533_rtc,S1A_IW_GRDH_1SDV_20251106T154141_20251106T154206_061759_07B806_rtc,[1],2
1363,2,S1A_IW_GRDH_1SDV_20251101T153354_20251101T153419_061686_07B533_rtc,S1A_IW_GRDH_1SDV_20251106T154141_20251106T154206_061759_07B806_rtc,[1],2
1364,1,S1A_IW_GRDH_1SDV_20251101T153354_20251101T153419_061686_07B533_rtc,S1A_IW_GRDH_1SDV_20251101T153354_20251101T153419_061686_07B533_rtc,[1],1
1365,1,S1A_IW_GRDH_1SDV_20251101T153354_20251101T153419_061686_07B533_rtc,S1A_IW_GRDH_1SDV_20251101T153354_20251101T153419_061686_07B533_rtc,[1],1
1366,1,S1A_IW_GRDH_1SDV_20251106T154141_20251106T154206_061759_07B806_rtc,S1A_IW_GRDH_1SDV_20251106T154141_20251106T154206_061759_07B806_rtc,[1],1
1367,1,S1A_IW_GRDH_1SDV_20251106T154141_20251106T154206_061759_07B806_rtc,S1A_IW_GRDH_1SDV_20251106T154141_20251106T154206_061759_07B806_rtc,[1],1
1368,2,S1A_IW_GRDH_1SDV_20251106T154141_20251106T154206_061759_07B806_rtc,S1C_IW_GRDH_1SDV_20251107T153234_20251107T153259_004910_009B57_rtc,[1],2
1369,1,S1A_IW_GRDH_1SDV_20251106T154141_20251106T154206_061759_07B806_rtc,S1A_IW_GRDH_1SDV_20251106T154141_20251106T154206_061759_07B806_rtc,[1],1
1370,2,S1A_IW_GRDH_1SDV_20251106T154141_20251106T154206_061759_07B806_rtc,S1C_IW_GRDH_1SDV_20251107T153234_20251107T153259_004910_009B57_rtc,[1],2
1371,7,S1A_IW_GRDH_1SDV_20251106T154141_20251106T154206_061759_07B806_rtc,S1A_IW_GRDH_1SDV_20251118T154141_20251118T154206_061934_07BED5_rtc,[1],7
1372,1,S1C_IW_GRDH_1SDV_20251112T154057_20251112T154122_004983_009DBF_rtc,S1C_IW_GRDH_1SDV_20251112T154057_20251112T154122_004983_009DBF_rtc,[1],1
1373,3,S1C_IW_GRDH_1SDV_20251112T154057_20251112T154122_004983_009DBF_rtc,S1A_IW_GRDH_1SDV_20251113T153354_20251113T153419_061861_07BBF5_rtc,[1],3
1374,3,S1C_IW_GRDH_1SDV_20251112T154057_20251112T154122_004983_009DBF_rtc,S1A_IW_GRDH_1SDV_20251113T153354_20251113T153419_061861_07BBF5_rtc,[1],3
1375,1,S1C_IW_GRDH_1SDV_20251112T154057_20251112T154122_004983_009DBF_rtc,S1C_IW_GRDH_1SDV_20251112T154057_20251112T154122_004983_009DBF_rtc,[1],1
1376,5,S1C_IW_GRDH_1SDV_20251112T154057_20251112T154122_004983_009DBF_rtc,S1A_IW_GRDH_1SDV_20251118T154141_20251118T154206_061934_07BED5_rtc,[1],5
1377,1,S1C_IW_GRDH_1SDV_20251112T154057_20251112T154122_004983_009DBF_rtc,S1C_IW_GRDH_1SDV_20251112T154057_20251112T154122_004983_009DBF_rtc,[2],1
1378,3,S1C_IW_GRDH_1SDV_20251112T154057_20251112T154122_004983_009DBF_rtc,S1A_IW_GRDH_1SDV_20251113T153354_20251113T153419_061861_07BBF5_rtc,[1],3
1379,2,S1C_IW_GRDH_1SDV_20251112T154057_20251112T154122_004983_009DBF_rtc,S1A_IW_GRDH_1SDV_20251113T153354_20251113T153419_061861_07BBF5_rtc,[1],2
1380,1,S1A_IW_GRDH_1SDV_20251113T153354_20251113T153419_061861_07BBF5_rtc,S1A_IW_GRDH_1SDV_20251113T153354_20251113T153419_061861_07BBF5_rtc,[1],1
1381,2,S1A_IW_GRDH_1SDV_20251113T153354_20251113T153419_061861_07BBF5_rtc,S1A_IW_GRDH_1SDV_20251118T154141_20251118T154206_061934_07BED5_rtc,[1],2
1382,1,S1A_IW_GRDH_1SDV_20251113T153354_20251113T153419_061861_07BBF5_rtc,S1A_IW_GRDH_1SDV_20251113T153354_20251113T153419_061861_07BBF5_rtc,[1],1
1383,1,S1A_IW_GRDH_1SDV_20251113T153354_20251113T153419_061861_07BBF5_rtc,S1A_IW_GRDH_1SDV_20251113T153354_20251113T153419_061861_07BBF5_rtc,[1],1
1384,1,S1A_IW_GRDH_1SDV_20251113T153354_20251113T153419_061861_07BBF5_rtc,S1A_IW_GRDH_1SDV_20251113T153354_20251113T153419_061861_07BBF5_rtc,[1],1
1385,2,S1A_IW_GRDH_1SDV_20251113T153354_20251113T153419_061861_07BBF5_rtc,S1A_IW_GRDH_1SDV_20251118T154141_20251118T154206_061934_07BED5_rtc,[1],2
1386,1,S1A_IW_GRDH_1SDV_20251118T154141_20251118T154206_061934_07BED5_rtc,S1A_IW_GRDH_1SDV_20251118T154141_20251118T154206_061934_07BED5_rtc,[1],1
1387,7,S1C_IW_GRDH_1SDV_20251201T153233_20251201T153258_005260_00A712_rtc,S1A_IW_GRDH_1SDV_20251207T153352_20251207T153417_062211_07C9A3_rtc,[1],7
1388,4,S1C_IW_GRDH_1SDV_20251201T153233_20251201T153258_005260_00A712_rtc,S1A_IW_GRDH_1SDV_20251207T153352_20251207T153417_062211_07C9A3_rtc,[1],4
1389,4,S1C_IW_GRDH_1SDV_20251201T153233_20251201T153258_005260_00A712_rtc,S1A_IW_GRDH_1SDV_20251207T153352_20251207T153417_062211_07C9A3_rtc,[1],4
1390,1,S1C_IW_GRDH_1SDV_20251201T153233_20251201T153258_005260_00A712_rtc,S1C_IW_GRDH_1SDV_20251201T153233_20251201T153258_005260_00A712_rtc,[1],1
1391,3,S1C_IW_GRDH_1SDV_20251201T153233_20251201T153258_005260_00A712_rtc,S1A_IW_GRDH_1SDV_20251207T153352_20251207T153417_062211_07C9A3_rtc,[2],3
1392,1,S1C_IW_GRDH_1SDV_20251201T153233_20251201T153258_005260_00A712_rtc,S1C_IW_GRDH_1SDV_20251201T153233_20251201T153258_005260_00A712_rtc,[0],1
1393,10,S1C_IW_GRDH_1SDV_20251201T153233_20251201T153258_005260_00A712_rtc,S1C_IW_GRDH_1SDV_20251213T153233_20251213T153258_005435_00AD14_rtc,[2],10
1394,1,S1C_IW_GRDH_1SDV_20251201T153233_20251201T153258_005260_00A712_rtc,S1C_IW_GRDH_1SDV_20251201T153233_20251201T153258_005260_00A712_rtc,[2],1
1395,1,S1C_IW_GRDH_1SDV_20251201T153233_20251201T153258_005260_00A712_rtc,S1C_IW_GRDH_1SDV_20251201T153233_20251201T153258_005260_00A712_rtc,[1],1
1396,7,S1C_IW_GRDH_1SDV_20251201T153233_20251201T153258_005260_00A712_rtc,S1C_IW_GRDH_1SDV_20251213T153233_20251213T153258_005435_00AD14_rtc,[2],7
1397,6,S1C_IW_GRDH_1SDV_20251201T153233_20251201T153258_005260_00A712_rtc,S1A_IW_GRDH_1SDV_20251207T153352_20251207T153417_062211_07C9A3_rtc,[2],6
1398,4,S1C_IW_GRDH_1SDV_20251201T153233_20251201T153258_005260_00A712_rtc,S1A_IW_GRDH_1SDV_20251207T153352_20251207T153417_062211_07C9A3_rtc,[2],4
1399,7,S1C_IW_GRDH_1SDV_20251201T153233_20251201T153258_005260_00A712_rtc,S1C_IW_GRDH_1SDV_20251213T153233_20251213T153258_005435_00AD14_rtc,[2],7
1400,1,S1C_IW_GRDH_1SDV_20251201T153233_20251201T153258_005260_00A712_rtc,S1C_IW_GRDH_1SDV_20251201T153233_20251201T153258_005260_00A712_rtc,[1],1
1401,7,S1C_IW_GRDH_1SDV_20251201T153233_20251201T153258_005260_00A712_rtc,S1C_IW_GRDH_1SDV_20251218T154056_20251218T154121_005508_00AF8E_rtc,[1],7
1402,7,S1C_IW_GRDH_1SDV_20251201T153233_20251201T153258_005260_00A712_rtc,S1C_IW_GRDH_1SDV_20251213T153233_20251213T153258_005435_00AD14_rtc,[2],7
1403,13,S1C_IW_GRDH_1SDV_20251201T153233_20251201T153258_005260_00A712_rtc,S1C_IW_GRDH_1SDV_20251213T153233_20251213T153258_005435_00AD14_rtc,[2],13
1404,5,S1C_IW_GRDH_1SDV_20251201T153233_20251201T153258_005260_00A712_rtc,S1C_IW_GRDH_1SDV_20251213T153233_20251213T153258_005435_00AD14_rtc,[2],5
1405,3,S1C_IW_GRDH_1SDV_20251201T153233_20251201T153258_005260_00A712_rtc,S1A_IW_GRDH_1SDV_20251207T153352_20251207T153417_062211_07C9A3_rtc,[2],3
1406,1,S1C_IW_GRDH_1SDV_20251201T153233_20251201T153258_005260_00A712_rtc,S1C_IW_GRDH_1SDV_20251201T153233_20251201T153258_005260_00A712_rtc,[1],1
1407,5,S1C_IW_GRDH_1SDV_20251201T153233_20251201T153258_005260_00A712_rtc,S1A_IW_GRDH_1SDV_20251207T153352_20251207T153417_062211_07C9A3_rtc,[1],5
1408,3,S1C_IW_GRDH_1SDV_20251201T153233_20251201T153258_005260_00A712_rtc,S1A_IW_GRDH_1SDV_20251207T153352_20251207T153417_062211_07C9A3_rtc,[2],3
1409,3,S1C_IW_GRDH_1SDV_20251201T153233_20251201T153258_005260_00A712_rtc,S1A_IW_GRDH_1SDV_20251207T153352_20251207T153417_062211_07C9A3_rtc,[2],3
1410,6,S1C_IW_GRDH_1SDV_20251201T153233_20251201T153258_005260_00A712_rtc,S1A_IW_GRDH_1SDV_20251207T153352_20251207T153417_062211_07C9A3_rtc,[2],6
1411,1,S1C_IW_GRDH_1SDV_20251201T153233_20251201T153258_005260_00A712_rtc,S1C_IW_GRDH_1SDV_20251201T153233_20251201T153258_005260_00A712_rtc,[2],1
1412,3,S1C_IW_GRDH_1SDV_20251201T153233_20251201T153258_005260_00A712_rtc,S1A_IW_GRDH_1SDV_20251207T153352_20251207T153417_062211_07C9A3_rtc,[2],3
1413,4,S1C_IW_GRDH_1SDV_20251201T153233_20251201T153258_005260_00A712_rtc,S1A_IW_GRDH_1SDV_20251207T153352_20251207T153417_062211_07C9A3_rtc,[2],4
1414,1,S1C_IW_GRDH_1SDV_20251201T153233_20251201T153258_005260_00A712_rtc,S1C_IW_GRDH_1SDV_20251201T153233_20251201T153258_005260_00A712_rtc,[2],1
1415,8,S1C_IW_GRDH_1SDV_20251201T153233_20251201T153258_005260_00A712_rtc,S1C_IW_GRDH_1SDV_20251213T153233_20251213T153258_005435_00AD14_rtc,[1],8
1416,1,S1C_IW_GRDH_1SDV_20251201T153233_20251201T153258_005260_00A712_rtc,S1C_IW_GRDH_1SDV_20251201T153233_20251201T153258_005260_00A712_rtc,[2],1
1417,1,S1C_IW_GRDH_1SDV_20251201T153233_20251201T153258_005260_00A712_rtc,S1C_IW_GRDH_1SDV_20251201T153233_20251201T153258_005260_00A712_rtc,[2],1
1418,14,S1C_IW_GRDH_1SDV_20251201T153233_20251201T153258_005260_00A712_rtc,S1C_IW_GRDH_1SDV_20251218T154056_20251218T154121_005508_00AF8E_rtc,"[1, 2]",14
1419,7,S1C_IW_GRDH_1SDV_20251201T153233_20251201T153258_005260_00A712_rtc,S1A_IW_GRDH_1SDV_20251207T153352_20251207T153417_062211_07C9A3_rtc,[1],7
1420,1,S1C_IW_GRDH_1SDV_20251201T153233_20251201T153258_005260_00A712_rtc,S1C_IW_GRDH_1SDV_20251201T153233_20251201T153258_005260_00A712_rtc,[1],1
1421,1,S1C_IW_GRDH_1SDV_20251206T154056_20251206T154121_005333_00A998_rtc,S1C_IW_GRDH_1SDV_20251206T154056_20251206T154121_005333_00A998_rtc,[1],1
1422,2,S1C_IW_GRDH_1SDV_20251206T154056_20251206T154121_005333_00A998_rtc,S1A_IW_GRDH_1SDV_20251207T153352_20251207T153417_062211_07C9A3_rtc,[2],2
1423,1,S1A_IW_GRDH_1SDV_20251207T153352_20251207T153417_062211_07C9A3_rtc,S1A_IW_GRDH_1SDV_20251207T153352_20251207T153417_062211_07C9A3_rtc,[1],1
1424,1,S1A_IW_GRDH_1SDV_20251207T153352_20251207T153417_062211_07C9A3_rtc,S1A_IW_GRDH_1SDV_20251207T153352_20251207T153417_062211_07C9A3_rtc,[1],1
1425,1,S1A_IW_GRDH_1SDV_20251207T153352_20251207T153417_062211_07C9A3_rtc,S1A_IW_GRDH_1SDV_20251207T153352_20251207T153417_062211_07C9A3_rtc,[1],1
1426,1,S1A_IW_GRDH_1SDV_20251207T153352_20251207T153417_062211_07C9A3_rtc,S1A_IW_GRDH_1SDV_20251207T153352_20251207T153417_062211_07C9A3_rtc,[1],1
1427,1,S1A_IW_GRDH_1SDV_20251207T153352_20251207T153417_062211_07C9A3_rtc,S1A_IW_GRDH_1SDV_20251207T153352_20251207T153417_062211_07C9A3_rtc,[1],1
1428,1,S1A_IW_GRDH_1SDV_20251207T153352_20251207T153417_062211_07C9A3_rtc,S1A_IW_GRDH_1SDV_20251207T153352_20251207T153417_062211_07C9A3_rtc,[1],1
1429,1,S1A_IW_GRDH_1SDV_20251207T153352_20251207T153417_062211_07C9A3_rtc,S1A_IW_GRDH_1SDV_20251207T153352_20251207T153417_062211_07C9A3_rtc,[1],1
1430,1,S1A_IW_GRDH_1SDV_20251207T153352_20251207T153417_062211_07C9A3_rtc,S1A_IW_GRDH_1SDV_20251207T153352_20251207T153417_062211_07C9A3_rtc,[1],1
1431,1,S1A_IW_GRDH_1SDV_20251207T153352_20251207T153417_062211_07C9A3_rtc,S1A_IW_GRDH_1SDV_20251207T153352_20251207T153417_062211_07C9A3_rtc,[1],1
1432,1,S1A_IW_GRDH_1SDV_20251207T153352_20251207T153417_062211_07C9A3_rtc,S1A_IW_GRDH_1SDV_20251207T153352_20251207T153417_062211_07C9A3_rtc,[1],1
1433,1,S1A_IW_GRDH_1SDV_20251207T153352_20251207T153417_062211_07C9A3_rtc,S1A_IW_GRDH_1SDV_20251207T153352_20251207T153417_062211_07C9A3_rtc,[1],1
1434,1,S1A_IW_GRDH_1SDV_20251207T153352_20251207T153417_062211_07C9A3_rtc,S1A_IW_GRDH_1SDV_20251207T153352_20251207T153417_062211_07C9A3_rtc,[1],1
1435,1,S1A_IW_GRDH_1SDV_20251207T153352_20251207T153417_062211_07C9A3_rtc,S1A_IW_GRDH_1SDV_20251207T153352_20251207T153417_062211_07C9A3_rtc,[2],1
1436,1,S1A_IW_GRDH_1SDV_20251207T153352_20251207T153417_062211_07C9A3_rtc,S1A_IW_GRDH_1SDV_20251207T153352_20251207T153417_062211_07C9A3_rtc,[2],1
1437,1,S1A_IW_GRDH_1SDV_20251207T153352_20251207T153417_062211_07C9A3_rtc,S1A_IW_GRDH_1SDV_20251207T153352_20251207T153417_062211_07C9A3_rtc,[2],1
1438,1,S1A_IW_GRDH_1SDV_20251207T153352_20251207T153417_062211_07C9A3_rtc,S1A_IW_GRDH_1SDV_20251207T153352_20251207T153417_062211_07C9A3_rtc,[2],1
1439,1,S1A_IW_GRDH_1SDV_20251207T153352_20251207T153417_062211_07C9A3_rtc,S1A_IW_GRDH_1SDV_20251207T153352_20251207T153417_062211_07C9A3_rtc,[2],1
1440,1,S1A_IW_GRDH_1SDV_20251207T153352_20251207T153417_062211_07C9A3_rtc,S1A_IW_GRDH_1SDV_20251207T153352_20251207T153417_062211_07C9A3_rtc,[1],1
1441,1,S1A_IW_GRDH_1SDV_20251207T153352_20251207T153417_062211_07C9A3_rtc,S1A_IW_GRDH_1SDV_20251207T153352_20251207T153417_062211_07C9A3_rtc,[2],1
1442,1,S1A_IW_GRDH_1SDV_20251207T153352_20251207T153417_062211_07C9A3_rtc,S1A_IW_GRDH_1SDV_20251207T153352_20251207T153417_062211_07C9A3_rtc,[2],1
1443,1,S1A_IW_GRDH_1SDV_20251207T153352_20251207T153417_062211_07C9A3_rtc,S1A_IW_GRDH_1SDV_20251207T153352_20251207T153417_062211_07C9A3_rtc,[2],1
1444,1,S1A_IW_GRDH_1SDV_20251207T153352_20251207T153417_062211_07C9A3_rtc,S1A_IW_GRDH_1SDV_20251207T153352_20251207T153417_062211_07C9A3_rtc,[2],1
1445,1,S1A_IW_GRDH_1SDV_20251207T153352_20251207T153417_062211_07C9A3_rtc,S1A_IW_GRDH_1SDV_20251207T153352_20251207T153417_062211_07C9A3_rtc,[2],1
1446,1,S1A_IW_GRDH_1SDV_20251207T153352_20251207T153417_062211_07C9A3_rtc,S1A_IW_GRDH_1SDV_20251207T153352_20251207T153417_062211_07C9A3_rtc,[2],1
1447,1,S1A_IW_GRDH_1SDV_20251207T153352_20251207T153417_062211_07C9A3_rtc,S1A_IW_GRDH_1SDV_20251207T153352_20251207T153417_062211_07C9A3_rtc,[2],1
1448,1,S1A_IW_GRDH_1SDV_20251207T153352_20251207T153417_062211_07C9A3_rtc,S1A_IW_GRDH_1SDV_20251207T153352_20251207T153417_062211_07C9A3_rtc,[2],1
1449,1,S1A_IW_GRDH_1SDV_20251207T153352_20251207T153417_062211_07C9A3_rtc,S1A_IW_GRDH_1SDV_20251207T153352_20251207T153417_062211_07C9A3_rtc,[2],1
1450,1,S1A_IW_GRDH_1SDV_20251207T153352_20251207T153417_062211_07C9A3_rtc,S1A_IW_GRDH_1SDV_20251207T153352_20251207T153417_062211_07C9A3_rtc,[2],1
1451,1,S1A_IW_GRDH_1SDV_20251207T153352_20251207T153417_062211_07C9A3_rtc,S1A_IW_GRDH_1SDV_20251207T153352_20251207T153417_062211_07C9A3_rtc,[2],1
1452,3,S1A_IW_GRDH_1SDV_20251207T153352_20251207T153417_062211_07C9A3_rtc,S1C_IW_GRDH_1SDV_20251213T153233_20251213T153258_005435_00AD14_rtc,[1],3
1453,3,S1A_IW_GRDH_1SDV_20251212T154138_20251212T154203_062284_07CC7A_rtc,S1C_IW_GRDH_1SDV_20251213T153233_20251213T153258_005435_00AD14_rtc,[1],3
1454,1,S1A_IW_GRDH_1SDV_20251212T154138_20251212T154203_062284_07CC7A_rtc,S1A_IW_GRDH_1SDV_20251212T154138_20251212T154203_062284_07CC7A_rtc,[1],1
1455,1,S1A_IW_GRDH_1SDV_20251212T154138_20251212T154203_062284_07CC7A_rtc,S1A_IW_GRDH_1SDV_20251212T154138_20251212T154203_062284_07CC7A_rtc,[1],1
1456,1,S1A_IW_GRDH_1SDV_20251212T154138_20251212T154203_062284_07CC7A_rtc,S1A_IW_GRDH_1SDV_20251212T154138_20251212T154203_062284_07CC7A_rtc,[1],1
1457,1,S1C_IW_GRDH_1SDV_20251213T153233_20251213T153258_005435_00AD14_rtc,S1C_IW_GRDH_1SDV_20251213T153233_20251213T153258_005435_00AD14_rtc,[1],1
1458,1,S1C_IW_GRDH_1SDV_20251213T153233_20251213T153258_005435_00AD14_rtc,S1C_IW_GRDH_1SDV_20251213T153233_20251213T153258_005435_00AD14_rtc,[1],1
1459,1,S1C_IW_GRDH_1SDV_20251213T153233_20251213T153258_005435_00AD14_rtc,S1C_IW_GRDH_1SDV_20251213T153233_20251213T153258_005435_00AD14_rtc,[1],1
1460,1,S1C_IW_GRDH_1SDV_20251213T153233_20251213T153258_005435_00AD14_rtc,S1C_IW_GRDH_1SDV_20251213T153233_20251213T153258_005435_00AD14_rtc,[1],1
1461,1,S1C_IW_GRDH_1SDV_20251213T153233_20251213T153258_005435_00AD14_rtc,S1C_IW_GRDH_1SDV_20251213T153233_20251213T153258_005435_00AD14_rtc,[2],1
1462,1,S1C_IW_GRDH_1SDV_20251213T153233_20251213T153258_005435_00AD14_rtc,S1C_IW_GRDH_1SDV_20251213T153233_20251213T153258_005435_00AD14_rtc,[1],1
1463,1,S1C_IW_GRDH_1SDV_20251213T153233_20251213T153258_005435_00AD14_rtc,S1C_IW_GRDH_1SDV_20251213T153233_20251213T153258_005435_00AD14_rtc,[1],1
1464,1,S1C_IW_GRDH_1SDV_20251213T153233_20251213T153258_005435_00AD14_rtc,S1C_IW_GRDH_1SDV_20251213T153233_20251213T153258_005435_00AD14_rtc,[2],1
1465,1,S1C_IW_GRDH_1SDV_20251213T153233_20251213T153258_005435_00AD14_rtc,S1C_IW_GRDH_1SDV_20251213T153233_20251213T153258_005435_00AD14_rtc,[2],1
1466,1,S1C_IW_GRDH_1SDV_20251213T153233_20251213T153258_005435_00AD14_rtc,S1C_IW_GRDH_1SDV_20251213T153233_20251213T153258_005435_00AD14_rtc,[2],1
1467,2,S1C_IW_GRDH_1SDV_20251213T153233_20251213T153258_005435_00AD14_rtc,S1C_IW_GRDH_1SDV_20251218T154056_20251218T154121_005508_00AF8E_rtc,[2],2
1468,1,S1C_IW_GRDH_1SDV_20251213T153233_20251213T153258_005435_00AD14_rtc,S1C_IW_GRDH_1SDV_20251213T153233_20251213T153258_005435_00AD14_rtc,[1],1
1469,1,S1C_IW_GRDH_1SDV_20251218T154056_20251218T154121_005508_00AF8E_rtc,S1C_IW_GRDH_1SDV_20251218T154056_20251218T154121_005508_00AF8E_rtc,[1],1
1470,1,S1C_IW_GRDH_1SDV_20251218T154056_20251218T154121_005508_00AF8E_rtc,S1C_IW_GRDH_1SDV_20251218T154056_20251218T154121_005508_00AF8E_rtc,[1],1
1471,1,S1C_IW_GRDH_1SDV_20251218T154056_20251218T154121_005508_00AF8E_rtc,S1C_IW_GRDH_1SDV_20251218T154056_20251218T154121_005508_00AF8E_rtc,[0],1
1472,1,S1C_IW_GRDH_1SDV_20251218T154056_20251218T154121_005508_00AF8E_rtc,S1C_IW_GRDH_1SDV_20251218T154056_20251218T154121_005508_00AF8E_rtc,[1],1
1473,1,S1C_IW_GRDH_1SDV_20251218T154056_20251218T154121_005508_00AF8E_rtc,S1C_IW_GRDH_1SDV_20251218T154056_20251218T154121_005508_00AF8E_rtc,[1],1
1474,1,S1C_IW_GRDH_1SDV_20251218T154056_20251218T154121_005508_00AF8E_rtc,S1C_IW_GRDH_1SDV_20251218T154056_20251218T154121_005508_00AF8E_rtc,[2],1
1475,4,S1A_IW_GRDH_1SDV_20260105T154136_20260105T154201_062634_07DA08_rtc,S1A_IW_GRDH_1SDV_20260112T153348_20260112T153413_062736_07DDED_rtc,[1],4
1476,10,S1A_IW_GRDH_1SDV_20260105T154136_20260105T154201_062634_07DA08_rtc,S1C_IW_GRDH_1SDV_20260123T154053_20260123T154118_006033_00C187_rtc,[1],10
1477,16,S1A_IW_GRDH_1SDV_20260105T154136_20260105T154201_062634_07DA08_rtc,S1C_IW_GRDH_1SDV_20260123T154053_20260123T154118_006033_00C187_rtc,[2],16
1478,14,S1A_IW_GRDH_1SDV_20260105T154136_20260105T154201_062634_07DA08_rtc,S1C_IW_GRDH_1SDV_20260123T154053_20260123T154118_006033_00C187_rtc,[1],14
1479,18,S1A_IW_GRDH_1SDV_20260105T154136_20260105T154201_062634_07DA08_rtc,S1C_IW_GRDH_1SDV_20260123T154053_20260123T154118_006033_00C187_rtc,"[1, 2]",18
1480,2,S1A_IW_GRDH_1SDV_20260105T154136_20260105T154201_062634_07DA08_rtc,S1C_IW_GRDH_1SDV_20260106T153231_20260106T153256_005785_00B920_rtc,[1],2
1481,1,S1A_IW_GRDH_1SDV_20260105T154136_20260105T154201_062634_07DA08_rtc,S1A_IW_GRDH_1SDV_20260105T154136_20260105T154201_062634_07DA08_rtc,[1],1
1482,21,S1A_IW_GRDH_1SDV_20260105T154136_20260105T154201_062634_07DA08_rtc,S1C_IW_GRDH_1SDV_20260123T154053_20260123T154118_006033_00C187_rtc,[2],21
1483,8,S1A_IW_GRDH_1SDV_20260105T154136_20260105T154201_062634_07DA08_rtc,S1A_IW_GRDH_1SDV_20260112T153348_20260112T153413_062736_07DDED_rtc,[2],8
1484,7,S1A_IW_GRDH_1SDV_20260105T154136_20260105T154201_062634_07DA08_rtc,S1C_IW_GRDH_1SDV_20260123T154053_20260123T154118_006033_00C187_rtc,[2],7
1485,1,S1A_IW_GRDH_1SDV_20260105T154136_20260105T154201_062634_07DA08_rtc,S1A_IW_GRDH_1SDV_20260105T154136_20260105T154201_062634_07DA08_rtc,[2],1
1486,16,S1A_IW_GRDH_1SDV_20260105T154136_20260105T154201_062634_07DA08_rtc,S1C_IW_GRDH_1SDV_20260123T154053_20260123T154118_006033_00C187_rtc,[2],16
1487,1,S1A_IW_GRDH_1SDV_20260105T154136_20260105T154201_062634_07DA08_rtc,S1A_IW_GRDH_1SDV_20260105T154136_20260105T154201_062634_07DA08_rtc,[2],1
1488,15,S1A_IW_GRDH_1SDV_20260105T154136_20260105T154201_062634_07DA08_rtc,S1C_IW_GRDH_1SDV_20260123T154053_20260123T154118_006033_00C187_rtc,"[1, 2]",15
1489,17,S1A_IW_GRDH_1SDV_20260105T154136_20260105T154201_062634_07DA08_rtc,S1C_IW_GRDH_1SDV_20260123T154053_20260123T154118_006033_00C187_rtc,[1],17
1490,1,S1C_IW_GRDH_1SDV_20260106T153231_20260106T153256_005785_00B920_rtc,S1C_IW_GRDH_1SDV_20260106T153231_20260106T153256_005785_00B920_rtc,[1],1
1491,1,S1C_IW_GRDH_1SDV_20260106T153231_20260106T153256_005785_00B920_rtc,S1C_IW_GRDH_1SDV_20260106T153231_20260106T153256_005785_00B920_rtc,[1],1
1492,1,S1C_IW_GRDH_1SDV_20260106T153231_20260106T153256_005785_00B920_rtc,S1C_IW_GRDH_1SDV_20260106T153231_20260106T153256_005785_00B920_rtc,[1],1
1493,1,S1C_IW_GRDH_1SDV_20260106T153231_20260106T153256_005785_00B920_rtc,S1C_IW_GRDH_1SDV_20260106T153231_20260106T153256_005785_00B920_rtc,[1],1
1494,1,S1C_IW_GRDH_1SDV_20260106T153231_20260106T153256_005785_00B920_rtc,S1C_IW_GRDH_1SDV_20260106T153231_20260106T153256_005785_00B920_rtc,[1],1
1495,1,S1C_IW_GRDH_1SDV_20260106T153231_20260106T153256_005785_00B920_rtc,S1C_IW_GRDH_1SDV_20260106T153231_20260106T153256_005785_00B920_rtc,[2],1
1496,1,S1C_IW_GRDH_1SDV_20260106T153231_20260106T153256_005785_00B920_rtc,S1C_IW_GRDH_1SDV_20260106T153231_20260106T153256_005785_00B920_rtc,[1],1
1497,1,S1C_IW_GRDH_1SDV_20260106T153231_20260106T153256_005785_00B920_rtc,S1C_IW_GRDH_1SDV_20260106T153231_20260106T153256_005785_00B920_rtc,[2],1
1498,1,S1C_IW_GRDH_1SDV_20260106T153231_20260106T153256_005785_00B920_rtc,S1C_IW_GRDH_1SDV_20260106T153231_20260106T153256_005785_00B920_rtc,[2],1
1499,1,S1C_IW_GRDH_1SDV_20260106T153231_20260106T153256_005785_00B920_rtc,S1C_IW_GRDH_1SDV_20260106T153231_20260106T153256_005785_00B920_rtc,[2],1
1500,1,S1C_IW_GRDH_1SDV_20260106T153231_20260106T153256_005785_00B920_rtc,S1C_IW_GRDH_1SDV_20260106T153231_20260106T153256_005785_00B920_rtc,[2],1
1501,1,S1C_IW_GRDH_1SDV_20260106T153231_20260106T153256_005785_00B920_rtc,S1C_IW_GRDH_1SDV_20260106T153231_20260106T153256_005785_00B920_rtc,[2],1
1502,1,S1C_IW_GRDH_1SDV_20260106T153231_20260106T153256_005785_00B920_rtc,S1C_IW_GRDH_1SDV_20260106T153231_20260106T153256_005785_00B920_rtc,[2],1
1503,1,S1C_IW_GRDH_1SDV_20260106T153231_20260106T153256_005785_00B920_rtc,S1C_IW_GRDH_1SDV_20260106T153231_20260106T153256_005785_00B920_rtc,[2],1
1504,1,S1C_IW_GRDH_1SDV_20260106T153231_20260106T153256_005785_00B920_rtc,S1C_IW_GRDH_1SDV_20260106T153231_20260106T153256_005785_00B920_rtc,[2],1
1505,1,S1C_IW_GRDH_1SDV_20260106T153231_20260106T153256_005785_00B920_rtc,S1C_IW_GRDH_1SDV_20260106T153231_20260106T153256_005785_00B920_rtc,[2],1
1506,1,S1C_IW_GRDH_1SDV_20260106T153231_20260106T153256_005785_00B920_rtc,S1C_IW_GRDH_1SDV_20260106T153231_20260106T153256_005785_00B920_rtc,[2],1
1507,1,S1C_IW_GRDH_1SDV_20260106T153231_20260106T153256_005785_00B920_rtc,S1C_IW_GRDH_1SDV_20260106T153231_20260106T153256_005785_00B920_rtc,[2],1
1508,1,S1C_IW_GRDH_1SDV_20260106T153231_20260106T153256_005785_00B920_rtc,S1C_IW_GRDH_1SDV_20260106T153231_20260106T153256_005785_00B920_rtc,[2],1
1509,1,S1C_IW_GRDH_1SDV_20260111T154054_20260111T154119_005858_00BBBE_rtc,S1C_IW_GRDH_1SDV_20260111T154054_20260111T154119_005858_00BBBE_rtc,[1],1
1510,6,S1C_IW_GRDH_1SDV_20260111T154054_20260111T154119_005858_00BBBE_rtc,S1A_IW_GRDH_1SDV_20260117T154135_20260117T154200_062809_07E0C2_rtc,[2],6
1511,2,S1C_IW_GRDH_1SDV_20260111T154054_20260111T154119_005858_00BBBE_rtc,S1A_IW_GRDH_1SDV_20260112T153348_20260112T153413_062736_07DDED_rtc,[2],2
1512,6,S1A_IW_GRDH_1SDV_20260117T154135_20260117T154200_062809_07E0C2_rtc,S1C_IW_GRDH_1SDV_20260123T154053_20260123T154118_006033_00C187_rtc,"[1, 2]",6
1513,3,S1A_IW_GRDH_1SDV_20260117T154135_20260117T154200_062809_07E0C2_rtc,S1C_IW_GRDH_1SDV_20260118T153231_20260118T153256_005960_00BF44_rtc,[1],3
1514,1,S1A_IW_GRDH_1SDV_20260117T154135_20260117T154200_062809_07E0C2_rtc,S1A_IW_GRDH_1SDV_20260117T154135_20260117T154200_062809_07E0C2_rtc,[1],1
1515,3,S1A_IW_GRDH_1SDV_20260117T154135_20260117T154200_062809_07E0C2_rtc,S1C_IW_GRDH_1SDV_20260123T154053_20260123T154118_006033_00C187_rtc,[1],3
1516,3,S1A_IW_GRDH_1SDV_20260117T154135_20260117T154200_062809_07E0C2_rtc,S1C_IW_GRDH_1SDV_20260123T154053_20260123T154118_006033_00C187_rtc,[1],3
1517,2,S1C_IW_GRDH_1SDV_20260118T153231_20260118T153256_005960_00BF44_rtc,S1C_IW_GRDH_1SDV_20260123T154053_20260123T154118_006033_00C187_rtc,[1],2
1518,2,S1C_IW_GRDH_1SDV_20260118T153231_20260118T153256_005960_00BF44_rtc,S1C_IW_GRDH_1SDV_20260123T154053_20260123T154118_006033_00C187_rtc,[1],2
1519,3,S1C_IW_GRDH_1SDV_20260118T153231_20260118T153256_005960_00BF44_rtc,S1C_IW_GRDH_1SDV_20260123T154053_20260123T154118_006033_00C187_rtc,[1],3
1520,2,S1C_IW_GRDH_1SDV_20260118T153231_20260118T153256_005960_00BF44_rtc,S1C_IW_GRDH_1SDV_20260123T154053_20260123T154118_006033_00C187_rtc,[1],2
1521,1,S1C_IW_GRDH_1SDV_20260118T153231_20260118T153256_005960_00BF44_rtc,S1C_IW_GRDH_1SDV_20260118T153231_20260118T153256_005960_00BF44_rtc,[1],1
1522,1,S1C_IW_GRDH_1SDV_20260118T153231_20260118T153256_005960_00BF44_rtc,S1C_IW_GRDH_1SDV_20260118T153231_20260118T153256_005960_00BF44_rtc,[1],1
1523,2,S1C_IW_GRDH_1SDV_20260118T153231_20260118T153256_005960_00BF44_rtc,S1C_IW_GRDH_1SDV_20260123T154053_20260123T154118_006033_00C187_rtc,[2],2
1524,2,S1C_IW_GRDH_1SDV_20260118T153231_20260118T153256_005960_00BF44_rtc,S1C_IW_GRDH_1SDV_20260123T154053_20260123T154118_006033_00C187_rtc,[2],2
1525,2,S1C_IW_GRDH_1SDV_20260118T153231_20260118T153256_005960_00BF44_rtc,S1C_IW_GRDH_1SDV_20260123T154053_20260123T154118_006033_00C187_rtc,[2],2
1526,1,S1C_IW_GRDH_1SDV_20260118T153231_20260118T153256_005960_00BF44_rtc,S1C_IW_GRDH_1SDV_20260118T153231_20260118T153256_005960_00BF44_rtc,[2],1
1527,2,S1C_IW_GRDH_1SDV_20260118T153231_20260118T153256_005960_00BF44_rtc,S1C_IW_GRDH_1SDV_20260123T154053_20260123T154118_006033_00C187_rtc,[2],2
1528,1,S1C_IW_GRDH_1SDV_20260118T153231_20260118T153256_005960_00BF44_rtc,S1C_IW_GRDH_1SDV_20260118T153231_20260118T153256_005960_00BF44_rtc,[2],1
1529,1,S1C_IW_GRDH_1SDV_20260118T153231_20260118T153256_005960_00BF44_rtc,S1C_IW_GRDH_1SDV_20260118T153231_20260118T153256_005960_00BF44_rtc,[1],1
1530,1,S1C_IW_GRDH_1SDV_20260118T153231_20260118T153256_005960_00BF44_rtc,S1C_IW_GRDH_1SDV_20260118T153231_20260118T153256_005960_00BF44_rtc,[1],1
1531,1,S1C_IW_GRDH_1SDV_20260118T153231_20260118T153256_005960_00BF44_rtc,S1C_IW_GRDH_1SDV_20260118T153231_20260118T153256_005960_00BF44_rtc,[1],1
1532,1,S1C_IW_GRDH_1SDV_20260118T153231_20260118T153256_005960_00BF44_rtc,S1C_IW_GRDH_1SDV_20260118T153231_20260118T153256_005960_00BF44_rtc,[1],1
1533,1,S1C_IW_GRDH_1SDV_20260123T154053_20260123T154118_006033_00C187_rtc,S1C_IW_GRDH_1SDV_20260123T154053_20260123T154118_006033_00C187_rtc,[1],1
1534,1,S1C_IW_GRDH_1SDV_20260123T154053_20260123T154118_006033_00C187_rtc,S1C_IW_GRDH_1SDV_20260123T154053_20260123T154118_006033_00C187_rtc,[2],1
1535,1,S1C_IW_GRDH_1SDV_20260123T154053_20260123T154118_006033_00C187_rtc,S1C_IW_GRDH_1SDV_20260123T154053_20260123T154118_006033_00C187_rtc,[2],1
1536,1,S1C_IW_GRDH_1SDV_20260123T154053_20260123T154118_006033_00C187_rtc,S1C_IW_GRDH_1SDV_20260123T154053_20260123T154118_006033_00C187_rtc,[2],1
1537,4,S1C_IW_GRDH_1SDV_20260204T154053_20260204T154118_006208_00C770_rtc,S1A_IW_GRDH_1SDV_20260210T154133_20260210T154158_063159_07ED98_rtc,[1],4
1538,3,S1C_IW_GRDH_1SDV_20260204T154053_20260204T154118_006208_00C770_rtc,S1A_IW_GRDH_1SDV_20260205T153346_20260205T153411_063086_07EAE4_rtc,[2],3
1539,2,S1C_IW_GRDH_1SDV_20260204T154053_20260204T154118_006208_00C770_rtc,S1A_IW_GRDH_1SDV_20260205T153346_20260205T153411_063086_07EAE4_rtc,[2],2
1540,2,S1C_IW_GRDH_1SDV_20260204T154053_20260204T154118_006208_00C770_rtc,S1A_IW_GRDH_1SDV_20260205T153346_20260205T153411_063086_07EAE4_rtc,[2],2
1541,1,S1C_IW_GRDH_1SDV_20260204T154053_20260204T154118_006208_00C770_rtc,S1C_IW_GRDH_1SDV_20260204T154053_20260204T154118_006208_00C770_rtc,[2],1
1542,9,S1C_IW_GRDH_1SDV_20260204T154053_20260204T154118_006208_00C770_rtc,S1A_IW_GRDH_1SDV_20260217T153346_20260217T153411_063261_07F16A_rtc,[2],9
1543,1,S1C_IW_GRDH_1SDV_20260204T154053_20260204T154118_006208_00C770_rtc,S1C_IW_GRDH_1SDV_20260204T154053_20260204T154118_006208_00C770_rtc,[2],1
1544,6,S1C_IW_GRDH_1SDV_20260204T154053_20260204T154118_006208_00C770_rtc,S1A_IW_GRDH_1SDV_20260217T153346_20260217T153411_063261_07F16A_rtc,[2],6
1545,1,S1C_IW_GRDH_1SDV_20260204T154053_20260204T154118_006208_00C770_rtc,S1C_IW_GRDH_1SDV_20260204T154053_20260204T154118_006208_00C770_rtc,[2],1
1546,3,S1C_IW_GRDH_1SDV_20260204T154053_20260204T154118_006208_00C770_rtc,S1A_IW_GRDH_1SDV_20260205T153346_20260205T153411_063086_07EAE4_rtc,[2],3
1547,1,S1C_IW_GRDH_1SDV_20260204T154053_20260204T154118_006208_00C770_rtc,S1C_IW_GRDH_1SDV_20260204T154053_20260204T154118_006208_00C770_rtc,[2],1
1548,13,S1C_IW_GRDH_1SDV_20260204T154053_20260204T154118_006208_00C770_rtc,S1A_IW_GRDH_1SDV_20260217T153346_20260217T153411_063261_07F16A_rtc,[2],13
1549,17,S1C_IW_GRDH_1SDV_20260204T154053_20260204T154118_006208_00C770_rtc,S1A_IW_GRDH_1SDV_20260217T153346_20260217T153411_063261_07F16A_rtc,[2],17
1550,7,S1C_IW_GRDH_1SDV_20260204T154053_20260204T154118_006208_00C770_rtc,S1A_IW_GRDH_1SDV_20260217T153346_20260217T153411_063261_07F16A_rtc,[2],7
1551,7,S1C_IW_GRDH_1SDV_20260204T154053_20260204T154118_006208_00C770_rtc,S1A_IW_GRDH_1SDV_20260217T153346_20260217T153411_063261_07F16A_rtc,[2],7
1552,3,S1C_IW_GRDH_1SDV_20260204T154053_20260204T154118_006208_00C770_rtc,S1A_IW_GRDH_1SDV_20260205T153346_20260205T153411_063086_07EAE4_rtc,[2],3
1553,9,S1C_IW_GRDH_1SDV_20260204T154053_20260204T154118_006208_00C770_rtc,S1A_IW_GRDH_1SDV_20260217T153346_20260217T153411_063261_07F16A_rtc,[2],9
1554,15,S1C_IW_GRDH_1SDV_20260204T154053_20260204T154118_006208_00C770_rtc,S1A_IW_GRDH_1SDV_20260217T153346_20260217T153411_063261_07F16A_rtc,[2],15
1555,3,S1C_IW_GRDH_1SDV_20260204T154053_20260204T154118_006208_00C770_rtc,S1A_IW_GRDH_1SDV_20260205T153346_20260205T153411_063086_07EAE4_rtc,[2],3
1556,4,S1C_IW_GRDH_1SDV_20260204T154053_20260204T154118_006208_00C770_rtc,S1A_IW_GRDH_1SDV_20260210T154133_20260210T154158_063159_07ED98_rtc,[2],4
1557,2,S1C_IW_GRDH_1SDV_20260204T154053_20260204T154118_006208_00C770_rtc,S1A_IW_GRDH_1SDV_20260205T153346_20260205T153411_063086_07EAE4_rtc,[2],2
1558,14,S1C_IW_GRDH_1SDV_20260204T154053_20260204T154118_006208_00C770_rtc,S1A_IW_GRDH_1SDV_20260217T153346_20260217T153411_063261_07F16A_rtc,[2],14
1559,3,S1C_IW_GRDH_1SDV_20260204T154053_20260204T154118_006208_00C770_rtc,S1A_IW_GRDH_1SDV_20260205T153346_20260205T153411_063086_07EAE4_rtc,[1],3
1560,1,S1C_IW_GRDH_1SDV_20260204T154053_20260204T154118_006208_00C770_rtc,S1C_IW_GRDH_1SDV_20260204T154053_20260204T154118_006208_00C770_rtc,[1],1
1561,1,S1A_IW_GRDH_1SDV_20260205T153346_20260205T153411_063086_07EAE4_rtc,S1A_IW_GRDH_1SDV_20260205T153346_20260205T153411_063086_07EAE4_rtc,[1],1
1562,1,S1A_IW_GRDH_1SDV_20260205T153346_20260205T153411_063086_07EAE4_rtc,S1A_IW_GRDH_1SDV_20260205T153346_20260205T153411_063086_07EAE4_rtc,[1],1
1563,1,S1A_IW_GRDH_1SDV_20260205T153346_20260205T153411_063086_07EAE4_rtc,S1A_IW_GRDH_1SDV_20260205T153346_20260205T153411_063086_07EAE4_rtc,[1],1
1564,1,S1A_IW_GRDH_1SDV_20260205T153346_20260205T153411_063086_07EAE4_rtc,S1A_IW_GRDH_1SDV_20260205T153346_20260205T153411_063086_07EAE4_rtc,[1],1
1565,1,S1A_IW_GRDH_1SDV_20260205T153346_20260205T153411_063086_07EAE4_rtc,S1A_IW_GRDH_1SDV_20260205T153346_20260205T153411_063086_07EAE4_rtc,[2],1
1566,1,S1A_IW_GRDH_1SDV_20260205T153346_20260205T153411_063086_07EAE4_rtc,S1A_IW_GRDH_1SDV_20260205T153346_20260205T153411_063086_07EAE4_rtc,[2],1
1567,1,S1A_IW_GRDH_1SDV_20260205T153346_20260205T153411_063086_07EAE4_rtc,S1A_IW_GRDH_1SDV_20260205T153346_20260205T153411_063086_07EAE4_rtc,[2],1
1568,3,S1A_IW_GRDH_1SDV_20260205T153346_20260205T153411_063086_07EAE4_rtc,S1C_IW_GRDH_1SDV_20260211T153230_20260211T153255_006310_00CAF2_rtc,[1],3
1569,1,S1A_IW_GRDH_1SDV_20260205T153346_20260205T153411_063086_07EAE4_rtc,S1A_IW_GRDH_1SDV_20260205T153346_20260205T153411_063086_07EAE4_rtc,[2],1
1570,1,S1A_IW_GRDH_1SDV_20260205T153346_20260205T153411_063086_07EAE4_rtc,S1A_IW_GRDH_1SDV_20260205T153346_20260205T153411_063086_07EAE4_rtc,[2],1
1571,1,S1A_IW_GRDH_1SDV_20260205T153346_20260205T153411_063086_07EAE4_rtc,S1A_IW_GRDH_1SDV_20260205T153346_20260205T153411_063086_07EAE4_rtc,[2],1
1572,1,S1A_IW_GRDH_1SDV_20260205T153346_20260205T153411_063086_07EAE4_rtc,S1A_IW_GRDH_1SDV_20260205T153346_20260205T153411_063086_07EAE4_rtc,[2],1
1573,1,S1A_IW_GRDH_1SDV_20260205T153346_20260205T153411_063086_07EAE4_rtc,S1A_IW_GRDH_1SDV_20260205T153346_20260205T153411_063086_07EAE4_rtc,[1],1
1574,1,S1A_IW_GRDH_1SDV_20260205T153346_20260205T153411_063086_07EAE4_rtc,S1A_IW_GRDH_1SDV_20260205T153346_20260205T153411_063086_07EAE4_rtc,[1],1
1575,1,S1A_IW_GRDH_1SDV_20260205T153346_20260205T153411_063086_07EAE4_rtc,S1A_IW_GRDH_1SDV_20260205T153346_20260205T153411_063086_07EAE4_rtc,[2],1
1576,1,S1A_IW_GRDH_1SDV_20260205T153346_20260205T153411_063086_07EAE4_rtc,S1A_IW_GRDH_1SDV_20260205T153346_20260205T153411_063086_07EAE4_rtc,[2],1
1577,1,S1A_IW_GRDH_1SDV_20260205T153346_20260205T153411_063086_07EAE4_rtc,S1A_IW_GRDH_1SDV_20260205T153346_20260205T153411_063086_07EAE4_rtc,[2],1
1578,1,S1A_IW_GRDH_1SDV_20260205T153346_20260205T153411_063086_07EAE4_rtc,S1A_IW_GRDH_1SDV_20260205T153346_20260205T153411_063086_07EAE4_rtc,[2],1
1579,5,S1A_IW_GRDH_1SDV_20260205T153346_20260205T153411_063086_07EAE4_rtc,S1A_IW_GRDH_1SDV_20260217T153346_20260217T153411_063261_07F16A_rtc,[1],5
1580,4,S1A_IW_GRDH_1SDV_20260205T153346_20260205T153411_063086_07EAE4_rtc,S1C_IW_GRDH_1SDV_20260216T154053_20260216T154118_006383_00CD7B_rtc,[1],4
1581,9,S1A_IW_GRDH_1SDV_20260205T153346_20260205T153411_063086_07EAE4_rtc,S1A_IW_GRDH_1SDV_20260217T153346_20260217T153411_063261_07F16A_rtc,[1],9
1582,3,S1A_IW_GRDH_1SDV_20260205T153346_20260205T153411_063086_07EAE4_rtc,S1C_IW_GRDH_1SDV_20260211T153230_20260211T153255_006310_00CAF2_rtc,[1],3
1583,14,S1A_IW_GRDH_1SDV_20260205T153346_20260205T153411_063086_07EAE4_rtc,S1A_IW_GRDH_1SDV_20260217T153346_20260217T153411_063261_07F16A_rtc,"[1, 2]",14
1584,1,S1A_IW_GRDH_1SDV_20260205T153346_20260205T153411_063086_07EAE4_rtc,S1A_IW_GRDH_1SDV_20260205T153346_20260205T153411_063086_07EAE4_rtc,[1],1
1585,2,S1A_IW_GRDH_1SDV_20260205T153346_20260205T153411_063086_07EAE4_rtc,S1A_IW_GRDH_1SDV_20260210T154133_20260210T154158_063159_07ED98_rtc,[1],2
1586,1,S1A_IW_GRDH_1SDV_20260205T153346_20260205T153411_063086_07EAE4_rtc,S1A_IW_GRDH_1SDV_20260205T153346_20260205T153411_063086_07EAE4_rtc,[1],1
1587,1,S1A_IW_GRDH_1SDV_20260205T153346_20260205T153411_063086_07EAE4_rtc,S1A_IW_GRDH_1SDV_20260205T153346_20260205T153411_063086_07EAE4_rtc,[1],1
1588,1,S1A_IW_GRDH_1SDV_20260205T153346_20260205T153411_063086_07EAE4_rtc,S1A_IW_GRDH_1SDV_20260205T153346_20260205T153411_063086_07EAE4_rtc,[1],1
1589,21,S1A_IW_GRDH_1SDV_20260205T153346_20260205T153411_063086_07EAE4_rtc,S1A_IW_GRDH_1SDV_20260217T153346_20260217T153411_063261_07F16A_rtc,"[1, 2]",21
1590,1,S1A_IW_GRDH_1SDV_20260210T154133_20260210T154158_063159_07ED98_rtc,S1A_IW_GRDH_1SDV_20260210T154133_20260210T154158_063159_07ED98_rtc,[1],1
1591,1,S1A_IW_GRDH_1SDV_20260210T154133_20260210T154158_063159_07ED98_rtc,S1A_IW_GRDH_1SDV_20260210T154133_20260210T154158_063159_07ED98_rtc,[1],1
1592,3,S1A_IW_GRDH_1SDV_20260210T154133_20260210T154158_063159_07ED98_rtc,S1C_IW_GRDH_1SDV_20260211T153230_20260211T153255_006310_00CAF2_rtc,"[0, 1]",3
1593,1,S1A_IW_GRDH_1SDV_20260210T154133_20260210T154158_063159_07ED98_rtc,S1A_IW_GRDH_1SDV_20260210T154133_20260210T154158_063159_07ED98_rtc,[1],1
1594,5,S1A_IW_GRDH_1SDV_20260210T154133_20260210T154158_063159_07ED98_rtc,S1A_IW_GRDH_1SDV_20260217T153346_20260217T153411_063261_07F16A_rtc,[1],5
1595,3,S1A_IW_GRDH_1SDV_20260210T154133_20260210T154158_063159_07ED98_rtc,S1C_IW_GRDH_1SDV_20260216T154053_20260216T154118_006383_00CD7B_rtc,[1],3
1596,1,S1A_IW_GRDH_1SDV_20260210T154133_20260210T154158_063159_07ED98_rtc,S1A_IW_GRDH_1SDV_20260210T154133_20260210T154158_063159_07ED98_rtc,[1],1
1597,1,S1A_IW_GRDH_1SDV_20260210T154133_20260210T154158_063159_07ED98_rtc,S1A_IW_GRDH_1SDV_20260210T154133_20260210T154158_063159_07ED98_rtc,[2],1
1598,1,S1A_IW_GRDH_1SDV_20260210T154133_20260210T154158_063159_07ED98_rtc,S1A_IW_GRDH_1SDV_20260210T154133_20260210T154158_063159_07ED98_rtc,[2],1
1599,1,S1A_IW_GRDH_1SDV_20260210T154133_20260210T154158_063159_07ED98_rtc,S1A_IW_GRDH_1SDV_20260210T154133_20260210T154158_063159_07ED98_rtc,[1],1
1600,1,S1C_IW_GRDH_1SDV_20260211T153230_20260211T153255_006310_00CAF2_rtc,S1C_IW_GRDH_1SDV_20260211T153230_20260211T153255_006310_00CAF2_rtc,[1],1
1601,1,S1C_IW_GRDH_1SDV_20260211T153230_20260211T153255_006310_00CAF2_rtc,S1C_IW_GRDH_1SDV_20260211T153230_20260211T153255_006310_00CAF2_rtc,[1],1
1602,1,S1C_IW_GRDH_1SDV_20260211T153230_20260211T153255_006310_00CAF2_rtc,S1C_IW_GRDH_1SDV_20260211T153230_20260211T153255_006310_00CAF2_rtc,[1],1
1603,1,S1C_IW_GRDH_1SDV_20260211T153230_20260211T153255_006310_00CAF2_rtc,S1C_IW_GRDH_1SDV_20260211T153230_20260211T153255_006310_00CAF2_rtc,[1],1
1604,1,S1C_IW_GRDH_1SDV_20260211T153230_20260211T153255_006310_00CAF2_rtc,S1C_IW_GRDH_1SDV_20260211T153230_20260211T153255_006310_00CAF2_rtc,[1],1
1605,1,S1C_IW_GRDH_1SDV_20260211T153230_20260211T153255_006310_00CAF2_rtc,S1C_IW_GRDH_1SDV_20260211T153230_20260211T153255_006310_00CAF2_rtc,[2],1
1606,1,S1C_IW_GRDH_1SDV_20260211T153230_20260211T153255_006310_00CAF2_rtc,S1C_IW_GRDH_1SDV_20260211T153230_20260211T153255_006310_00CAF2_rtc,[2],1
1607,1,S1C_IW_GRDH_1SDV_20260211T153230_20260211T153255_006310_00CAF2_rtc,S1C_IW_GRDH_1SDV_20260211T153230_20260211T153255_006310_00CAF2_rtc,[2],1
1608,1,S1C_IW_GRDH_1SDV_20260211T153230_20260211T153255_006310_00CAF2_rtc,S1C_IW_GRDH_1SDV_20260211T153230_20260211T153255_006310_00CAF2_rtc,[2],1
1609,1,S1C_IW_GRDH_1SDV_20260211T153230_20260211T153255_006310_00CAF2_rtc,S1C_IW_GRDH_1SDV_20260211T153230_20260211T153255_006310_00CAF2_rtc,[2],1
1610,1,S1C_IW_GRDH_1SDV_20260211T153230_20260211T153255_006310_00CAF2_rtc,S1C_IW_GRDH_1SDV_20260211T153230_20260211T153255_006310_00CAF2_rtc,[2],1
1611,1,S1C_IW_GRDH_1SDV_20260211T153230_20260211T153255_006310_00CAF2_rtc,S1C_IW_GRDH_1SDV_20260211T153230_20260211T153255_006310_00CAF2_rtc,[2],1
1612,1,S1C_IW_GRDH_1SDV_20260211T153230_20260211T153255_006310_00CAF2_rtc,S1C_IW_GRDH_1SDV_20260211T153230_20260211T153255_006310_00CAF2_rtc,[2],1
1613,1,S1C_IW_GRDH_1SDV_20260211T153230_20260211T153255_006310_00CAF2_rtc,S1C_IW_GRDH_1SDV_20260211T153230_20260211T153255_006310_00CAF2_rtc,[2],1
1614,1,S1C_IW_GRDH_1SDV_20260211T153230_20260211T153255_006310_00CAF2_rtc,S1C_IW_GRDH_1SDV_20260211T153230_20260211T153255_006310_00CAF2_rtc,[2],1
1615,1,S1C_IW_GRDH_1SDV_20260211T153230_20260211T153255_006310_00CAF2_rtc,S1C_IW_GRDH_1SDV_20260211T153230_20260211T153255_006310_00CAF2_rtc,[2],1
1616,1,S1C_IW_GRDH_1SDV_20260216T154053_20260216T154118_006383_00CD7B_rtc,S1C_IW_GRDH_1SDV_20260216T154053_20260216T154118_006383_00CD7B_rtc,[0],1
1617,1,S1C_IW_GRDH_1SDV_20260216T154053_20260216T154118_006383_00CD7B_rtc,S1C_IW_GRDH_1SDV_20260216T154053_20260216T154118_006383_00CD7B_rtc,[0],1
1618,3,S1C_IW_GRDH_1SDV_20260216T154053_20260216T154118_006383_00CD7B_rtc,S1A_IW_GRDH_1SDV_20260217T153346_20260217T153411_063261_07F16A_rtc,[1],3
1619,1,S1A_IW_GRDH_1SDV_20260217T153346_20260217T153411_063261_07F16A_rtc,S1A_IW_GRDH_1SDV_20260217T153346_20260217T153411_063261_07F16A_rtc,[1],1
1620,1,S1A_IW_GRDH_1SDV_20260217T153346_20260217T153411_063261_07F16A_rtc,S1A_IW_GRDH_1SDV_20260217T153346_20260217T153411_063261_07F16A_rtc,[1],1
1621,1,S1A_IW_GRDH_1SDV_20260217T153346_20260217T153411_063261_07F16A_rtc,S1A_IW_GRDH_1SDV_20260217T153346_20260217T153411_063261_07F16A_rtc,[1],1
1622,1,S1A_IW_GRDH_1SDV_20260217T153346_20260217T153411_063261_07F16A_rtc,S1A_IW_GRDH_1SDV_20260217T153346_20260217T153411_063261_07F16A_rtc,[2],1
1623,1,S1A_IW_GRDH_1SDV_20260217T153346_20260217T153411_063261_07F16A_rtc,S1A_IW_GRDH_1SDV_20260217T153346_20260217T153411_063261_07F16A_rtc,[2],1
1624,1,S1A_IW_GRDH_1SDV_20260217T153346_20260217T153411_063261_07F16A_rtc,S1A_IW_GRDH_1SDV_20260217T153346_20260217T153411_063261_07F16A_rtc,[2],1
1625,1,S1A_IW_GRDH_1SDV_20260217T153346_20260217T153411_063261_07F16A_rtc,S1A_IW_GRDH_1SDV_20260217T153346_20260217T153411_063261_07F16A_rtc,[2],1
1626,5,S1A_IW_GRDH_1SDV_20260301T153346_20260301T153411_063436_07F81D_rtc,S1C_IW_GRDH_1SDV_20260307T153230_20260307T153255_006660_00D716_rtc,[1],5
1627,1,S1A_IW_GRDH_1SDV_20260301T153346_20260301T153411_063436_07F81D_rtc,S1A_IW_GRDH_1SDV_20260301T153346_20260301T153411_063436_07F81D_rtc,[1],1
1628,4,S1A_IW_GRDH_1SDV_20260301T153346_20260301T153411_063436_07F81D_rtc,S1C_IW_GRDH_1SDV_20260307T153230_20260307T153255_006660_00D716_rtc,[1],4
1629,4,S1A_IW_GRDH_1SDV_20260301T153346_20260301T153411_063436_07F81D_rtc,S1C_IW_GRDH_1SDV_20260307T153230_20260307T153255_006660_00D716_rtc,[1],4
1630,1,S1A_IW_GRDH_1SDV_20260301T153346_20260301T153411_063436_07F81D_rtc,S1A_IW_GRDH_1SDV_20260301T153346_20260301T153411_063436_07F81D_rtc,[2],1
1631,8,S1A_IW_GRDH_1SDV_20260301T153346_20260301T153411_063436_07F81D_rtc,S1A_IW_GRDH_1SDV_20260318T154133_20260318T154158_063684_08016B_rtc,[1],8
1632,3,S1A_IW_GRDH_1SDV_20260301T153346_20260301T153411_063436_07F81D_rtc,S1A_IW_GRDH_1SDV_20260306T154133_20260306T154158_063509_07FADE_rtc,[2],3
1633,3,S1A_IW_GRDH_1SDV_20260301T153346_20260301T153411_063436_07F81D_rtc,S1C_IW_GRDH_1SDV_20260307T153230_20260307T153255_006660_00D716_rtc,[2],3
1634,4,S1A_IW_GRDH_1SDV_20260301T153346_20260301T153411_063436_07F81D_rtc,S1C_IW_GRDH_1SDV_20260307T153230_20260307T153255_006660_00D716_rtc,[2],4
1635,5,S1A_IW_GRDH_1SDV_20260301T153346_20260301T153411_063436_07F81D_rtc,S1C_IW_GRDH_1SDV_20260307T153230_20260307T153255_006660_00D716_rtc,[2],5
1636,3,S1A_IW_GRDH_1SDV_20260301T153346_20260301T153411_063436_07F81D_rtc,S1C_IW_GRDH_1SDV_20260307T153230_20260307T153255_006660_00D716_rtc,[2],3
1637,1,S1A_IW_GRDH_1SDV_20260301T153346_20260301T153411_063436_07F81D_rtc,S1A_IW_GRDH_1SDV_20260301T153346_20260301T153411_063436_07F81D_rtc,[2],1
1638,1,S1A_IW_GRDH_1SDV_20260301T153346_20260301T153411_063436_07F81D_rtc,S1A_IW_GRDH_1SDV_20260301T153346_20260301T153411_063436_07F81D_rtc,[2],1
1639,4,S1A_IW_GRDH_1SDV_20260301T153346_20260301T153411_063436_07F81D_rtc,S1C_IW_GRDH_1SDV_20260307T153230_20260307T153255_006660_00D716_rtc,[2],4
1640,1,S1A_IW_GRDH_1SDV_20260301T153346_20260301T153411_063436_07F81D_rtc,S1A_IW_GRDH_1SDV_20260301T153346_20260301T153411_063436_07F81D_rtc,[2],1
1641,1,S1A_IW_GRDH_1SDV_20260301T153346_20260301T153411_063436_07F81D_rtc,S1A_IW_GRDH_1SDV_20260301T153346_20260301T153411_063436_07F81D_rtc,[2],1
1642,1,S1A_IW_GRDH_1SDV_20260301T153346_20260301T153411_063436_07F81D_rtc,S1A_IW_GRDH_1SDV_20260301T153346_20260301T153411_063436_07F81D_rtc,[2],1
1643,1,S1A_IW_GRDH_1SDV_20260301T153346_20260301T153411_063436_07F81D_rtc,S1A_IW_GRDH_1SDV_20260301T153346_20260301T153411_063436_07F81D_rtc,[2],1
1644,1,S1A_IW_GRDH_1SDV_20260301T153346_20260301T153411_063436_07F81D_rtc,S1A_IW_GRDH_1SDV_20260301T153346_20260301T153411_063436_07F81D_rtc,[2],1
1645,1,S1A_IW_GRDH_1SDV_20260301T153346_20260301T153411_063436_07F81D_rtc,S1A_IW_GRDH_1SDV_20260301T153346_20260301T153411_063436_07F81D_rtc,[2],1
1646,3,S1A_IW_GRDH_1SDV_20260301T153346_20260301T153411_063436_07F81D_rtc,S1C_IW_GRDH_1SDV_20260307T153230_20260307T153255_006660_00D716_rtc,[2],3
1647,1,S1A_IW_GRDH_1SDV_20260301T153346_20260301T153411_063436_07F81D_rtc,S1A_IW_GRDH_1SDV_20260301T153346_20260301T153411_063436_07F81D_rtc,[2],1
1648,4,S1A_IW_GRDH_1SDV_20260301T153346_20260301T153411_063436_07F81D_rtc,S1C_IW_GRDH_1SDV_20260307T153230_20260307T153255_006660_00D716_rtc,[2],4
1649,1,S1A_IW_GRDH_1SDV_20260301T153346_20260301T153411_063436_07F81D_rtc,S1A_IW_GRDH_1SDV_20260301T153346_20260301T153411_063436_07F81D_rtc,[1],1
1650,4,S1A_IW_GRDH_1SDV_20260301T153346_20260301T153411_063436_07F81D_rtc,S1C_IW_GRDH_1SDV_20260307T153230_20260307T153255_006660_00D716_rtc,[1],4
1651,2,S1A_IW_GRDH_1SDV_20260301T153346_20260301T153411_063436_07F81D_rtc,S1A_IW_GRDH_1SDV_20260306T154133_20260306T154158_063509_07FADE_rtc,[1],2
1652,3,S1A_IW_GRDH_1SDV_20260301T153346_20260301T153411_063436_07F81D_rtc,S1C_IW_GRDH_1SDV_20260307T153230_20260307T153255_006660_00D716_rtc,[2],3
1653,2,S1A_IW_GRDH_1SDV_20260301T153346_20260301T153411_063436_07F81D_rtc,S1A_IW_GRDH_1SDV_20260306T154133_20260306T154158_063509_07FADE_rtc,[1],2
1654,13,S1A_IW_GRDH_1SDV_20260301T153346_20260301T153411_063436_07F81D_rtc,S1C_IW_GRDH_1SDV_20260319T153230_20260319T153255_006835_00DD1A_rtc,[1],13
1655,1,S1A_IW_GRDH_1SDV_20260301T153346_20260301T153411_063436_07F81D_rtc,S1A_IW_GRDH_1SDV_20260301T153346_20260301T153411_063436_07F81D_rtc,[1],1
1656,4,S1A_IW_GRDH_1SDV_20260301T153346_20260301T153411_063436_07F81D_rtc,S1C_IW_GRDH_1SDV_20260307T153230_20260307T153255_006660_00D716_rtc,[2],4
1657,3,S1A_IW_GRDH_1SDV_20260301T153346_20260301T153411_063436_07F81D_rtc,S1C_IW_GRDH_1SDV_20260307T153230_20260307T153255_006660_00D716_rtc,[2],3
1658,3,S1A_IW_GRDH_1SDV_20260301T153346_20260301T153411_063436_07F81D_rtc,S1C_IW_GRDH_1SDV_20260307T153230_20260307T153255_006660_00D716_rtc,[2],3
1659,1,S1A_IW_GRDH_1SDV_20260301T153346_20260301T153411_063436_07F81D_rtc,S1A_IW_GRDH_1SDV_20260301T153346_20260301T153411_063436_07F81D_rtc,[2],1
1660,5,S1A_IW_GRDH_1SDV_20260301T153346_20260301T153411_063436_07F81D_rtc,S1C_IW_GRDH_1SDV_20260307T153230_20260307T153255_006660_00D716_rtc,[2],5
1661,1,S1A_IW_GRDH_1SDV_20260301T153346_20260301T153411_063436_07F81D_rtc,S1A_IW_GRDH_1SDV_20260301T153346_20260301T153411_063436_07F81D_rtc,[2],1
1662,1,S1A_IW_GRDH_1SDV_20260301T153346_20260301T153411_063436_07F81D_rtc,S1A_IW_GRDH_1SDV_20260301T153346_20260301T153411_063436_07F81D_rtc,[1],1
1663,22,S1A_IW_GRDH_1SDV_20260301T153346_20260301T153411_063436_07F81D_rtc,S1C_IW_GRDH_1SDV_20260319T153230_20260319T153255_006835_00DD1A_rtc,[1],22
1664,1,S1A_IW_GRDH_1SDV_20260301T153346_20260301T153411_063436_07F81D_rtc,S1A_IW_GRDH_1SDV_20260301T153346_20260301T153411_063436_07F81D_rtc,[1],1
1665,1,S1A_IW_GRDH_1SDV_20260301T153346_20260301T153411_063436_07F81D_rtc,S1A_IW_GRDH_1SDV_20260301T153346_20260301T153411_063436_07F81D_rtc,[1],1
1666,1,S1A_IW_GRDH_1SDV_20260306T154133_20260306T154158_063509_07FADE_rtc,S1A_IW_GRDH_1SDV_20260306T154133_20260306T154158_063509_07FADE_rtc,[0],1
1667,1,S1A_IW_GRDH_1SDV_20260306T154133_20260306T154158_063509_07FADE_rtc,S1A_IW_GRDH_1SDV_20260306T154133_20260306T154158_063509_07FADE_rtc,[0],1
1668,1,S1A_IW_GRDH_1SDV_20260306T154133_20260306T154158_063509_07FADE_rtc,S1A_IW_GRDH_1SDV_20260306T154133_20260306T154158_063509_07FADE_rtc,[1],1
1669,2,S1A_IW_GRDH_1SDV_20260306T154133_20260306T154158_063509_07FADE_rtc,S1C_IW_GRDH_1SDV_20260307T153230_20260307T153255_006660_00D716_rtc,[1],2
1670,2,S1A_IW_GRDH_1SDV_20260306T154133_20260306T154158_063509_07FADE_rtc,S1C_IW_GRDH_1SDV_20260307T153230_20260307T153255_006660_00D716_rtc,[1],2
1671,1,S1A_IW_GRDH_1SDV_20260306T154133_20260306T154158_063509_07FADE_rtc,S1A_IW_GRDH_1SDV_20260306T154133_20260306T154158_063509_07FADE_rtc,[0],1
1672,3,S1A_IW_GRDH_1SDV_20260306T154133_20260306T154158_063509_07FADE_rtc,S1C_IW_GRDH_1SDV_20260307T153230_20260307T153255_006660_00D716_rtc,[0],3
1673,1,S1C_IW_GRDH_1SDV_20260307T153230_20260307T153255_006660_00D716_rtc,S1C_IW_GRDH_1SDV_20260307T153230_20260307T153255_006660_00D716_rtc,[1],1
1674,1,S1C_IW_GRDH_1SDV_20260307T153230_20260307T153255_006660_00D716_rtc,S1C_IW_GRDH_1SDV_20260307T153230_20260307T153255_006660_00D716_rtc,[2],1
1675,1,S1C_IW_GRDH_1SDV_20260307T153230_20260307T153255_006660_00D716_rtc,S1C_IW_GRDH_1SDV_20260307T153230_20260307T153255_006660_00D716_rtc,[2],1
1676,1,S1C_IW_GRDH_1SDV_20260307T153230_20260307T153255_006660_00D716_rtc,S1C_IW_GRDH_1SDV_20260307T153230_20260307T153255_006660_00D716_rtc,[2],1
1677,1,S1C_IW_GRDH_1SDV_20260307T153230_20260307T153255_006660_00D716_rtc,S1C_IW_GRDH_1SDV_20260307T153230_20260307T153255_006660_00D716_rtc,[2],1
1678,1,S1C_IW_GRDH_1SDV_20260307T153230_20260307T153255_006660_00D716_rtc,S1C_IW_GRDH_1SDV_20260307T153230_20260307T153255_006660_00D716_rtc,[2],1
1679,1,S1C_IW_GRDH_1SDV_20260307T153230_20260307T153255_006660_00D716_rtc,S1C_IW_GRDH_1SDV_20260307T153230_20260307T153255_006660_00D716_rtc,[0],1
1680,1,S1C_IW_GRDH_1SDV_20260307T153230_20260307T153255_006660_00D716_rtc,S1C_IW_GRDH_1SDV_20260307T153230_20260307T153255_006660_00D716_rtc,[1],1
1681,1,S1C_IW_GRDH_1SDV_20260307T153230_20260307T153255_006660_00D716_rtc,S1C_IW_GRDH_1SDV_20260307T153230_20260307T153255_006660_00D716_rtc,[1],1
1682,1,S1C_IW_GRDH_1SDV_20260307T153230_20260307T153255_006660_00D716_rtc,S1C_IW_GRDH_1SDV_20260307T153230_20260307T153255_006660_00D716_rtc,[1],1
1683,2,S1A_IW_GRDH_1SDV_20260313T153346_20260313T153411_063611_07FEBE_rtc,S1A_IW_GRDH_1SDV_20260318T154133_20260318T154158_063684_08016B_rtc,[1],2
1684,2,S1A_IW_GRDH_1SDV_20260313T153346_20260313T153411_063611_07FEBE_rtc,S1A_IW_GRDH_1SDV_20260318T154133_20260318T154158_063684_08016B_rtc,[1],2
1685,3,S1A_IW_GRDH_1SDV_20260313T153346_20260313T153411_063611_07FEBE_rtc,S1A_IW_GRDH_1SDV_20260318T154133_20260318T154158_063684_08016B_rtc,"[1, 2]",3
1686,1,S1A_IW_GRDH_1SDV_20260313T153346_20260313T153411_063611_07FEBE_rtc,S1A_IW_GRDH_1SDV_20260313T153346_20260313T153411_063611_07FEBE_rtc,[1],1
1687,1,S1A_IW_GRDH_1SDV_20260313T153346_20260313T153411_063611_07FEBE_rtc,S1A_IW_GRDH_1SDV_20260313T153346_20260313T153411_063611_07FEBE_rtc,[2],1
1688,2,S1A_IW_GRDH_1SDV_20260313T153346_20260313T153411_063611_07FEBE_rtc,S1A_IW_GRDH_1SDV_20260318T154133_20260318T154158_063684_08016B_rtc,[1],2
1689,3,S1A_IW_GRDH_1SDV_20260313T153346_20260313T153411_063611_07FEBE_rtc,S1A_IW_GRDH_1SDV_20260318T154133_20260318T154158_063684_08016B_rtc,[2],3
1690,1,S1A_IW_GRDH_1SDV_20260313T153346_20260313T153411_063611_07FEBE_rtc,S1A_IW_GRDH_1SDV_20260313T153346_20260313T153411_063611_07FEBE_rtc,[2],1
1691,1,S1A_IW_GRDH_1SDV_20260313T153346_20260313T153411_063611_07FEBE_rtc,S1A_IW_GRDH_1SDV_20260313T153346_20260313T153411_063611_07FEBE_rtc,[2],1
1692,1,S1A_IW_GRDH_1SDV_20260313T153346_20260313T153411_063611_07FEBE_rtc,S1A_IW_GRDH_1SDV_20260313T153346_20260313T153411_063611_07FEBE_rtc,[2],1
1693,3,S1A_IW_GRDH_1SDV_20260313T153346_20260313T153411_063611_07FEBE_rtc,S1A_IW_GRDH_1SDV_20260318T154133_20260318T154158_063684_08016B_rtc,[1],3
1694,2,S1A_IW_GRDH_1SDV_20260313T153346_20260313T153411_063611_07FEBE_rtc,S1A_IW_GRDH_1SDV_20260318T154133_20260318T154158_063684_08016B_rtc,[2],2
1695,3,S1A_IW_GRDH_1SDV_20260313T153346_20260313T153411_063611_07FEBE_rtc,S1C_IW_GRDH_1SDV_20260319T153230_20260319T153255_006835_00DD1A_rtc,[1],3
1696,7,S1A_IW_GRDH_1SDV_20260313T153346_20260313T153411_063611_07FEBE_rtc,S1C_IW_GRDH_1SDV_20260319T153230_20260319T153255_006835_00DD1A_rtc,[1],7
1697,4,S1A_IW_GRDH_1SDV_20260313T153346_20260313T153411_063611_07FEBE_rtc,S1C_IW_GRDH_1SDV_20260319T153230_20260319T153255_006835_00DD1A_rtc,[2],4
1698,1,S1A_IW_GRDH_1SDV_20260313T153346_20260313T153411_063611_07FEBE_rtc,S1A_IW_GRDH_1SDV_20260313T153346_20260313T153411_063611_07FEBE_rtc,[2],1
1699,3,S1A_IW_GRDH_1SDV_20260313T153346_20260313T153411_063611_07FEBE_rtc,S1C_IW_GRDH_1SDV_20260319T153230_20260319T153255_006835_00DD1A_rtc,[2],3
1700,7,S1A_IW_GRDH_1SDV_20260313T153346_20260313T153411_063611_07FEBE_rtc,S1C_IW_GRDH_1SDV_20260319T153230_20260319T153255_006835_00DD1A_rtc,[1],7
1701,1,S1A_IW_GRDH_1SDV_20260313T153346_20260313T153411_063611_07FEBE_rtc,S1A_IW_GRDH_1SDV_20260313T153346_20260313T153411_063611_07FEBE_rtc,[1],1
1702,4,S1A_IW_GRDH_1SDV_20260313T153346_20260313T153411_063611_07FEBE_rtc,S1C_IW_GRDH_1SDV_20260319T153230_20260319T153255_006835_00DD1A_rtc,[2],4
1703,5,S1A_IW_GRDH_1SDV_20260313T153346_20260313T153411_063611_07FEBE_rtc,S1C_IW_GRDH_1SDV_20260319T153230_20260319T153255_006835_00DD1A_rtc,[2],5
1704,7,S1A_IW_GRDH_1SDV_20260313T153346_20260313T153411_063611_07FEBE_rtc,S1C_IW_GRDH_1SDV_20260319T153230_20260319T153255_006835_00DD1A_rtc,[2],7
1705,3,S1A_IW_GRDH_1SDV_20260313T153346_20260313T153411_063611_07FEBE_rtc,S1A_IW_GRDH_1SDV_20260318T154133_20260318T154158_063684_08016B_rtc,[2],3
1706,2,S1A_IW_GRDH_1SDV_20260313T153346_20260313T153411_063611_07FEBE_rtc,S1A_IW_GRDH_1SDV_20260318T154133_20260318T154158_063684_08016B_rtc,[2],2
1707,1,S1A_IW_GRDH_1SDV_20260313T153346_20260313T153411_063611_07FEBE_rtc,S1A_IW_GRDH_1SDV_20260313T153346_20260313T153411_063611_07FEBE_rtc,[2],1
1708,9,S1A_IW_GRDH_1SDV_20260313T153346_20260313T153411_063611_07FEBE_rtc,S1C_IW_GRDH_1SDV_20260319T153230_20260319T153255_006835_00DD1A_rtc,[2],9
1709,1,S1A_IW_GRDH_1SDV_20260313T153346_20260313T153411_063611_07FEBE_rtc,S1A_IW_GRDH_1SDV_20260313T153346_20260313T153411_063611_07FEBE_rtc,[2],1
1710,1,S1A_IW_GRDH_1SDV_20260313T153346_20260313T153411_063611_07FEBE_rtc,S1A_IW_GRDH_1SDV_20260313T153346_20260313T153411_063611_07FEBE_rtc,[2],1
1711,3,S1A_IW_GRDH_1SDV_20260313T153346_20260313T153411_063611_07FEBE_rtc,S1C_IW_GRDH_1SDV_20260319T153230_20260319T153255_006835_00DD1A_rtc,[1],3
1712,1,S1A_IW_GRDH_1SDV_20260313T153346_20260313T153411_063611_07FEBE_rtc,S1A_IW_GRDH_1SDV_20260313T153346_20260313T153411_063611_07FEBE_rtc,[1],1
1713,3,S1A_IW_GRDH_1SDV_20260313T153346_20260313T153411_063611_07FEBE_rtc,S1C_IW_GRDH_1SDV_20260319T153230_20260319T153255_006835_00DD1A_rtc,[1],3
1714,4,S1A_IW_GRDH_1SDV_20260313T153346_20260313T153411_063611_07FEBE_rtc,S1C_IW_GRDH_1SDV_20260319T153230_20260319T153255_006835_00DD1A_rtc,"[1, 2]",4
1715,4,S1A_IW_GRDH_1SDV_20260313T153346_20260313T153411_063611_07FEBE_rtc,S1C_IW_GRDH_1SDV_20260319T153230_20260319T153255_006835_00DD1A_rtc,[2],4
1716,4,S1A_IW_GRDH_1SDV_20260313T153346_20260313T153411_063611_07FEBE_rtc,S1C_IW_GRDH_1SDV_20260319T153230_20260319T153255_006835_00DD1A_rtc,[2],4
1717,1,S1A_IW_GRDH_1SDV_20260313T153346_20260313T153411_063611_07FEBE_rtc,S1A_IW_GRDH_1SDV_20260313T153346_20260313T153411_063611_07FEBE_rtc,[2],1
1718,2,S1A_IW_GRDH_1SDV_20260313T153346_20260313T153411_063611_07FEBE_rtc,S1A_IW_GRDH_1SDV_20260318T154133_20260318T154158_063684_08016B_rtc,[2],2
1719,3,S1A_IW_GRDH_1SDV_20260313T153346_20260313T153411_063611_07FEBE_rtc,S1C_IW_GRDH_1SDV_20260319T153230_20260319T153255_006835_00DD1A_rtc,[2],3
1720,3,S1A_IW_GRDH_1SDV_20260313T153346_20260313T153411_063611_07FEBE_rtc,S1A_IW_GRDH_1SDV_20260318T154133_20260318T154158_063684_08016B_rtc,[2],3
1721,4,S1A_IW_GRDH_1SDV_20260313T153346_20260313T153411_063611_07FEBE_rtc,S1C_IW_GRDH_1SDV_20260319T153230_20260319T153255_006835_00DD1A_rtc,[2],4
1722,1,S1A_IW_GRDH_1SDV_20260313T153346_20260313T153411_063611_07FEBE_rtc,S1A_IW_GRDH_1SDV_20260313T153346_20260313T153411_063611_07FEBE_rtc,[2],1
1723,3,S1A_IW_GRDH_1SDV_20260313T153346_20260313T153411_063611_07FEBE_rtc,S1C_IW_GRDH_1SDV_20260319T153230_20260319T153255_006835_00DD1A_rtc,[2],3
1724,1,S1A_IW_GRDH_1SDV_20260318T154133_20260318T154158_063684_08016B_rtc,S1A_IW_GRDH_1SDV_20260318T154133_20260318T154158_063684_08016B_rtc,[2],1
1725,1,S1A_IW_GRDH_1SDV_20260318T154133_20260318T154158_063684_08016B_rtc,S1A_IW_GRDH_1SDV_20260318T154133_20260318T154158_063684_08016B_rtc,[2],1
1726,1,S1A_IW_GRDH_1SDV_20260318T154133_20260318T154158_063684_08016B_rtc,S1A_IW_GRDH_1SDV_20260318T154133_20260318T154158_063684_08016B_rtc,[2],1
1727,1,S1A_IW_GRDH_1SDV_20260318T154133_20260318T154158_063684_08016B_rtc,S1A_IW_GRDH_1SDV_20260318T154133_20260318T154158_063684_08016B_rtc,[2],1
1728,1,S1A_IW_GRDH_1SDV_20260318T154133_20260318T154158_063684_08016B_rtc,S1A_IW_GRDH_1SDV_20260318T154133_20260318T154158_063684_08016B_rtc,[2],1
1729,1,S1A_IW_GRDH_1SDV_20260318T154133_20260318T154158_063684_08016B_rtc,S1A_IW_GRDH_1SDV_20260318T154133_20260318T154158_063684_08016B_rtc,[1],1
1730,1,S1C_IW_GRDH_1SDV_20260319T153230_20260319T153255_006835_00DD1A_rtc,S1C_IW_GRDH_1SDV_20260319T153230_20260319T153255_006835_00DD1A_rtc,[2],1
1731,2,S1C_IW_GRDH_1SDV_20260405T154054_20260405T154119_007083_00E57A_rtc,S1A_IW_GRDH_1SDV_20260406T153346_20260406T153411_063961_080BC8_rtc,[1],2
1732,2,S1C_IW_GRDH_1SDV_20260405T154054_20260405T154119_007083_00E57A_rtc,S1A_IW_GRDH_1SDV_20260406T153346_20260406T153411_063961_080BC8_rtc,[1],2
1733,2,S1C_IW_GRDH_1SDV_20260405T154054_20260405T154119_007083_00E57A_rtc,S1A_IW_GRDH_1SDV_20260406T153346_20260406T153411_063961_080BC8_rtc,[1],2
1734,2,S1C_IW_GRDH_1SDV_20260405T154054_20260405T154119_007083_00E57A_rtc,S1A_IW_GRDH_1SDV_20260406T153346_20260406T153411_063961_080BC8_rtc,[2],2
1735,10,S1C_IW_GRDH_1SDV_20260405T154054_20260405T154119_007083_00E57A_rtc,S1A_IW_GRDH_1SDV_20260418T153346_20260418T153411_064136_081258_rtc,[2],10
1736,3,S1C_IW_GRDH_1SDV_20260405T154054_20260405T154119_007083_00E57A_rtc,S1A_IW_GRDH_1SDV_20260406T153346_20260406T153411_063961_080BC8_rtc,[2],3
1737,2,S1C_IW_GRDH_1SDV_20260405T154054_20260405T154119_007083_00E57A_rtc,S1A_IW_GRDH_1SDV_20260406T153346_20260406T153411_063961_080BC8_rtc,[2],2
1738,18,S1C_IW_GRDH_1SDV_20260405T154054_20260405T154119_007083_00E57A_rtc,S1A_IW_GRDH_1SDV_20260418T153346_20260418T153411_064136_081258_rtc,[2],18
1739,15,S1C_IW_GRDH_1SDV_20260405T154054_20260405T154119_007083_00E57A_rtc,S1A_IW_GRDH_1SDV_20260418T153346_20260418T153411_064136_081258_rtc,[2],15
1740,1,S1C_IW_GRDH_1SDV_20260405T154054_20260405T154119_007083_00E57A_rtc,S1C_IW_GRDH_1SDV_20260405T154054_20260405T154119_007083_00E57A_rtc,[2],1
1741,1,S1C_IW_GRDH_1SDV_20260405T154054_20260405T154119_007083_00E57A_rtc,S1C_IW_GRDH_1SDV_20260405T154054_20260405T154119_007083_00E57A_rtc,[2],1
1742,8,S1C_IW_GRDH_1SDV_20260405T154054_20260405T154119_007083_00E57A_rtc,S1A_IW_GRDH_1SDV_20260418T153346_20260418T153411_064136_081258_rtc,[2],8
1743,1,S1C_IW_GRDH_1SDV_20260405T154054_20260405T154119_007083_00E57A_rtc,S1C_IW_GRDH_1SDV_20260405T154054_20260405T154119_007083_00E57A_rtc,[2],1
1744,3,S1C_IW_GRDH_1SDV_20260405T154054_20260405T154119_007083_00E57A_rtc,S1A_IW_GRDH_1SDV_20260411T154133_20260411T154158_064034_080E83_rtc,[2],3
1745,8,S1C_IW_GRDH_1SDV_20260405T154054_20260405T154119_007083_00E57A_rtc,S1C_IW_GRDH_1SDV_20260417T154054_20260417T154119_007258_00EB5F_rtc,[2],8
1746,1,S1C_IW_GRDH_1SDV_20260405T154054_20260405T154119_007083_00E57A_rtc,S1C_IW_GRDH_1SDV_20260405T154054_20260405T154119_007083_00E57A_rtc,[2],1
1747,8,S1C_IW_GRDH_1SDV_20260405T154054_20260405T154119_007083_00E57A_rtc,S1A_IW_GRDH_1SDV_20260418T153346_20260418T153411_064136_081258_rtc,[2],8
1748,4,S1C_IW_GRDH_1SDV_20260405T154054_20260405T154119_007083_00E57A_rtc,S1A_IW_GRDH_1SDV_20260406T153346_20260406T153411_063961_080BC8_rtc,[2],4
1749,1,S1C_IW_GRDH_1SDV_20260405T154054_20260405T154119_007083_00E57A_rtc,S1C_IW_GRDH_1SDV_20260405T154054_20260405T154119_007083_00E57A_rtc,[2],1
1750,13,S1C_IW_GRDH_1SDV_20260405T154054_20260405T154119_007083_00E57A_rtc,S1A_IW_GRDH_1SDV_20260418T153346_20260418T153411_064136_081258_rtc,[2],13
1751,2,S1C_IW_GRDH_1SDV_20260405T154054_20260405T154119_007083_00E57A_rtc,S1A_IW_GRDH_1SDV_20260406T153346_20260406T153411_063961_080BC8_rtc,[2],2
1752,2,S1C_IW_GRDH_1SDV_20260405T154054_20260405T154119_007083_00E57A_rtc,S1A_IW_GRDH_1SDV_20260406T153346_20260406T153411_063961_080BC8_rtc,[2],2
1753,11,S1C_IW_GRDH_1SDV_20260405T154054_20260405T154119_007083_00E57A_rtc,S1A_IW_GRDH_1SDV_20260418T153346_20260418T153411_064136_081258_rtc,[2],11
1754,1,S1C_IW_GRDH_1SDV_20260405T154054_20260405T154119_007083_00E57A_rtc,S1C_IW_GRDH_1SDV_20260405T154054_20260405T154119_007083_00E57A_rtc,[2],1
1755,4,S1C_IW_GRDH_1SDV_20260405T154054_20260405T154119_007083_00E57A_rtc,S1C_IW_GRDH_1SDV_20260412T153231_20260412T153256_007185_00E8F2_rtc,[1],4
1756,1,S1C_IW_GRDH_1SDV_20260405T154054_20260405T154119_007083_00E57A_rtc,S1C_IW_GRDH_1SDV_20260405T154054_20260405T154119_007083_00E57A_rtc,[1],1
1757,7,S1C_IW_GRDH_1SDV_20260405T154054_20260405T154119_007083_00E57A_rtc,S1C_IW_GRDH_1SDV_20260417T154054_20260417T154119_007258_00EB5F_rtc,[1],7
1758,2,S1C_IW_GRDH_1SDV_20260405T154054_20260405T154119_007083_00E57A_rtc,S1A_IW_GRDH_1SDV_20260406T153346_20260406T153411_063961_080BC8_rtc,[1],2
1759,1,S1A_IW_GRDH_1SDV_20260406T153346_20260406T153411_063961_080BC8_rtc,S1A_IW_GRDH_1SDV_20260406T153346_20260406T153411_063961_080BC8_rtc,[1],1
1760,1,S1A_IW_GRDH_1SDV_20260406T153346_20260406T153411_063961_080BC8_rtc,S1A_IW_GRDH_1SDV_20260406T153346_20260406T153411_063961_080BC8_rtc,[1],1
1761,1,S1A_IW_GRDH_1SDV_20260406T153346_20260406T153411_063961_080BC8_rtc,S1A_IW_GRDH_1SDV_20260406T153346_20260406T153411_063961_080BC8_rtc,[1],1
1762,1,S1A_IW_GRDH_1SDV_20260406T153346_20260406T153411_063961_080BC8_rtc,S1A_IW_GRDH_1SDV_20260406T153346_20260406T153411_063961_080BC8_rtc,[1],1
1763,1,S1A_IW_GRDH_1SDV_20260406T153346_20260406T153411_063961_080BC8_rtc,S1A_IW_GRDH_1SDV_20260406T153346_20260406T153411_063961_080BC8_rtc,[1],1
1764,16,S1A_IW_GRDH_1SDV_20260406T153346_20260406T153411_063961_080BC8_rtc,S1A_IW_GRDH_1SDV_20260418T153346_20260418T153411_064136_081258_rtc,"[1, 2]",16
1765,1,S1A_IW_GRDH_1SDV_20260406T153346_20260406T153411_063961_080BC8_rtc,S1A_IW_GRDH_1SDV_20260406T153346_20260406T153411_063961_080BC8_rtc,[1],1
1766,1,S1A_IW_GRDH_1SDV_20260406T153346_20260406T153411_063961_080BC8_rtc,S1A_IW_GRDH_1SDV_20260406T153346_20260406T153411_063961_080BC8_rtc,[1],1
1767,1,S1A_IW_GRDH_1SDV_20260406T153346_20260406T153411_063961_080BC8_rtc,S1A_IW_GRDH_1SDV_20260406T153346_20260406T153411_063961_080BC8_rtc,[1],1
1768,1,S1A_IW_GRDH_1SDV_20260406T153346_20260406T153411_063961_080BC8_rtc,S1A_IW_GRDH_1SDV_20260406T153346_20260406T153411_063961_080BC8_rtc,[1],1
1769,1,S1A_IW_GRDH_1SDV_20260406T153346_20260406T153411_063961_080BC8_rtc,S1A_IW_GRDH_1SDV_20260406T153346_20260406T153411_063961_080BC8_rtc,[1],1
1770,2,S1A_IW_GRDH_1SDV_20260411T154133_20260411T154158_064034_080E83_rtc,S1C_IW_GRDH_1SDV_20260412T153231_20260412T153256_007185_00E8F2_rtc,[0],2
1771,2,S1A_IW_GRDH_1SDV_20260411T154133_20260411T154158_064034_080E83_rtc,S1C_IW_GRDH_1SDV_20260412T153231_20260412T153256_007185_00E8F2_rtc,[1],2
1772,2,S1A_IW_GRDH_1SDV_20260411T154133_20260411T154158_064034_080E83_rtc,S1C_IW_GRDH_1SDV_20260412T153231_20260412T153256_007185_00E8F2_rtc,[1],2
1773,1,S1A_IW_GRDH_1SDV_20260411T154133_20260411T154158_064034_080E83_rtc,S1A_IW_GRDH_1SDV_20260411T154133_20260411T154158_064034_080E83_rtc,[1],1
1774,2,S1A_IW_GRDH_1SDV_20260411T154133_20260411T154158_064034_080E83_rtc,S1C_IW_GRDH_1SDV_20260412T153231_20260412T153256_007185_00E8F2_rtc,[1],2
1775,1,S1A_IW_GRDH_1SDV_20260411T154133_20260411T154158_064034_080E83_rtc,S1A_IW_GRDH_1SDV_20260411T154133_20260411T154158_064034_080E83_rtc,[1],1
1776,2,S1A_IW_GRDH_1SDV_20260411T154133_20260411T154158_064034_080E83_rtc,S1C_IW_GRDH_1SDV_20260412T153231_20260412T153256_007185_00E8F2_rtc,[1],2
1777,1,S1A_IW_GRDH_1SDV_20260411T154133_20260411T154158_064034_080E83_rtc,S1A_IW_GRDH_1SDV_20260411T154133_20260411T154158_064034_080E83_rtc,[1],1
1778,1,S1A_IW_GRDH_1SDV_20260411T154133_20260411T154158_064034_080E83_rtc,S1A_IW_GRDH_1SDV_20260411T154133_20260411T154158_064034_080E83_rtc,[1],1
1779,1,S1A_IW_GRDH_1SDV_20260411T154133_20260411T154158_064034_080E83_rtc,S1A_IW_GRDH_1SDV_20260411T154133_20260411T154158_064034_080E83_rtc,[1],1
1780,1,S1A_IW_GRDH_1SDV_20260411T154133_20260411T154158_064034_080E83_rtc,S1A_IW_GRDH_1SDV_20260411T154133_20260411T154158_064034_080E83_rtc,[2],1
1781,6,S1A_IW_GRDH_1SDV_20260411T154133_20260411T154158_064034_080E83_rtc,S1A_IW_GRDH_1SDV_20260418T153346_20260418T153411_064136_081258_rtc,[1],6
1782,4,S1A_IW_GRDH_1SDV_20260411T154133_20260411T154158_064034_080E83_rtc,S1A_IW_GRDH_1SDV_20260418T153346_20260418T153411_064136_081258_rtc,[1],4
1783,3,S1A_IW_GRDH_1SDV_20260411T154133_20260411T154158_064034_080E83_rtc,S1C_IW_GRDH_1SDV_20260417T154054_20260417T154119_007258_00EB5F_rtc,[1],3
1784,1,S1A_IW_GRDH_1SDV_20260411T154133_20260411T154158_064034_080E83_rtc,S1A_IW_GRDH_1SDV_20260411T154133_20260411T154158_064034_080E83_rtc,[1],1
1785,2,S1A_IW_GRDH_1SDV_20260411T154133_20260411T154158_064034_080E83_rtc,S1C_IW_GRDH_1SDV_20260412T153231_20260412T153256_007185_00E8F2_rtc,[1],2
1786,3,S1C_IW_GRDH_1SDV_20260412T153231_20260412T153256_007185_00E8F2_rtc,S1C_IW_GRDH_1SDV_20260417T154054_20260417T154119_007258_00EB5F_rtc,[1],3
1787,1,S1C_IW_GRDH_1SDV_20260412T153231_20260412T153256_007185_00E8F2_rtc,S1C_IW_GRDH_1SDV_20260412T153231_20260412T153256_007185_00E8F2_rtc,[2],1
1788,1,S1C_IW_GRDH_1SDV_20260412T153231_20260412T153256_007185_00E8F2_rtc,S1C_IW_GRDH_1SDV_20260412T153231_20260412T153256_007185_00E8F2_rtc,[0],1
1789,1,S1C_IW_GRDH_1SDV_20260412T153231_20260412T153256_007185_00E8F2_rtc,S1C_IW_GRDH_1SDV_20260412T153231_20260412T153256_007185_00E8F2_rtc,[0],1
1790,3,S1C_IW_GRDH_1SDV_20260412T153231_20260412T153256_007185_00E8F2_rtc,S1A_IW_GRDH_1SDV_20260418T153346_20260418T153411_064136_081258_rtc,[1],3
1791,2,S1C_IW_GRDH_1SDV_20260412T153231_20260412T153256_007185_00E8F2_rtc,S1C_IW_GRDH_1SDV_20260417T154054_20260417T154119_007258_00EB5F_rtc,[1],2
1792,4,S1C_IW_GRDH_1SDV_20260412T153231_20260412T153256_007185_00E8F2_rtc,S1A_IW_GRDH_1SDV_20260418T153346_20260418T153411_064136_081258_rtc,[1],4
1793,2,S1C_IW_GRDH_1SDV_20260412T153231_20260412T153256_007185_00E8F2_rtc,S1C_IW_GRDH_1SDV_20260417T154054_20260417T154119_007258_00EB5F_rtc,"[1, 2]",2
1794,2,S1C_IW_GRDH_1SDV_20260412T153231_20260412T153256_007185_00E8F2_rtc,S1C_IW_GRDH_1SDV_20260417T154054_20260417T154119_007258_00EB5F_rtc,[1],2
1795,4,S1C_IW_GRDH_1SDV_20260412T153231_20260412T153256_007185_00E8F2_rtc,S1A_IW_GRDH_1SDV_20260418T153346_20260418T153411_064136_081258_rtc,[1],4
1796,3,S1C_IW_GRDH_1SDV_20260412T153231_20260412T153256_007185_00E8F2_rtc,S1A_IW_GRDH_1SDV_20260418T153346_20260418T153411_064136_081258_rtc,[2],3
1797,1,S1C_IW_GRDH_1SDV_20260412T153231_20260412T153256_007185_00E8F2_rtc,S1C_IW_GRDH_1SDV_20260412T153231_20260412T153256_007185_00E8F2_rtc,[1],1
1798,3,S1C_IW_GRDH_1SDV_20260412T153231_20260412T153256_007185_00E8F2_rtc,S1A_IW_GRDH_1SDV_20260418T153346_20260418T153411_064136_081258_rtc,[1],3
1799,4,S1C_IW_GRDH_1SDV_20260412T153231_20260412T153256_007185_00E8F2_rtc,S1A_IW_GRDH_1SDV_20260418T153346_20260418T153411_064136_081258_rtc,"[1, 2]",4
1800,1,S1C_IW_GRDH_1SDV_20260412T153231_20260412T153256_007185_00E8F2_rtc,S1C_IW_GRDH_1SDV_20260412T153231_20260412T153256_007185_00E8F2_rtc,[1],1
1801,2,S1C_IW_GRDH_1SDV_20260417T154054_20260417T154119_007258_00EB5F_rtc,S1A_IW_GRDH_1SDV_20260418T153346_20260418T153411_064136_081258_rtc,[1],2
1802,1,S1C_IW_GRDH_1SDV_20260417T154054_20260417T154119_007258_00EB5F_rtc,S1C_IW_GRDH_1SDV_20260417T154054_20260417T154119_007258_00EB5F_rtc,[1],1
1803,1,S1C_IW_GRDH_1SDV_20260417T154054_20260417T154119_007258_00EB5F_rtc,S1C_IW_GRDH_1SDV_20260417T154054_20260417T154119_007258_00EB5F_rtc,[1],1
1804,1,S1C_IW_GRDH_1SDV_20260417T154054_20260417T154119_007258_00EB5F_rtc,S1C_IW_GRDH_1SDV_20260417T154054_20260417T154119_007258_00EB5F_rtc,[1],1
1805,1,S1C_IW_GRDH_1SDV_20260417T154054_20260417T154119_007258_00EB5F_rtc,S1C_IW_GRDH_1SDV_20260417T154054_20260417T154119_007258_00EB5F_rtc,[2],1
1806,1,S1C_IW_GRDH_1SDV_20260417T154054_20260417T154119_007258_00EB5F_rtc,S1C_IW_GRDH_1SDV_20260417T154054_20260417T154119_007258_00EB5F_rtc,[2],1
1807,1,S1C_IW_GRDH_1SDV_20260417T154054_20260417T154119_007258_00EB5F_rtc,S1C_IW_GRDH_1SDV_20260417T154054_20260417T154119_007258_00EB5F_rtc,[2],1
1808,1,S1C_IW_GRDH_1SDV_20260417T154054_20260417T154119_007258_00EB5F_rtc,S1C_IW_GRDH_1SDV_20260417T154054_20260417T154119_007258_00EB5F_rtc,[2],1
1809,1,S1C_IW_GRDH_1SDV_20260417T154054_20260417T154119_007258_00EB5F_rtc,S1C_IW_GRDH_1SDV_20260417T154054_20260417T154119_007258_00EB5F_rtc,[2],1
1810,1,S1C_IW_GRDH_1SDV_20260417T154054_20260417T154119_007258_00EB5F_rtc,S1C_IW_GRDH_1SDV_20260417T154054_20260417T154119_007258_00EB5F_rtc,[2],1
1811,1,S1C_IW_GRDH_1SDV_20260417T154054_20260417T154119_007258_00EB5F_rtc,S1C_IW_GRDH_1SDV_20260417T154054_20260417T154119_007258_00EB5F_rtc,[2],1
1812,1,S1C_IW_GRDH_1SDV_20260417T154054_20260417T154119_007258_00EB5F_rtc,S1C_IW_GRDH_1SDV_20260417T154054_20260417T154119_007258_00EB5F_rtc,[2],1
1813,1,S1C_IW_GRDH_1SDV_20260417T154054_20260417T154119_007258_00EB5F_rtc,S1C_IW_GRDH_1SDV_20260417T154054_20260417T154119_007258_00EB5F_rtc,[2],1
1814,1,S1C_IW_GRDH_1SDV_20260417T154054_20260417T154119_007258_00EB5F_rtc,S1C_IW_GRDH_1SDV_20260417T154054_20260417T154119_007258_00EB5F_rtc,[2],1
1815,1,S1C_IW_GRDH_1SDV_20260417T154054_20260417T154119_007258_00EB5F_rtc,S1C_IW_GRDH_1SDV_20260417T154054_20260417T154119_007258_00EB5F_rtc,[2],1
1816,1,S1C_IW_GRDH_1SDV_20260417T154054_20260417T154119_007258_00EB5F_rtc,S1C_IW_GRDH_1SDV_20260417T154054_20260417T154119_007258_00EB5F_rtc,[1],1
1817,2,S1C_IW_GRDH_1SDV_20260417T154054_20260417T154119_007258_00EB5F_rtc,S1A_IW_GRDH_1SDV_20260418T153346_20260418T153411_064136_081258_rtc,[1],2
1818,1,S1C_IW_GRDH_1SDV_20260417T154054_20260417T154119_007258_00EB5F_rtc,S1C_IW_GRDH_1SDV_20260417T154054_20260417T154119_007258_00EB5F_rtc,[2],1
1819,2,S1C_IW_GRDH_1SDV_20260417T154054_20260417T154119_007258_00EB5F_rtc,S1A_IW_GRDH_1SDV_20260418T153346_20260418T153411_064136_081258_rtc,[1],2
1820,1,S1C_IW_GRDH_1SDV_20260417T154054_20260417T154119_007258_00EB5F_rtc,S1C_IW_GRDH_1SDV_20260417T154054_20260417T154119_007258_00EB5F_rtc,[1],1
1821,1,S1C_IW_GRDH_1SDV_20260417T154054_20260417T154119_007258_00EB5F_rtc,S1C_IW_GRDH_1SDV_20260417T154054_20260417T154119_007258_00EB5F_rtc,[1],1
1822,1,S1C_IW_GRDH_1SDV_20260417T154054_20260417T154119_007258_00EB5F_rtc,S1C_IW_GRDH_1SDV_20260417T154054_20260417T154119_007258_00EB5F_rtc,[0],1
1823,1,S1C_IW_GRDH_1SDV_20260417T154054_20260417T154119_007258_00EB5F_rtc,S1C_IW_GRDH_1SDV_20260417T154054_20260417T154119_007258_00EB5F_rtc,[0],1
1824,2,S1C_IW_GRDH_1SDV_20260417T154054_20260417T154119_007258_00EB5F_rtc,S1A_IW_GRDH_1SDV_20260418T153346_20260418T153411_064136_081258_rtc,[1],2
1825,1,S1C_IW_GRDH_1SDV_20260417T154054_20260417T154119_007258_00EB5F_rtc,S1C_IW_GRDH_1SDV_20260417T154054_20260417T154119_007258_00EB5F_rtc,[1],1
1826,1,S1C_IW_GRDH_1SDV_20260417T154054_20260417T154119_007258_00EB5F_rtc,S1C_IW_GRDH_1SDV_20260417T154054_20260417T154119_007258_00EB5F_rtc,[2],1
1827,1,S1A_IW_GRDH_1SDV_20260418T153346_20260418T153411_064136_081258_rtc,S1A_IW_GRDH_1SDV_20260418T153346_20260418T153411_064136_081258_rtc,[0],1
1828,1,S1A_IW_GRDH_1SDV_20260418T153346_20260418T153411_064136_081258_rtc,S1A_IW_GRDH_1SDV_20260418T153346_20260418T153411_064136_081258_rtc,[0],1
1829,1,S1A_IW_GRDH_1SDV_20260418T153346_20260418T153411_064136_081258_rtc,S1A_IW_GRDH_1SDV_20260418T153346_20260418T153411_064136_081258_rtc,[0],1
1830,1,S1A_IW_GRDH_1SDV_20260418T153346_20260418T153411_064136_081258_rtc,S1A_IW_GRDH_1SDV_20260418T153346_20260418T153411_064136_081258_rtc,[1],1
1831,1,S1A_IW_GRDH_1SDV_20260418T153346_20260418T153411_064136_081258_rtc,S1A_IW_GRDH_1SDV_20260418T153346_20260418T153411_064136_081258_rtc,[0],1
1832,1,S1A_IW_GRDH_1SDV_20260418T153346_20260418T153411_064136_081258_rtc,S1A_IW_GRDH_1SDV_20260418T153346_20260418T153411_064136_081258_rtc,[1],1
1833,1,S1A_IW_GRDH_1SDV_20260418T153346_20260418T153411_064136_081258_rtc,S1A_IW_GRDH_1SDV_20260418T153346_20260418T153411_064136_081258_rtc,[1],1
1834,17,S1A_IW_GRDH_1SDV_20260505T154132_20260505T154157_064384_081B86_rtc,S1C_IW_GRDH_1SDV_20260518T153233_20260518T153258_007710_00FAB5_rtc,[2],17
1835,2,S1A_IW_GRDH_1SDV_20260505T154132_20260505T154157_064384_081B86_rtc,S1C_IW_GRDH_1SDV_20260506T153232_20260506T153257_007535_00F4CC_rtc,[2],2
1836,3,S1A_IW_GRDH_1SDV_20260505T154132_20260505T154157_064384_081B86_rtc,S1C_IW_GRDH_1SDV_20260506T153232_20260506T153257_007535_00F4CC_rtc,[2],3
1837,1,S1A_IW_GRDH_1SDV_20260505T154132_20260505T154157_064384_081B86_rtc,S1A_IW_GRDH_1SDV_20260505T154132_20260505T154157_064384_081B86_rtc,[1],1
1838,3,S1A_IW_GRDH_1SDV_20260505T154132_20260505T154157_064384_081B86_rtc,S1C_IW_GRDH_1SDV_20260506T153232_20260506T153257_007535_00F4CC_rtc,[2],3
1839,23,S1A_IW_GRDH_1SDV_20260505T154132_20260505T154157_064384_081B86_rtc,S1C_IW_GRDH_1SDV_20260518T153233_20260518T153258_007710_00FAB5_rtc,[2],23
1840,8,S1A_IW_GRDH_1SDV_20260505T154132_20260505T154157_064384_081B86_rtc,S1D_IW_GRDH_1SDV_20260512T154106_20260512T154131_002753_004A5B_rtc,[1],8
1841,1,S1A_IW_GRDH_1SDV_20260505T154132_20260505T154157_064384_081B86_rtc,S1A_IW_GRDH_1SDV_20260505T154132_20260505T154157_064384_081B86_rtc,[1],1
1842,10,S1A_IW_GRDH_1SDV_20260505T154132_20260505T154157_064384_081B86_rtc,S1C_IW_GRDH_1SDV_20260518T153233_20260518T153258_007710_00FAB5_rtc,[2],10
1843,6,S1A_IW_GRDH_1SDV_20260505T154132_20260505T154157_064384_081B86_rtc,S1A_IW_GRDH_1SDV_20260517T154132_20260517T154157_064559_0821B3_rtc,[2],6
1844,5,S1A_IW_GRDH_1SDV_20260505T154132_20260505T154157_064384_081B86_rtc,S1A_IW_GRDH_1SDV_20260512T153345_20260512T153410_064486_081F2C_rtc,[2],5
1845,2,S1A_IW_GRDH_1SDV_20260505T154132_20260505T154157_064384_081B86_rtc,S1C_IW_GRDH_1SDV_20260506T153232_20260506T153257_007535_00F4CC_rtc,[2],2
1846,19,S1A_IW_GRDH_1SDV_20260505T154132_20260505T154157_064384_081B86_rtc,S1C_IW_GRDH_1SDV_20260518T153233_20260518T153258_007710_00FAB5_rtc,[2],19
1847,6,S1A_IW_GRDH_1SDV_20260505T154132_20260505T154157_064384_081B86_rtc,S1A_IW_GRDH_1SDV_20260512T153345_20260512T153410_064486_081F2C_rtc,[2],6
1848,4,S1A_IW_GRDH_1SDV_20260505T154132_20260505T154157_064384_081B86_rtc,S1A_IW_GRDH_1SDV_20260512T153345_20260512T153410_064486_081F2C_rtc,[2],4
1849,3,S1A_IW_GRDH_1SDV_20260505T154132_20260505T154157_064384_081B86_rtc,S1C_IW_GRDH_1SDV_20260506T153232_20260506T153257_007535_00F4CC_rtc,[1],3
1850,1,S1A_IW_GRDH_1SDV_20260505T154132_20260505T154157_064384_081B86_rtc,S1A_IW_GRDH_1SDV_20260505T154132_20260505T154157_064384_081B86_rtc,[2],1
1851,1,S1A_IW_GRDH_1SDV_20260505T154132_20260505T154157_064384_081B86_rtc,S1A_IW_GRDH_1SDV_20260505T154132_20260505T154157_064384_081B86_rtc,[1],1
1852,1,S1A_IW_GRDH_1SDV_20260505T154132_20260505T154157_064384_081B86_rtc,S1A_IW_GRDH_1SDV_20260505T154132_20260505T154157_064384_081B86_rtc,[1],1
1853,1,S1C_IW_GRDH_1SDV_20260506T153232_20260506T153257_007535_00F4CC_rtc,S1C_IW_GRDH_1SDV_20260506T153232_20260506T153257_007535_00F4CC_rtc,[1],1
1854,1,S1C_IW_GRDH_1SDV_20260506T153232_20260506T153257_007535_00F4CC_rtc,S1C_IW_GRDH_1SDV_20260506T153232_20260506T153257_007535_00F4CC_rtc,[1],1
1855,1,S1C_IW_GRDH_1SDV_20260506T153232_20260506T153257_007535_00F4CC_rtc,S1C_IW_GRDH_1SDV_20260506T153232_20260506T153257_007535_00F4CC_rtc,[1],1
1856,1,S1C_IW_GRDH_1SDV_20260506T153232_20260506T153257_007535_00F4CC_rtc,S1C_IW_GRDH_1SDV_20260506T153232_20260506T153257_007535_00F4CC_rtc,[1],1
1857,1,S1C_IW_GRDH_1SDV_20260506T153232_20260506T153257_007535_00F4CC_rtc,S1C_IW_GRDH_1SDV_20260506T153232_20260506T153257_007535_00F4CC_rtc,[1],1
1858,1,S1C_IW_GRDH_1SDV_20260506T153232_20260506T153257_007535_00F4CC_rtc,S1C_IW_GRDH_1SDV_20260506T153232_20260506T153257_007535_00F4CC_rtc,[1],1
1859,1,S1C_IW_GRDH_1SDV_20260506T153232_20260506T153257_007535_00F4CC_rtc,S1C_IW_GRDH_1SDV_20260506T153232_20260506T153257_007535_00F4CC_rtc,[1],1
1860,1,S1C_IW_GRDH_1SDV_20260506T153232_20260506T153257_007535_00F4CC_rtc,S1C_IW_GRDH_1SDV_20260506T153232_20260506T153257_007535_00F4CC_rtc,[2],1
1861,1,S1C_IW_GRDH_1SDV_20260506T153232_20260506T153257_007535_00F4CC_rtc,S1C_IW_GRDH_1SDV_20260506T153232_20260506T153257_007535_00F4CC_rtc,[2],1
1862,1,S1C_IW_GRDH_1SDV_20260506T153232_20260506T153257_007535_00F4CC_rtc,S1C_IW_GRDH_1SDV_20260506T153232_20260506T153257_007535_00F4CC_rtc,[1],1
1863,1,S1C_IW_GRDH_1SDV_20260506T153232_20260506T153257_007535_00F4CC_rtc,S1C_IW_GRDH_1SDV_20260506T153232_20260506T153257_007535_00F4CC_rtc,[1],1
1864,1,S1C_IW_GRDH_1SDV_20260506T153232_20260506T153257_007535_00F4CC_rtc,S1C_IW_GRDH_1SDV_20260506T153232_20260506T153257_007535_00F4CC_rtc,[1],1
1865,1,S1C_IW_GRDH_1SDV_20260506T153232_20260506T153257_007535_00F4CC_rtc,S1C_IW_GRDH_1SDV_20260506T153232_20260506T153257_007535_00F4CC_rtc,[1],1
1866,4,S1C_IW_GRDH_1SDV_20260506T153232_20260506T153257_007535_00F4CC_rtc,S1A_IW_GRDH_1SDV_20260512T153345_20260512T153410_064486_081F2C_rtc,[1],4
1867,5,S1C_IW_GRDH_1SDV_20260511T154056_20260511T154121_007608_00F73A_rtc,S1C_IW_GRDH_1SDV_20260518T153233_20260518T153258_007710_00FAB5_rtc,[1],5
1868,3,S1C_IW_GRDH_1SDV_20260511T154056_20260511T154121_007608_00F73A_rtc,S1D_IW_GRDH_1SDV_20260512T154106_20260512T154131_002753_004A5B_rtc,[1],3
1869,2,S1C_IW_GRDH_1SDV_20260511T154056_20260511T154121_007608_00F73A_rtc,S1A_IW_GRDH_1SDV_20260512T153345_20260512T153410_064486_081F2C_rtc,[1],2
1870,1,S1C_IW_GRDH_1SDV_20260511T154056_20260511T154121_007608_00F73A_rtc,S1C_IW_GRDH_1SDV_20260511T154056_20260511T154121_007608_00F73A_rtc,[1],1
1871,1,S1C_IW_GRDH_1SDV_20260511T154056_20260511T154121_007608_00F73A_rtc,S1C_IW_GRDH_1SDV_20260511T154056_20260511T154121_007608_00F73A_rtc,[1],1
1872,1,S1C_IW_GRDH_1SDV_20260511T154056_20260511T154121_007608_00F73A_rtc,S1C_IW_GRDH_1SDV_20260511T154056_20260511T154121_007608_00F73A_rtc,[2],1
1873,1,S1A_IW_GRDH_1SDV_20260512T153345_20260512T153410_064486_081F2C_rtc,S1A_IW_GRDH_1SDV_20260512T153345_20260512T153410_064486_081F2C_rtc,[1],1
1874,1,S1A_IW_GRDH_1SDV_20260512T153345_20260512T153410_064486_081F2C_rtc,S1A_IW_GRDH_1SDV_20260512T153345_20260512T153410_064486_081F2C_rtc,[1],1
1875,1,S1A_IW_GRDH_1SDV_20260512T153345_20260512T153410_064486_081F2C_rtc,S1A_IW_GRDH_1SDV_20260512T153345_20260512T153410_064486_081F2C_rtc,[1],1
1876,1,S1A_IW_GRDH_1SDV_20260512T153345_20260512T153410_064486_081F2C_rtc,S1A_IW_GRDH_1SDV_20260512T153345_20260512T153410_064486_081F2C_rtc,[1],1
1877,1,S1A_IW_GRDH_1SDV_20260512T153345_20260512T153410_064486_081F2C_rtc,S1A_IW_GRDH_1SDV_20260512T153345_20260512T153410_064486_081F2C_rtc,[1],1
1878,4,S1A_IW_GRDH_1SDV_20260512T153345_20260512T153410_064486_081F2C_rtc,S1D_IW_GRDH_1SDV_20260512T154106_20260512T154131_002753_004A5B_rtc,[1],4
1879,2,S1A_IW_GRDH_1SDV_20260517T154132_20260517T154157_064559_0821B3_rtc,S1C_IW_GRDH_1SDV_20260518T153233_20260518T153258_007710_00FAB5_rtc,[2],2
1880,2,S1A_IW_GRDH_1SDV_20260517T154132_20260517T154157_064559_0821B3_rtc,S1C_IW_GRDH_1SDV_20260518T153233_20260518T153258_007710_00FAB5_rtc,[2],2
1881,1,S1A_IW_GRDH_1SDV_20260517T154132_20260517T154157_064559_0821B3_rtc,S1A_IW_GRDH_1SDV_20260517T154132_20260517T154157_064559_0821B3_rtc,[2],1
1882,1,S1A_IW_GRDH_1SDV_20260517T154132_20260517T154157_064559_0821B3_rtc,S1A_IW_GRDH_1SDV_20260517T154132_20260517T154157_064559_0821B3_rtc,[2],1
1883,2,S1A_IW_GRDH_1SDV_20260517T154132_20260517T154157_064559_0821B3_rtc,S1C_IW_GRDH_1SDV_20260518T153233_20260518T153258_007710_00FAB5_rtc,[1],2
1884,4,S1A_IW_GRDH_1SDV_20260517T154132_20260517T154157_064559_0821B3_rtc,S1C_IW_GRDH_1SDV_20260518T153233_20260518T153258_007710_00FAB5_rtc,[1],4
1885,1,S1C_IW_GRDH_1SDV_20260518T153233_20260518T153258_007710_00FAB5_rtc,S1C_IW_GRDH_1SDV_20260518T153233_20260518T153258_007710_00FAB5_rtc,[1],1
1886,1,S1C_IW_GRDH_1SDV_20260518T153233_20260518T153258_007710_00FAB5_rtc,S1C_IW_GRDH_1SDV_20260518T153233_20260518T153258_007710_00FAB5_rtc,[1],1
1887,1,S1C_IW_GRDH_1SDV_20260518T153233_20260518T153258_007710_00FAB5_rtc,S1C_IW_GRDH_1SDV_20260518T153233_20260518T153258_007710_00FAB5_rtc,[1],1
1888,1,S1C_IW_GRDH_1SDV_20260518T153233_20260518T153258_007710_00FAB5_rtc,S1C_IW_GRDH_1SDV_20260518T153233_20260518T153258_007710_00FAB5_rtc,[1],1
1889,1,S1C_IW_GRDH_1SDV_20260518T153233_20260518T153258_007710_00FAB5_rtc,S1C_IW_GRDH_1SDV_20260518T153233_20260518T153258_007710_00FAB5_rtc,[1],1
1890,1,S1C_IW_GRDH_1SDV_20260518T153233_20260518T153258_007710_00FAB5_rtc,S1C_IW_GRDH_1SDV_20260518T153233_20260518T153258_007710_00FAB5_rtc,[1],1
1891,1,S1C_IW_GRDH_1SDV_20260518T153233_20260518T153258_007710_00FAB5_rtc,S1C_IW_GRDH_1SDV_20260518T153233_20260518T153258_007710_00FAB5_rtc,[1],1
1892,1,S1C_IW_GRDH_1SDV_20260518T153233_20260518T153258_007710_00FAB5_rtc,S1C_IW_GRDH_1SDV_20260518T153233_20260518T153258_007710_00FAB5_rtc,[1],1
1893,3,S1C_IW_GRDH_1SDV_20260604T154057_20260604T154122_007958_0102E8_rtc,S1D_IW_GRDH_1SDV_20260605T154107_20260605T154132_003103_0055FE_rtc,[1],3
1894,1,S1C_IW_GRDH_1SDV_20260604T154057_20260604T154122_007958_0102E8_rtc,S1C_IW_GRDH_1SDV_20260604T154057_20260604T154122_007958_0102E8_rtc,[1],1
1895,3,S1C_IW_GRDH_1SDV_20260604T154057_20260604T154122_007958_0102E8_rtc,S1D_IW_GRDH_1SDV_20260605T154107_20260605T154132_003103_0055FE_rtc,[1],3
1896,3,S1C_IW_GRDH_1SDV_20260604T154057_20260604T154122_007958_0102E8_rtc,S1D_IW_GRDH_1SDV_20260605T154107_20260605T154132_003103_0055FE_rtc,[2],3
1897,7,S1C_IW_GRDH_1SDV_20260604T154057_20260604T154122_007958_0102E8_rtc,S1D_IW_GRDH_1SDV_20260617T154108_20260617T154133_003278_005BC1_rtc,[2],7
1898,1,S1C_IW_GRDH_1SDV_20260604T154057_20260604T154122_007958_0102E8_rtc,S1C_IW_GRDH_1SDV_20260604T154057_20260604T154122_007958_0102E8_rtc,[2],1
1899,3,S1C_IW_GRDH_1SDV_20260604T154057_20260604T154122_007958_0102E8_rtc,S1D_IW_GRDH_1SDV_20260605T154107_20260605T154132_003103_0055FE_rtc,[2],3
1900,3,S1C_IW_GRDH_1SDV_20260604T154057_20260604T154122_007958_0102E8_rtc,S1D_IW_GRDH_1SDV_20260605T154107_20260605T154132_003103_0055FE_rtc,[2],3
1901,16,S1C_IW_GRDH_1SDV_20260604T154057_20260604T154122_007958_0102E8_rtc,S1A_IW_GRDH_1SDV_20260617T153344_20260617T153409_065011_083183_rtc,[2],16
1902,1,S1C_IW_GRDH_1SDV_20260604T154057_20260604T154122_007958_0102E8_rtc,S1C_IW_GRDH_1SDV_20260604T154057_20260604T154122_007958_0102E8_rtc,[1],1
1903,6,S1C_IW_GRDH_1SDV_20260604T154057_20260604T154122_007958_0102E8_rtc,S1D_IW_GRDH_1SDV_20260617T154108_20260617T154133_003278_005BC1_rtc,[1],6
1904,3,S1C_IW_GRDH_1SDV_20260604T154057_20260604T154122_007958_0102E8_rtc,S1D_IW_GRDH_1SDV_20260605T154107_20260605T154132_003103_0055FE_rtc,[0],3
1905,3,S1C_IW_GRDH_1SDV_20260604T154057_20260604T154122_007958_0102E8_rtc,S1D_IW_GRDH_1SDV_20260605T154107_20260605T154132_003103_0055FE_rtc,[0],3
1906,13,S1C_IW_GRDH_1SDV_20260604T154057_20260604T154122_007958_0102E8_rtc,S1D_IW_GRDH_1SDV_20260617T154108_20260617T154133_003278_005BC1_rtc,[1],13
1907,2,S1A_IW_GRDH_1SDV_20260605T153344_20260605T153409_064836_082B70_rtc,S1D_IW_GRDH_1SDV_20260605T154107_20260605T154132_003103_0055FE_rtc,[1],2
1908,3,S1A_IW_GRDH_1SDV_20260605T153344_20260605T153409_064836_082B70_rtc,S1D_IW_GRDH_1SDV_20260605T154107_20260605T154132_003103_0055FE_rtc,[1],3
1909,2,S1A_IW_GRDH_1SDV_20260605T153344_20260605T153409_064836_082B70_rtc,S1D_IW_GRDH_1SDV_20260605T154107_20260605T154132_003103_0055FE_rtc,[1],2
1910,2,S1A_IW_GRDH_1SDV_20260605T153344_20260605T153409_064836_082B70_rtc,S1D_IW_GRDH_1SDV_20260605T154107_20260605T154132_003103_0055FE_rtc,[1],2
1911,3,S1A_IW_GRDH_1SDV_20260605T153344_20260605T153409_064836_082B70_rtc,S1D_IW_GRDH_1SDV_20260605T154107_20260605T154132_003103_0055FE_rtc,[1],3
1912,5,S1A_IW_GRDH_1SDV_20260605T153344_20260605T153409_064836_082B70_rtc,S1D_IW_GRDH_1SDV_20260617T154108_20260617T154133_003278_005BC1_rtc,[1],5
1913,2,S1A_IW_GRDH_1SDV_20260605T153344_20260605T153409_064836_082B70_rtc,S1D_IW_GRDH_1SDV_20260605T154107_20260605T154132_003103_0055FE_rtc,[2],2
1914,2,S1A_IW_GRDH_1SDV_20260605T153344_20260605T153409_064836_082B70_rtc,S1D_IW_GRDH_1SDV_20260605T154107_20260605T154132_003103_0055FE_rtc,[2],2
1915,2,S1A_IW_GRDH_1SDV_20260605T153344_20260605T153409_064836_082B70_rtc,S1D_IW_GRDH_1SDV_20260605T154107_20260605T154132_003103_0055FE_rtc,[2],2
1916,7,S1A_IW_GRDH_1SDV_20260605T153344_20260605T153409_064836_082B70_rtc,S1A_IW_GRDH_1SDV_20260617T153344_20260617T153409_065011_083183_rtc,[2],7
1917,2,S1A_IW_GRDH_1SDV_20260605T153344_20260605T153409_064836_082B70_rtc,S1D_IW_GRDH_1SDV_20260605T154107_20260605T154132_003103_0055FE_rtc,[2],2
1918,4,S1A_IW_GRDH_1SDV_20260605T153344_20260605T153409_064836_082B70_rtc,S1D_IW_GRDH_1SDV_20260605T154107_20260605T154132_003103_0055FE_rtc,[2],4
1919,1,S1A_IW_GRDH_1SDV_20260610T154131_20260610T154156_064909_082DF5_rtc,S1A_IW_GRDH_1SDV_20260610T154131_20260610T154156_064909_082DF5_rtc,[1],1
1920,1,S1A_IW_GRDH_1SDV_20260610T154131_20260610T154156_064909_082DF5_rtc,S1A_IW_GRDH_1SDV_20260610T154131_20260610T154156_064909_082DF5_rtc,[1],1
1921,1,S1A_IW_GRDH_1SDV_20260610T154131_20260610T154156_064909_082DF5_rtc,S1A_IW_GRDH_1SDV_20260610T154131_20260610T154156_064909_082DF5_rtc,[1],1
1922,1,S1A_IW_GRDH_1SDV_20260617T153344_20260617T153409_065011_083183_rtc,S1A_IW_GRDH_1SDV_20260617T153344_20260617T153409_065011_083183_rtc,[1],1
1923,2,S1A_IW_GRDH_1SDV_20260617T153344_20260617T153409_065011_083183_rtc,S1D_IW_GRDH_1SDV_20260617T154108_20260617T154133_003278_005BC1_rtc,[1],2
1924,2,S1A_IW_GRDH_1SDV_20260617T153344_20260617T153409_065011_083183_rtc,S1D_IW_GRDH_1SDV_20260617T154108_20260617T154133_003278_005BC1_rtc,[1],2
1925,2,S1A_IW_GRDH_1SDV_20260617T153344_20260617T153409_065011_083183_rtc,S1D_IW_GRDH_1SDV_20260617T154108_20260617T154133_003278_005BC1_rtc,[1],2
1926,2,S1A_IW_GRDH_1SDV_20260617T153344_20260617T153409_065011_083183_rtc,S1D_IW_GRDH_1SDV_20260617T154108_20260617T154133_003278_005BC1_rtc,[1],2
1927,2,S1A_IW_GRDH_1SDV_20260617T153344_20260617T153409_065011_083183_rtc,S1D_IW_GRDH_1SDV_20260617T154108_20260617T154133_003278_005BC1_rtc,[1],2
1928,1,S1A_IW_GRDH_1SDV_20260617T153344_20260617T153409_065011_083183_rtc,S1A_IW_GRDH_1SDV_20260617T153344_20260617T153409_065011_083183_rtc,[2],1
1929,1,S1A_IW_GRDH_1SDV_20260617T153344_20260617T153409_065011_083183_rtc,S1A_IW_GRDH_1SDV_20260617T153344_20260617T153409_065011_083183_rtc,[2],1
1930,1,S1A_IW_GRDH_1SDV_20260617T153344_20260617T153409_065011_083183_rtc,S1A_IW_GRDH_1SDV_20260617T153344_20260617T153409_065011_083183_rtc,[2],1
1931,1,S1A_IW_GRDH_1SDV_20260617T153344_20260617T153409_065011_083183_rtc,S1A_IW_GRDH_1SDV_20260617T153344_20260617T153409_065011_083183_rtc,[2],1
1932,1,S1A_IW_GRDH_1SDV_20260617T153344_20260617T153409_065011_083183_rtc,S1A_IW_GRDH_1SDV_20260617T153344_20260617T153409_065011_083183_rtc,[2],1
1933,4,S1A_IW_GRDH_1SDV_20260617T153344_20260617T153409_065011_083183_rtc,S1D_IW_GRDH_1SDV_20260617T154108_20260617T154133_003278_005BC1_rtc,"[1, 2]",4
1934,1,S1D_IW_GRDH_1SDV_20260617T154108_20260617T154133_003278_005BC1_rtc,S1D_IW_GRDH_1SDV_20260617T154108_20260617T154133_003278_005BC1_rtc,[1],1
1935,4,S1D_IW_GRDH_1SDV_20260706T153246_20260706T153311_003555_006504_rtc,S1D_IW_GRDH_1SDV_20260718T153247_20260718T153312_003730_006AF7_rtc,[1],4
1936,6,S1D_IW_GRDH_1SDV_20260706T153246_20260706T153311_003555_006504_rtc,S1D_IW_GRDH_1SDV_20260718T153247_20260718T153312_003730_006AF7_rtc,[1],6
1937,2,S1D_IW_GRDH_1SDV_20260706T153246_20260706T153311_003555_006504_rtc,S1C_IW_GRDH_1SDV_20260712T153234_20260712T153259_008512_010DA0_rtc,[1],2
1938,1,S1D_IW_GRDH_1SDV_20260706T153246_20260706T153311_003555_006504_rtc,S1D_IW_GRDH_1SDV_20260706T153246_20260706T153311_003555_006504_rtc,[1],1
1939,1,S1D_IW_GRDH_1SDV_20260706T153246_20260706T153311_003555_006504_rtc,S1D_IW_GRDH_1SDV_20260706T153246_20260706T153311_003555_006504_rtc,[1],1
1940,6,S1D_IW_GRDH_1SDV_20260706T153246_20260706T153311_003555_006504_rtc,S1C_IW_GRDH_1SDV_20260717T154057_20260717T154122_008585_011006_rtc,"[1, 2]",6
1941,4,S1D_IW_GRDH_1SDV_20260706T153246_20260706T153311_003555_006504_rtc,S1D_IW_GRDH_1SDV_20260718T153247_20260718T153312_003730_006AF7_rtc,[2],4
1942,1,S1D_IW_GRDH_1SDV_20260706T153246_20260706T153311_003555_006504_rtc,S1D_IW_GRDH_1SDV_20260706T153246_20260706T153311_003555_006504_rtc,[1],1
1943,1,S1D_IW_GRDH_1SDV_20260706T153246_20260706T153311_003555_006504_rtc,S1D_IW_GRDH_1SDV_20260706T153246_20260706T153311_003555_006504_rtc,[1],1
1944,4,S1D_IW_GRDH_1SDV_20260706T153246_20260706T153311_003555_006504_rtc,S1D_IW_GRDH_1SDV_20260718T153247_20260718T153312_003730_006AF7_rtc,[1],4
1945,2,S1D_IW_GRDH_1SDV_20260706T153246_20260706T153311_003555_006504_rtc,S1C_IW_GRDH_1SDV_20260712T153234_20260712T153259_008512_010DA0_rtc,[0],2
1946,2,S1D_IW_GRDH_1SDV_20260706T153246_20260706T153311_003555_006504_rtc,S1C_IW_GRDH_1SDV_20260712T153234_20260712T153259_008512_010DA0_rtc,[0],2
1947,10,S1D_IW_GRDH_1SDV_20260706T153246_20260706T153311_003555_006504_rtc,S1D_IW_GRDH_1SDV_20260718T153247_20260718T153312_003730_006AF7_rtc,[2],10
1948,3,S1D_IW_GRDH_1SDV_20260706T153246_20260706T153311_003555_006504_rtc,S1C_IW_GRDH_1SDV_20260712T153234_20260712T153259_008512_010DA0_rtc,[2],3
1949,2,S1D_IW_GRDH_1SDV_20260706T153246_20260706T153311_003555_006504_rtc,S1C_IW_GRDH_1SDV_20260712T153234_20260712T153259_008512_010DA0_rtc,[2],2
1950,7,S1D_IW_GRDH_1SDV_20260706T153246_20260706T153311_003555_006504_rtc,S1D_IW_GRDH_1SDV_20260718T153247_20260718T153312_003730_006AF7_rtc,[1],7
1951,4,S1D_IW_GRDH_1SDV_20260706T153246_20260706T153311_003555_006504_rtc,S1D_IW_GRDH_1SDV_20260718T153247_20260718T153312_003730_006AF7_rtc,[1],4
1952,1,S1D_IW_GRDH_1SDV_20260706T153246_20260706T153311_003555_006504_rtc,S1D_IW_GRDH_1SDV_20260706T153246_20260706T153311_003555_006504_rtc,[1],1
1953,1,S1D_IW_GRDH_1SDV_20260706T153246_20260706T153311_003555_006504_rtc,S1D_IW_GRDH_1SDV_20260706T153246_20260706T153311_003555_006504_rtc,[2],1
1954,11,S1D_IW_GRDH_1SDV_20260706T153246_20260706T153311_003555_006504_rtc,S1D_IW_GRDH_1SDV_20260718T153247_20260718T153312_003730_006AF7_rtc,[2],11
1955,2,S1D_IW_GRDH_1SDV_20260706T153246_20260706T153311_003555_006504_rtc,S1C_IW_GRDH_1SDV_20260712T153234_20260712T153259_008512_010DA0_rtc,[2],2
1956,4,S1D_IW_GRDH_1SDV_20260706T153246_20260706T153311_003555_006504_rtc,S1D_IW_GRDH_1SDV_20260718T153247_20260718T153312_003730_006AF7_rtc,[1],4
1957,2,S1D_IW_GRDH_1SDV_20260706T153246_20260706T153311_003555_006504_rtc,S1C_IW_GRDH_1SDV_20260712T153234_20260712T153259_008512_010DA0_rtc,[2],2
1958,1,S1D_IW_GRDH_1SDV_20260706T153246_20260706T153311_003555_006504_rtc,S1D_IW_GRDH_1SDV_20260706T153246_20260706T153311_003555_006504_rtc,[2],1
1959,1,S1D_IW_GRDH_1SDV_20260706T153246_20260706T153311_003555_006504_rtc,S1D_IW_GRDH_1SDV_20260706T153246_20260706T153311_003555_006504_rtc,[2],1
1960,7,S1D_IW_GRDH_1SDV_20260706T153246_20260706T153311_003555_006504_rtc,S1D_IW_GRDH_1SDV_20260718T153247_20260718T153312_003730_006AF7_rtc,[2],7
1961,1,S1D_IW_GRDH_1SDV_20260706T153246_20260706T153311_003555_006504_rtc,S1D_IW_GRDH_1SDV_20260706T153246_20260706T153311_003555_006504_rtc,[2],1
1962,9,S1D_IW_GRDH_1SDV_20260706T153246_20260706T153311_003555_006504_rtc,S1D_IW_GRDH_1SDV_20260718T153247_20260718T153312_003730_006AF7_rtc,[2],9
1963,8,S1D_IW_GRDH_1SDV_20260706T153246_20260706T153311_003555_006504_rtc,S1D_IW_GRDH_1SDV_20260718T153247_20260718T153312_003730_006AF7_rtc,[1],8
1964,3,S1C_IW_GRDH_1SDV_20260712T153234_20260712T153259_008512_010DA0_rtc,S1D_IW_GRDH_1SDV_20260718T153247_20260718T153312_003730_006AF7_rtc,[1],3
1965,4,S1C_IW_GRDH_1SDV_20260712T153234_20260712T153259_008512_010DA0_rtc,S1D_IW_GRDH_1SDV_20260718T153247_20260718T153312_003730_006AF7_rtc,[1],4
1966,1,S1C_IW_GRDH_1SDV_20260717T154057_20260717T154122_008585_011006_rtc,S1C_IW_GRDH_1SDV_20260717T154057_20260717T154122_008585_011006_rtc,[1],1
1967,2,S1C_IW_GRDH_1SDV_20260717T154057_20260717T154122_008585_011006_rtc,S1D_IW_GRDH_1SDV_20260718T153247_20260718T153312_003730_006AF7_rtc,[1],2
1968,2,S1C_IW_GRDH_1SDV_20260717T154057_20260717T154122_008585_011006_rtc,S1D_IW_GRDH_1SDV_20260718T153247_20260718T153312_003730_006AF7_rtc,[1],2
1969,2,S1C_IW_GRDH_1SDV_20260717T154057_20260717T154122_008585_011006_rtc,S1D_IW_GRDH_1SDV_20260718T153247_20260718T153312_003730_006AF7_rtc,[1],2
1970,1,S1D_IW_GRDH_1SDV_20260718T153247_20260718T153312_003730_006AF7_rtc,S1D_IW_GRDH_1SDV_20260718T153247_20260718T153312_003730_006AF7_rtc,[1],1
1971,1,S1D_IW_GRDH_1SDV_20260718T153247_20260718T153312_003730_006AF7_rtc,S1D_IW_GRDH_1SDV_20260718T153247_20260718T153312_003730_006AF7_rtc,[1],1
1972,3,S1D_IW_GRDH_1SDV_20260805T034238_20260805T034303_003985_0073C9_rtc,S1C_IW_GRDH_1SDV_20260806T033410_20260806T033435_008869_01197D_rtc,[1],3
1973,1,S1D_IW_GRDH_1SDV_20260805T034238_20260805T034303_003985_0073C9_rtc,S1D_IW_GRDH_1SDV_20260805T034238_20260805T034303_003985_0073C9_rtc,[2],1
1974,2,S1D_IW_GRDH_1SDV_20260805T034238_20260805T034303_003985_0073C9_rtc,S1C_IW_GRDH_1SDV_20260805T153235_20260805T153300_008862_011943_rtc,[2],2
1975,3,S1D_IW_GRDH_1SDV_20260805T034238_20260805T034303_003985_0073C9_rtc,S1C_IW_GRDH_1SDV_20260806T033410_20260806T033435_008869_01197D_rtc,[1],3
1976,1,S1D_IW_GRDH_1SDV_20260805T034238_20260805T034303_003985_0073C9_rtc,S1D_IW_GRDH_1SDV_20260805T034238_20260805T034303_003985_0073C9_rtc,[1],1
1977,2,S1D_IW_GRDH_1SDV_20260805T034238_20260805T034303_003985_0073C9_rtc,S1C_IW_GRDH_1SDV_20260805T153235_20260805T153300_008862_011943_rtc,[1],2
1978,2,S1D_IW_GRDH_1SDV_20260805T034238_20260805T034303_003985_0073C9_rtc,S1C_IW_GRDH_1SDV_20260805T153235_20260805T153300_008862_011943_rtc,[1],2
1979,2,S1D_IW_GRDH_1SDV_20260805T034238_20260805T034303_003985_0073C9_rtc,S1C_IW_GRDH_1SDV_20260805T153235_20260805T153300_008862_011943_rtc,[1],2
1980,2,S1D_IW_GRDH_1SDV_20260805T034238_20260805T034303_003985_0073C9_rtc,S1C_IW_GRDH_1SDV_20260805T153235_20260805T153300_008862_011943_rtc,[1],2
1981,1,S1D_IW_GRDH_1SDV_20260805T034238_20260805T034303_003985_0073C9_rtc,S1D_IW_GRDH_1SDV_20260805T034238_20260805T034303_003985_0073C9_rtc,[0],1
1982,3,S1D_IW_GRDH_1SDV_20260805T034238_20260805T034303_003985_0073C9_rtc,S1C_IW_GRDH_1SDV_20260806T033410_20260806T033435_008869_01197D_rtc,[0],3
1983,2,S1D_IW_GRDH_1SDV_20260805T034238_20260805T034303_003985_0073C9_rtc,S1C_IW_GRDH_1SDV_20260805T153235_20260805T153300_008862_011943_rtc,[2],2
1984,2,S1D_IW_GRDH_1SDV_20260805T034238_20260805T034303_003985_0073C9_rtc,S1C_IW_GRDH_1SDV_20260805T153235_20260805T153300_008862_011943_rtc,[2],2
1985,2,S1D_IW_GRDH_1SDV_20260805T034238_20260805T034303_003985_0073C9_rtc,S1C_IW_GRDH_1SDV_20260805T153235_20260805T153300_008862_011943_rtc,[2],2
1986,2,S1D_IW_GRDH_1SDV_20260805T034238_20260805T034303_003985_0073C9_rtc,S1C_IW_GRDH_1SDV_20260805T153235_20260805T153300_008862_011943_rtc,[2],2
1987,1,S1D_IW_GRDH_1SDV_20260805T034238_20260805T034303_003985_0073C9_rtc,S1D_IW_GRDH_1SDV_20260805T034238_20260805T034303_003985_0073C9_rtc,[2],1
1988,2,S1D_IW_GRDH_1SDV_20260805T034238_20260805T034303_003985_0073C9_rtc,S1C_IW_GRDH_1SDV_20260805T153235_20260805T153300_008862_011943_rtc,[2],2
1989,2,S1D_IW_GRDH_1SDV_20260805T034238_20260805T034303_003985_0073C9_rtc,S1C_IW_GRDH_1SDV_20260805T153235_20260805T153300_008862_011943_rtc,[2],2
1990,2,S1D_IW_GRDH_1SDV_20260805T034238_20260805T034303_003985_0073C9_rtc,S1C_IW_GRDH_1SDV_20260805T153235_20260805T153300_008862_011943_rtc,[2],2
1991,2,S1D_IW_GRDH_1SDV_20260805T034238_20260805T034303_003985_0073C9_rtc,S1C_IW_GRDH_1SDV_20260805T153235_20260805T153300_008862_011943_rtc,[2],2
1992,2,S1D_IW_GRDH_1SDV_20260805T034238_20260805T034303_003985_0073C9_rtc,S1C_IW_GRDH_1SDV_20260805T153235_20260805T153300_008862_011943_rtc,[2],2
1993,1,S1D_IW_GRDH_1SDV_20260805T034238_20260805T034303_003985_0073C9_rtc,S1D_IW_GRDH_1SDV_20260805T034238_20260805T034303_003985_0073C9_rtc,[2],1
1994,2,S1D_IW_GRDH_1SDV_20260805T034238_20260805T034303_003985_0073C9_rtc,S1C_IW_GRDH_1SDV_20260805T153235_20260805T153300_008862_011943_rtc,[2],2
1995,1,S1D_IW_GRDH_1SDV_20260805T034238_20260805T034303_003985_0073C9_rtc,S1D_IW_GRDH_1SDV_20260805T034238_20260805T034303_003985_0073C9_rtc,[2],1
1996,2,S1D_IW_GRDH_1SDV_20260805T034238_20260805T034303_003985_0073C9_rtc,S1C_IW_GRDH_1SDV_20260805T153235_20260805T153300_008862_011943_rtc,[1],2
1997,5,S1D_IW_GRDH_1SDV_20260805T034238_20260805T034303_003985_0073C9_rtc,S1C_IW_GRDH_1SDV_20260806T033410_20260806T033435_008869_01197D_rtc,[1],5
1998,1,S1D_IW_GRDH_1SDV_20260805T034238_20260805T034303_003985_0073C9_rtc,S1D_IW_GRDH_1SDV_20260805T034238_20260805T034303_003985_0073C9_rtc,[1],1
1999,3,S1D_IW_GRDH_1SDV_20260805T034238_20260805T034303_003985_0073C9_rtc,S1C_IW_GRDH_1SDV_20260806T033410_20260806T033435_008869_01197D_rtc,[1],3
2000,4,S1D_IW_GRDH_1SDV_20260805T034238_20260805T034303_003985_0073C9_rtc,S1C_IW_GRDH_1SDV_20260806T033410_20260806T033435_008869_01197D_rtc,[1],4
2001,1,S1D_IW_GRDH_1SDV_20260805T034238_20260805T034303_003985_0073C9_rtc,S1D_IW_GRDH_1SDV_20260805T034238_20260805T034303_003985_0073C9_rtc,[1],1
2002,2,S1D_IW_GRDH_1SDV_20260805T034238_20260805T034303_003985_0073C9_rtc,S1C_IW_GRDH_1SDV_20260805T153235_20260805T153300_008862_011943_rtc,[2],2
2003,2,S1D_IW_GRDH_1SDV_20260805T034238_20260805T034303_003985_0073C9_rtc,S1C_IW_GRDH_1SDV_20260805T153235_20260805T153300_008862_011943_rtc,[2],2
2004,1,S1D_IW_GRDH_1SDV_20260805T034238_20260805T034303_003985_0073C9_rtc,S1D_IW_GRDH_1SDV_20260805T034238_20260805T034303_003985_0073C9_rtc,[2],1
2005,2,S1D_IW_GRDH_1SDV_20260805T034238_20260805T034303_003985_0073C9_rtc,S1C_IW_GRDH_1SDV_20260805T153235_20260805T153300_008862_011943_rtc,[2],2
2006,1,S1D_IW_GRDH_1SDV_20260805T034238_20260805T034303_003985_0073C9_rtc,S1D_IW_GRDH_1SDV_20260805T034238_20260805T034303_003985_0073C9_rtc,[2],1
2007,1,S1D_IW_GRDH_1SDV_20260805T034238_20260805T034303_003985_0073C9_rtc,S1D_IW_GRDH_1SDV_20260805T034238_20260805T034303_003985_0073C9_rtc,[2],1
2008,2,S1D_IW_GRDH_1SDV_20260805T034238_20260805T034303_003985_0073C9_rtc,S1C_IW_GRDH_1SDV_20260805T153235_20260805T153300_008862_011943_rtc,[2],2
2009,2,S1D_IW_GRDH_1SDV_20260805T034238_20260805T034303_003985_0073C9_rtc,S1C_IW_GRDH_1SDV_20260805T153235_20260805T153300_008862_011943_rtc,[1],2
2010,4,S1D_IW_GRDH_1SDV_20260805T034238_20260805T034303_003985_0073C9_rtc,S1C_IW_GRDH_1SDV_20260806T033410_20260806T033435_008869_01197D_rtc,[2],4
2011,3,S1D_IW_GRDH_1SDV_20260805T034238_20260805T034303_003985_0073C9_rtc,S1C_IW_GRDH_1SDV_20260805T153235_20260805T153300_008862_011943_rtc,[2],3
2012,3,S1D_IW_GRDH_1SDV_20260805T034238_20260805T034303_003985_0073C9_rtc,S1C_IW_GRDH_1SDV_20260805T153235_20260805T153300_008862_011943_rtc,[1],3
2013,1,S1C_IW_GRDH_1SDV_20260806T033410_20260806T033435_008869_01197D_rtc,S1C_IW_GRDH_1SDV_20260806T033410_20260806T033435_008869_01197D_rtc,[1],1
